id,arquivo,legenda,origem
ex_l1_01,info/ex_l1_01.jpg,"Todo número tem uma pessoa do outro lado da planilha. Por trás de cada dívida, de cada processo e de cada parcela tem alguém com rotina, família e um negócio. Lembrar disso muda o jeito de conversar e de decidir.

Leonardo Rezende
Especialista em dívidas empresariais

#dividasempresariais #atendimentohumanizado #negociacaodedividas #gestaodepassivos #direitobancario",existente
ex_l1_02,info/ex_l1_02.jpg,"O dinheiro é consequência de fazer bem feito. Primeiro vêm o trabalho cuidadoso, o prazo cumprido e o cliente bem atendido. O resultado financeiro costuma chegar depois, como efeito disso.

Leonardo Rezende
Especialista em dívidas empresariais

#atendimentoaocliente #boaspraticas #advocacia #empresarios #gestaodepassivos",existente
ex_l1_03,info/ex_l1_03.jpg,"Coisas simples que demorei para aprender sobre trabalho bem feito: conferir duas vezes, avisar antes de ser cobrado, escrever claro e cumprir o que foi combinado. Nada sofisticado, mas faz toda a diferença.

Leonardo Rezende
Especialista em dívidas empresariais

#trabalhobemfeito #rotinadeescritorio #advocacia #empresarios #compromisso",existente
ex_l1_04,info/ex_l1_04.jpg,"No meio de tanta gente igual, o que se destaca é a constância. Aparecer todo dia, mesmo sem brilho, vale mais do que um dia perfeito seguido de semanas de silêncio.

Leonardo Rezende
Especialista em dívidas empresariais

#constancia #marketingjuridico #conteudoparaempresarios #advocacia #empresarios",existente
ex_l1_05,info/ex_l1_05.jpg,"Pressa não constrói carreira. O que constrói é método, estudo e paciência para fazer o básico bem feito, todos os dias. Com calma a gente chega mais longe e erra menos.

Leonardo Rezende
Especialista em dívidas empresariais

#carreirajuridica #metodo #advocacia #empreendedorismo #produtividade",existente
ex_l1_06,info/ex_l1_06.jpg,"Não adie o que dá para fazer hoje, porque o resto cobra juros. Pendência pequena vira problema grande quando fica parada. Resolva cedo e durma melhor.

Leonardo Rezende
Especialista em dívidas empresariais

#dividasempresariais #pendencias #gestaodepassivos #empresarios #financasempresariais",existente
ex_l1_07,info/ex_l1_07.jpg,"Na hora de negociar, um bom acordo não é o mais barato, é o que encerra o problema. Olhe o prazo, as condições e o que fica resolvido de verdade, não só o valor da parcela.

Leonardo Rezende
Especialista em dívidas empresariais

#negociacaodedividas #acordoempresarial #dividasempresariais #financasempresariais #direitoempresarial",existente
ex_l1_08,info/ex_l1_08.jpg,"Quase todo mundo fala, pouca gente escuta. Quem escuta primeiro entende melhor o problema, propõe soluções mais certeiras e conquista a confiança de quem está do outro lado.

Leonardo Rezende
Especialista em dívidas empresariais

#escutaativa #relacionamentocomcliente #advocacia #empresarios #comunicacao",existente
ex_l1_09,info/ex_l1_09.jpg,"Todo dia tem as mesmas 24 horas. O que muda é o que a gente faz com cada uma delas. Planejar o dia, priorizar o que importa e descansar também faz parte da conta.

Leonardo Rezende
Especialista em dívidas empresariais

#gestaodotempo #produtividade #rotina #advocacia #empresarios",existente
ex_l1_10,info/ex_l1_10.jpg,"O que ninguém enfrenta cresce em silêncio até virar conta. Dívida, prazo, conversa difícil: quanto mais cedo a gente olha para o problema, mais opções existem para resolver.

Leonardo Rezende
Especialista em dívidas empresariais

#dividas #planejamentofinanceiro #gestaodepassivos #direitoempresarial #educacaofinanceira",existente
ex_l1_11,info/ex_l1_11.jpg,"Quanto tempo você deixa no celular todo dia? Sem julgamento, eu também. Vale olhar quanto desse tempo poderia virar estudo, descanso ou trabalho que importa.

Leonardo Rezende
Especialista em dívidas empresariais

#produtividade #foco #rotina #empresarios #advocacia",existente
ex_l1_12,info/ex_l1_12.jpg,"Problema adiado não desaparece, só cresce. Juros, multas e prazos correm mesmo quando a gente não está olhando. Enfrentar cedo costuma custar bem menos.

Leonardo Rezende
Especialista em dívidas empresariais

#dividasempresariais #jurosemultas #gestaodepassivos #financasempresariais #empresarios",existente
ex_l1_13,info/ex_l1_13.jpg,"Resolver o problema cedo sai bem mais barato. Em dívida, em contrato, em processo e na vida. Quanto antes a gente olha, mais caminhos ficam abertos.

Leonardo Rezende
Especialista em dívidas empresariais

#resolvercedo #dividasempresariais #gestaodepassivos #negociacaodedividas #empreendedorismo",existente
ex_l1_14,info/ex_l1_14.jpg,"6 hábitos para ter mais constância no trabalho: fazer o básico bem feito, entregar antes de ser cobrado, assumir o erro rápido, estudar um pouco todo dia, pedir ajuda quando precisar e saber a hora de desligar.

Leonardo Rezende
Especialista em dívidas empresariais

#habitos #constancia #produtividade #carreira #advocacia",existente
ex_l1_15,info/ex_l1_15.jpg,"Faça bem feito até o que ninguém está olhando. É nos detalhes que ninguém confere que a gente mostra quem é e constrói a reputação que fica.

Leonardo Rezende
Especialista em dívidas empresariais

#reputacao #etica #trabalhobemfeito #advocacia #empresarios",existente
ex_l2_01,info/ex_l2_01.jpg,"Nem todo processo pesa igual. A classificação em risco provável, possível ou remoto ajuda a organizar o que se provisiona e o que se divulga. Qual dessas costuma gerar mais dúvida por aí?

Leonardo Rezende
Especialista em dívidas empresariais

#riscoprocessual #provisionamento #contingenciajudicial #advogadoempresarial #gestaoempresarial",existente
ex_l2_02,info/ex_l2_02.jpg,"Provisionar não é confessar. É uma estimativa feita com prudência, olhando para o futuro. Eu mesmo já ouvi esse mito mais de uma vez.

Leonardo Rezende
Especialista em dívidas empresariais

#provisionamento #gestaodepassivos #contingencias #financasempresariais #advocacia",existente
ex_l2_03,info/ex_l2_03.jpg,"Contrato, extrato, registro de atendimento. O que a gente guarda com cuidado hoje vira defesa amanhã. Organização é uma forma de respeito com o cliente e com o processo.

Leonardo Rezende
Especialista em dívidas empresariais

#organizacaodedocumentos #provas #contratos #advocacia #gestaodepassivos",existente
ex_l2_04,info/ex_l2_04.jpg,"Antes de recorrer, eu faço três perguntas simples: qual a chance real, quanto custa e quanto tempo leva, e se existe um caminho melhor. Nem sempre a resposta é recorrer.

Leonardo Rezende
Especialista em dívidas empresariais

#recurso #estrategiaprocessual #processocivil #gestaodepassivos #direitobancario",existente
ex_l2_05,info/ex_l2_05.jpg,"Cinco anos é o prazo máximo do plano de pagamento previsto na Lei do Superendividamento, sempre preservando o mínimo existencial. Pagar com dignidade também é gestão.

Leonardo Rezende
Especialista em dívidas empresariais

#superendividamento #minimoexistencial #lei14181 #direitodoconsumidor #advocacia",existente
ex_l2_06,info/ex_l2_06.jpg,"Quando um número foge da curva, eu primeiro faço uma pergunta, em vez de sair correndo. Quase sempre existe uma história por trás daquela célula vermelha da planilha.

Leonardo Rezende
Especialista em dívidas empresariais

#analisededados #controlefinanceiro #financasempresariais #gestaodepassivos #empresarios",existente
ex_l2_07,info/ex_l2_07.jpg,"O que a gente aprende na carteira do cliente fica na carteira. Sigilo é dever da advocacia e a base da confiança de quem nos contrata.

Leonardo Rezende
Especialista em dívidas empresariais

#sigiloprofissional #eticaadvocaticia #confianca #advocacia #empresarios",existente
ex_l2_08,info/ex_l2_08.jpg,"Recorrer é decisão de chance, custo e tempo, não de hábito. Eu prefiro conversar com o time antes de decidir.

Leonardo Rezende
Especialista em dívidas empresariais

#recursos #estrategiaprocessual #processocivil #advocacia #gestaodepassivos",existente
ex_l2_09,info/ex_l2_09.jpg,"Pela Súmula 382 do STJ, juros acima de 12% ao ano, sozinhos, não indicam que o contrato é abusivo. Cada contrato tem o seu contexto, e é nele que a análise acontece.

Leonardo Rezende
Especialista em dívidas empresariais

#sumula382 #jurosbancarios #direitobancario #stj #dividasempresariais",existente
ex_l2_10,info/ex_l2_10.jpg,"Quem entende o que está acontecendo tende a brigar menos e a confiar mais. Falar simples é um jeito de cuidar de quem está do outro lado.

Leonardo Rezende
Especialista em dívidas empresariais

#linguagemsimples #direitosemjuridiques #atendimentoaocliente #financasempresariais #dividasempresariais",existente
ex_l2_11,info/ex_l2_11.jpg,"Antes de uma audiência, eu releio o contrato e o histórico, alinho o que pode ser proposto e chego com calma. A tranquilidade aparece.

Leonardo Rezende
Especialista em dívidas empresariais

#audiencia #preparacao #processocivil #advocacia #negociacao",existente
ex_l2_12,info/ex_l2_12.jpg,"Desde o CPC de 2015, prazo contado em dias considera só os dias úteis. Mesmo assim, conferir a intimação e o calendário continua sendo a regra de ouro. Já perdi o sono por menos.

Leonardo Rezende
Especialista em dívidas empresariais

#prazosprocessuais #cpc2015 #processocivil #advocacia #diasuteis",existente
ex_l2_13,info/ex_l2_13.jpg,"Taxa de êxito e custo médio ajudam, mas contam só parte da história. O motivo e a pessoa por trás do dado ficam fora do gráfico, e é ali que está o que importa.

Leonardo Rezende
Especialista em dívidas empresariais

#indicadoresjuridicos #gestaodecontencioso #dados #direitoempresarial #educacaofinanceira",existente
ex_l2_14,info/ex_l2_14.jpg,"Uma reclamação bem recebida mostra onde o contrato, o atendimento ou o processo pode melhorar. Ouvidoria bem usada é aliada.

Leonardo Rezende
Especialista em dívidas empresariais

#ouvidoria #reclamacao #relacionamentocomcliente #direitodoconsumidor #advocacia",existente
ex_l2_15,info/ex_l2_15.jpg,"Acompanhar as teses do STJ e dos tribunais ajuda a ajustar a estratégia de muitos casos de uma vez. Precedente funciona como uma bússola.

Leonardo Rezende
Especialista em dívidas empresariais

#jurisprudencia #stj #precedentes #advocacia #direitobancario",existente
ex_l2_16,info/ex_l2_16.jpg,"O próprio CPC manda estimular a conciliação e a mediação, inclusive durante o processo. Conversar também é estratégia, e muita gente esquece disso.

Leonardo Rezende
Especialista em dívidas empresariais

#conciliacao #mediacao #cpc #negociacaodedividas #empreendedorismo",existente
ex_l2_17,info/ex_l2_17.jpg,"Modelo ajuda a dar escala, mas o cuidado aparece na exceção. Padronizar sem desumanizar é um exercício diário.

Leonardo Rezende
Especialista em dívidas empresariais

#modelosdedocumentos #padronizacao #atendimentohumanizado #advocacia #gestao",existente
ex_l2_18,info/ex_l2_18.jpg,"Uma carteira saudável tem prazos conferidos todo dia, processos antigos revisitados, precedentes acompanhados e dúvidas levadas ao time. Nada sofisticado.

Leonardo Rezende
Especialista em dívidas empresariais

#carteiradeprocessos #gestaojuridica #advocacia #organizacao #gestaodepassivos",existente
ex_l2_19,info/ex_l2_19.jpg,"A Súmula 479 do STJ diz que o banco responde objetivamente por fraudes de terceiros em operações bancárias. Por isso, segurança e prevenção fazem parte da gestão do passivo.

Leonardo Rezende
Especialista em dívidas empresariais

#sumula479 #fraudebancaria #stj #advogadoempresarial #gestaoempresarial",existente
ex_l2_20,info/ex_l2_20.jpg,"Em ação revisional, um erro de cálculo pesa mais do que parece. Começar pelos números evita muita discussão.

Leonardo Rezende
Especialista em dívidas empresariais

#acaorevisional #calculojudicial #direitobancario #contratosbancarios #advocacia",existente
ex_l2_21,info/ex_l2_21.jpg,"A duração razoável do processo é uma garantia da Constituição. Quem espera, espera de verdade. O tempo do processo também é o tempo de gente.

Leonardo Rezende
Especialista em dívidas empresariais

#duracaorazoavel #acessoajustica #processocivil #direitosfundamentais #advocacia",existente
ex_l2_22,info/ex_l2_22.jpg,"O Código de Defesa do Consumidor, no art. 42, proíbe constrangimento na cobrança. Cobrar com firmeza e com respeito andam juntos.

Leonardo Rezende
Especialista em dívidas empresariais

#cobrancaabusiva #cdc #direitodoconsumidor #gestaodepassivos #direitobancario",existente
ex_l2_23,info/ex_l2_23.jpg,"A Lei 14.181/2021 chama de superendividamento a situação de quem não consegue pagar as dívidas sem comprometer o mínimo existencial. Entender isso muda a conversa.

Leonardo Rezende
Especialista em dívidas empresariais

#superendividamento #lei14181 #minimoexistencial #dividas #direitodoconsumidor",existente
ex_l2_24,info/ex_l2_24.jpg,"Carteira grande pede método, calendário e descanso. Volume não é desculpa para pressa. Ainda estou aprendendo isso.

Leonardo Rezende
Especialista em dívidas empresariais

#gestaodecarteira #rotinadeadvogado #metodo #advocacia #produtividade",existente
ex_l2_25,info/ex_l2_25.jpg,"Para conversar com quem está endividado, escute antes de explicar, use palavras simples, apresente alternativas reais e respeite o mínimo existencial.

Leonardo Rezende
Especialista em dívidas empresariais

#superendividamento #minimoexistencial #atendimentohumanizado #advocacia #empresarios",existente
ex_l2_26,info/ex_l2_26.jpg,"O juiz pode inverter o ônus da prova a favor do consumidor quando há verossimilhança ou hipossuficiência (CDC, art. 6º, VIII). Quem registra bem, prova melhor.

Leonardo Rezende
Especialista em dívidas empresariais

#inversaodoonusdaprova #cdc #direitodoconsumidor #provas #advocacia",existente
ex_l2_27,info/ex_l2_27.jpg,"A Lei 14.181/2021 reforçou o dever de informar com clareza e proibiu o assédio para contratar crédito, em especial de idosos (CDC, art. 54-C). Crédito responsável começa antes de o contrato ser assinado.

Leonardo Rezende
Especialista em dívidas empresariais

#lei141812021 #superendividamento #creditoresponsavel #direitodoconsumidor #cdc",existente
ex_l2_28,info/ex_l2_28.jpg,"A Súmula 297 do STJ é clara: o Código de Defesa do Consumidor se aplica às instituições financeiras. Ou seja, quem contrata com banco tem essa proteção.

Leonardo Rezende
Especialista em dívidas empresariais

#sumula297 #cdc #stj #financasempresariais #dividasempresariais",existente
ex_l2_29,info/ex_l2_29.jpg,"Um bom relatório de passivo responde três coisas: onde estão os maiores riscos, o que mudou desde o último e o que já aprendemos com isso.

Leonardo Rezende
Especialista em dívidas empresariais

#relatoriodepassivos #gestaodepassivos #riscos #dividasempresariais #empresarios",existente
ex_l2_30,info/ex_l2_30.jpg,"Olhar o que foi perdido, sem procurar culpado, ajuda a corrigir o contrato, o atendimento e a defesa da próxima vez. Decisão contrária também ensina.

Leonardo Rezende
Especialista em dívidas empresariais

#aprendizado #revisaodecasos #melhoriacontinua #advocacia #processocivil",existente
ex_l3_01,info/ex_l3_01.jpg,"Dado de cliente é confiança emprestada. A LGPD, no art. 6º, pede finalidade clara e uso limitado ao necessário. Na rotina, isso é pedir, guardar e compartilhar só o que faz sentido.

Leonardo Rezende
Especialista em dívidas empresariais

#lgpd #protecaodedados #privacidade #direitoempresarial #educacaofinanceira",existente
ex_l3_02,info/ex_l3_02.jpg,"Petição boa é a que o juiz lê até o fim. Escrever curto dá mais trabalho, e eu ainda estou treinando isso.

Leonardo Rezende
Especialista em dívidas empresariais

#peticao #escritajuridica #advocacia #processocivil #comunicacao",existente
ex_l3_03,info/ex_l3_03.jpg,"Nas causas de até 20 salários mínimos, o Juizado Especial Cível dispensa advogado. De 20 a 40, ele é obrigatório. O teto é de 40 salários mínimos (Lei 9.099/95). Muita gente tem ali o primeiro contato com a Justiça.

Leonardo Rezende
Especialista em dívidas empresariais

#juizadoespecial #lei9099 #acessoajustica #processocivil #direitodoconsumidor",existente
ex_l3_04,info/ex_l3_04.jpg,"Reserva de emergência compra paz. Não é sobre ter muito, é sobre não ser pego de surpresa pelo imprevisto.

Leonardo Rezende
Especialista em dívidas empresariais

#reservadeemergencia #educacaofinanceira #caixadaempresa #negociacaodedividas #empreendedorismo",existente
ex_l3_05,info/ex_l3_05.jpg,"Recomeçar também faz parte da curva. A queda não apaga o caminho, quase sempre faz parte da subida.

Leonardo Rezende
Especialista em dívidas empresariais

#recomeco #resiliencia #empreendedorismo #empresarios #dividasempresariais",existente
ex_l3_06,info/ex_l3_06.jpg,"Nome sujo também tem prazo. O CDC (art. 43, §1º) e a Súmula 323 do STJ limitam a permanência do registro a, no máximo, cinco anos.

Leonardo Rezende
Especialista em dívidas empresariais

#nomesujo #sumula323 #cadastrodeinadimplentes #direitodoconsumidor #stj",existente
ex_l3_07,info/ex_l3_07.jpg,"Súmula 385 do STJ: se você já tinha uma inscrição legítima no cadastro de crédito, uma anotação irregular nova não gera dano moral. O que continua valendo é o direito de pedir o cancelamento dela.

Leonardo Rezende
Especialista em dívidas empresariais

#sumula385 #cadastrodeinadimplentes #negativacao #advogadoempresarial #gestaoempresarial",existente
ex_l3_08,info/ex_l3_08.jpg,"Boa gestão de carteira é parceria. Alinhar expectativas, combinar prazos e ouvir o outro lado fazem o trabalho render para os dois lados.

Leonardo Rezende
Especialista em dívidas empresariais

#gestaodecarteira #parceria #negociacao #gestaodepassivos #empresarios",existente
ex_l3_09,info/ex_l3_09.jpg,"O Código Civil (art. 422) pede probidade e boa-fé na conclusão e na execução do contrato. Na prática: transparência, coerência e cumprir o que se disse.

Leonardo Rezende
Especialista em dívidas empresariais

#boafe #codigocivil #contratos #direitocontratual #empresarios",existente
ex_l3_10,info/ex_l3_10.jpg,"Dizer não também é um jeito de entregar bem. Recusar o que não cabe protege o que cabe, e o cliente agradece depois.

Leonardo Rezende
Especialista em dívidas empresariais

#produtividade #rotinadeadvogado #prioridades #gestaodepassivos #direitobancario",existente
ex_l3_11,info/ex_l3_11.jpg,"Antes de inscrever o nome de alguém em cadastro de inadimplentes, o órgão que mantém o cadastro precisa notificar o devedor (Súmula 359 do STJ). Cada caso tem seus detalhes, então vale conferir os documentos.

Leonardo Rezende
Especialista em dívidas empresariais

#sumula359 #negativacao #cadastrodeinadimplentes #stj #direitodoconsumidor",existente
ex_l3_12,info/ex_l3_12.jpg,"Aparentar custa mais do que parece: custa em parcela, em estresse e em tempo. Eu prefiro construir devagar.

Leonardo Rezende
Especialista em dívidas empresariais

#financaspessoais #educacaofinanceira #endividamento #empresarios #planejamento",existente
ex_l3_13,info/ex_l3_13.jpg,"Pequenas vitórias fazem a escada. Comemorar o passo pequeno ajuda a manter o ritmo no passo longo.

Leonardo Rezende
Especialista em dívidas empresariais

#pequenasvitorias #motivacao #rotinadetrabalho #advocacia #empresarios",existente
ex_l3_14,info/ex_l3_14.jpg,"O direito não socorre quem dorme. A cobrança de dívida líquida em contrato prescreve em cinco anos (CC, art. 206, §5º, I). Prazo é parte da regra do jogo.

Leonardo Rezende
Especialista em dívidas empresariais

#prescricao #codigocivil #cobrancadedivida #dividas #advocacia",existente
ex_l3_15,info/ex_l3_15.jpg,"Súmula 30 do STJ: comissão de permanência e correção monetária não podem ser cobradas juntas. Em palavras simples, não se atualiza duas vezes o mesmo valor.

Leonardo Rezende
Especialista em dívidas empresariais

#sumula30 #comissaodepermanencia #correcaomonetaria #direitobancario #stj",existente
ex_l3_16,info/ex_l3_16.jpg,"Quem atende bem evita muita briga. Valorizar quem fala primeiro com o cliente cuida da pessoa e, de quebra, do passivo.

Leonardo Rezende
Especialista em dívidas empresariais

#atendimentoaocliente #gestaodeequipes #prevencaodeconflitos #financasempresariais #dividasempresariais",existente
ex_l3_17,info/ex_l3_17.jpg,"Súmula 381 do STJ: nos contratos bancários, o juiz não pode conhecer de ofício da abusividade das cláusulas. Ou seja, quem quer discutir isso precisa pedir. Argumentar com clareza e organização faz toda a diferença.

Leonardo Rezende
Especialista em dívidas empresariais

#sumula381 #stj #contratosbancarios #direitobancario #advocacia",existente
ex_l3_18,info/ex_l3_18.jpg,"Obrigado a quem me ensinou quando eu ainda não sabia. Ninguém chega sozinho. O que a gente sabe hoje veio, em boa parte, de quem teve paciência de ensinar.

Leonardo Rezende
Especialista em dívidas empresariais

#gratidao #mentoria #aprendizado #advocacia #carreira",existente
ex_l3_19,info/ex_l3_19.jpg,"Responder ""ainda não sei, vou verificar"" faz parte do trabalho. Eu prefiro isso a dar uma resposta de cabeça e errar.

Leonardo Rezende
Especialista em dívidas empresariais

#transparencia #eticaprofissional #atendimentoaocliente #direitoempresarial #educacaofinanceira",existente
ex_l3_20,info/ex_l3_20.jpg,"Educação financeira que eu queria ter aprendido antes: como funcionam os juros, como montar o orçamento do mês e o hábito de guardar. Nunca é tarde para começar.

Leonardo Rezende
Especialista em dívidas empresariais

#educacaofinanceira #orcamento #juros #financaspessoais #empresarios",existente
ex_l3_21,info/ex_l3_21.jpg,"Não compare seu capítulo 1 com o capítulo 20 de ninguém. Cada curva tem a sua largada, as suas pausas e o seu ritmo.

Leonardo Rezende
Especialista em dívidas empresariais

#carreira #empreendedorismo #ritmoproprio #empresarios #advocacia",existente
ex_l3_22,info/ex_l3_22.jpg,"O CPC, no art. 1.003, §6º, manda comprovar o feriado local no ato de entrar com o recurso. É um detalhe pequeno, mas o efeito é grande.

Leonardo Rezende
Especialista em dívidas empresariais

#cpc #prazorecursal #recurso #negociacaodedividas #empreendedorismo",existente
ex_l3_23,info/ex_l3_23.jpg,"O jurídico que entende o negócio decide melhor, explica melhor e evita problema antes de ele virar processo.

Leonardo Rezende
Especialista em dívidas empresariais

#juridicopreventivo #direitoempresarial #gestaodepassivos #empresarios #advocacia",existente
ex_l3_24,info/ex_l3_24.jpg,"Decisão sem registro vira dúvida. Anotar o porquê de cada escolha preserva a memória do time e facilita a próxima decisão.

Leonardo Rezende
Especialista em dívidas empresariais

#registrodedecisoes #gestao #organizacao #advocacia #empresarios",existente
ex_l3_25,info/ex_l3_25.jpg,"O CDC prevê as ações coletivas, a partir do art. 81. Quando um tema é decidido para muitos consumidores de uma vez, o cuidado com a defesa e com o diálogo precisa ser ainda maior.

Leonardo Rezende
Especialista em dívidas empresariais

#acaocoletiva #cdc #defesadaempresa #advogadoempresarial #gestaoempresarial",existente
ex_l3_26,info/ex_l3_26.jpg,"Quem ensina aprende duas vezes. Explicar o que eu sei me mostra o que ainda não sei.

Leonardo Rezende
Especialista em dívidas empresariais

#aprendizado #ensino #carreirajuridica #advocacia #desenvolvimento",existente
ex_l3_27,info/ex_l3_27.jpg,"Eu erro, sim, e ainda sinto frio na barriga antes de uma audiência. O que mudou foi como eu lido com isso: assumo rápido, aprendo e sigo.

Leonardo Rezende
Especialista em dívidas empresariais

#audiencia #rotinadeadvogado #erroeaprendizado #advocacia #processocivil",existente
ex_l3_28,info/ex_l3_28.jpg,"Saúde é o passivo que ninguém provisiona. Sono em dia, exame de rotina e tempo com a família: o que a gente adia aqui cobra caro depois.

Leonardo Rezende
Especialista em dívidas empresariais

#saudedoempresario #qualidadedevida #equilibrio #gestaodepassivos #direitobancario",existente
ex_l3_29,info/ex_l3_29.jpg,"Quem pergunta mais aprende mais. A curva do aprendizado começa devagar e sobe quando a gente tem coragem de perguntar.

Leonardo Rezende
Especialista em dívidas empresariais

#aprendizado #curiosidade #carreira #advocacia #desenvolvimentopessoal",existente
ex_l3_30,info/ex_l3_30.jpg,"Súmula 72 do STJ: para a busca e apreensão do bem alienado fiduciariamente, é preciso comprovar a mora. Em palavras simples, o credor tem que provar o atraso antes de pedir o bem de volta.

Leonardo Rezende
Especialista em dívidas empresariais

#sumula72 #buscaeapreensao #alienacaofiduciaria #direitobancario #stj",existente
ex_l4_01,info/ex_l4_01.jpg,"Recebeu proposta de acordo por WhatsApp, SMS ou e-mail? Antes de pagar, confira pelo app ou pelo site do banco, digitando o endereço você mesmo. Desconto de verdade você encontra nos canais oficiais.

Leonardo Rezende
Especialista em dívidas empresariais

#golpedofalsoacordo #seguranca #negociacaobancaria #advocacia #empresarios",existente
ex_l4_02,info/ex_l4_02.jpg,"Antes de negociar uma dívida, junte contratos, extratos, comprovantes, quanto você ganha por mês e a lista de tudo que deve. Negociar com os números na mão é muito mais tranquilo.

Leonardo Rezende
Especialista em dívidas empresariais

#negociacaodedividas #organizacaofinanceira #dividasempresariais #documentos #financasempresariais",existente
ex_l4_03,info/ex_l4_03.jpg,"Citação é o aviso oficial de que existe uma ação contra você. A partir dali existe um prazo para se defender. Não deixe a carta parada.

Leonardo Rezende
Especialista em dívidas empresariais

#citacao #prazoparadefesa #processocivil #dividasempresariais #advocacia",existente
ex_l4_04,info/ex_l4_04.jpg,"Dá para negociar mesmo com o processo andando. Acordo é possível a qualquer momento, inclusive durante o processo.

Leonardo Rezende
Especialista em dívidas empresariais

#acordojudicial #negociacaodedividas #processocivil #financasempresariais #dividasempresariais",existente
ex_l4_05,info/ex_l4_05.jpg,"O caminho de uma ação, em versão simples: citação, defesa, audiência, provas, sentença e recurso. Cada fase tem seu prazo, então vale acompanhar de perto.

Leonardo Rezende
Especialista em dívidas empresariais

#processocivil #etapasdoprocesso #prazos #direitoprocessual #advocacia",existente
ex_l4_06,info/ex_l4_06.jpg,"O que olhar no contrato antes de assinar: valor total a pagar, juros e custo total, prazo e vencimento, multa por atraso. A parcela sozinha não conta a história toda.

Leonardo Rezende
Especialista em dívidas empresariais

#antesdeassinar #contratosbancarios #custoefetivototal #direitobancario #empresarios",existente
ex_l4_07,info/ex_l4_07.jpg,"Sinais de golpe no falso acordo: pede dinheiro antes, chega por mensagem ou link e tem pressa demais. Na dúvida, ligue para o banco pelo canal oficial.

Leonardo Rezende
Especialista em dívidas empresariais

#golpedofalsoacordo #fraudefinanceira #seguranca #direitoempresarial #educacaofinanceira",existente
ex_l4_08,info/ex_l4_08.jpg,"Antes de assinar, dá para perguntar, comparar e pensar. Depois, o contrato vale e as parcelas chegam. Leve o tempo que precisar.

Leonardo Rezende
Especialista em dívidas empresariais

#contratos #credito #assinaturadecontrato #dividasempresariais #empresarios",existente
ex_l4_09,info/ex_l4_09.jpg,"Guia prático nº 1, para quem está negociando dívida: como não cair em golpe, cinco perguntas para fazer ao banco e o que fazer ao receber uma ação.

Leonardo Rezende
Especialista em dívidas empresariais

#negociacaodedivida #golpesfinanceiros #negociacaobancaria #gestaodepassivos #educacaofinanceira",existente
ex_l4_10,info/ex_l4_10.jpg,"Chegou uma carta do Fórum? Abra, leia a data e guarde o envelope. Quase sempre tem prazo, e não vale deixar para depois.

Leonardo Rezende
Especialista em dívidas empresariais

#citacao #prazoprocessual #processojudicial #negociacaodedividas #empreendedorismo",existente
ex_l4_11,info/ex_l4_11.jpg,"Antes de ser avalista ou fiador: peça cópia do contrato, pergunte o valor total e o prazo, saiba que em muitos contratos você pode ser cobrado pela dívida toda e converse em casa antes de assinar.

Leonardo Rezende
Especialista em dívidas empresariais

#avalista #fiador #garantiasdecontrato #direitobancario #dividas",existente
ex_l4_12,info/ex_l4_12.jpg,"Revelia é quando quem foi processado não responde no prazo. A Justiça pode considerar verdadeiro o que o outro lado contou. Por isso, responder é sempre melhor do que ficar quieto.

Leonardo Rezende
Especialista em dívidas empresariais

#revelia #prazoparadefesa #processocivil #dividasempresariais #advocacia",existente
ex_l4_13,info/ex_l4_13.jpg,"Depois de quitar o acordo, a dívida precisa ser baixada. Guarde o comprovante e confira se o seu nome saiu da lista de devedores.

Leonardo Rezende
Especialista em dívidas empresariais

#quitacao #baixadanegativacao #acordobancario #advogadoempresarial #gestaoempresarial",existente
ex_l4_14,info/ex_l4_14.jpg,"Como funciona uma negociação: contato, proposta, conferência, acordo por escrito, pagamento em canal oficial e baixa. Não pule nenhuma etapa.

Leonardo Rezende
Especialista em dívidas empresariais

#negociacaodedividas #acordo #cobranca #gestaodepassivos #direitobancario",existente
ex_l4_15,info/ex_l4_15.jpg,"Como conferir o boleto de um acordo: o beneficiário tem que ser o banco da dívida, os três primeiros dígitos do código são o código do banco, o valor é o combinado e o número do acordo é o da proposta.

Leonardo Rezende
Especialista em dívidas empresariais

#boletofalso #golpedoboleto #acordobancario #negociacaobancaria #educacaofinanceira",existente
ex_l4_16,info/ex_l4_16.jpg,"Pare, confira, siga. Não pague na hora: confira banco, valor e número do acordo e só então pague, sempre pelo canal oficial.

Leonardo Rezende
Especialista em dívidas empresariais

#golpedofalsoacordo #pagamentoseguro #negociacaobancaria #gestaodepassivos #direitobancario",existente
ex_l4_17,info/ex_l4_17.jpg,"Negociar cedo costuma dar mais opções e menos dívida acumulada. Negociar tarde costuma significar mais cobrança e menos caminhos. Quanto antes a conversa começa, melhor.

Leonardo Rezende
Especialista em dívidas empresariais

#negociacaobancaria #dividasempresariais #inadimplencia #gestaodepassivos #empresarios",existente
ex_l4_18,info/ex_l4_18.jpg,"Pagou? Salve o PDF ou tire um print. Comprovante é a sua prova de que está tudo certo, então guarde em um lugar fácil de achar.

Leonardo Rezende
Especialista em dívidas empresariais

#comprovantedepagamento #quitacao #organizacaodedocumentos #educacaofinanceira #dividas",existente
ex_l4_19,info/ex_l4_19.jpg,"Recebeu uma ação? Leia o documento inteiro, anote a data da audiência e o prazo, junte contratos e comprovantes e procure um advogado ou a Defensoria. Ignorar costuma piorar.

Leonardo Rezende
Especialista em dívidas empresariais

#citacao #defesajudicial #acaodecobranca #advocacia #empresarios",existente
ex_l4_20,info/ex_l4_20.jpg,"Liminar é uma decisão rápida e provisória, dada no começo do processo. Ela vale até a decisão final, que pode confirmar ou mudar o que foi decidido.

Leonardo Rezende
Especialista em dívidas empresariais

#liminar #tutelaprovisoria #processocivil #direitoprocessual #advocacia",existente
ex_l4_21,info/ex_l4_21.jpg,"Ao antecipar parcelas de um empréstimo ou financiamento, você tem direito à redução proporcional dos juros. Peça a conta por escrito e compare antes de pagar.

Leonardo Rezende
Especialista em dívidas empresariais

#antecipacaodeparcelas #reducaodejuros #direitodoconsumidor #direitobancario #financiamento",existente
ex_l4_22,info/ex_l4_22.jpg,"Depois de pagar o acordo: guarde o recibo, veja se a dívida foi baixada, acompanhe seu nome nos birôs de crédito e peça a carta de quitação, se precisar.

Leonardo Rezende
Especialista em dívidas empresariais

#cartadequitacao #quitacao #acordobancario #financasempresariais #dividasempresariais",existente
ex_l4_23,info/ex_l4_23.jpg,"O que ler primeiro na carta do fórum: número do processo, data e hora da audiência, prazo para responder e quem está processando.

Leonardo Rezende
Especialista em dívidas empresariais

#citacao #cartadoforum #prazoprocessual #processocivil #advocacia",existente
ex_l4_24,info/ex_l4_24.jpg,"Antes de assinar, não tenha pressa: confira o valor total, os juros e o prazo, e leve uma cópia do contrato para casa.

Leonardo Rezende
Especialista em dívidas empresariais

#antesdeassinar #contratos #creditoempresarial #direitobancario #empresarios",existente
ex_l4_25,info/ex_l4_25.jpg,"Com comprovante, você prova em minutos que pagou. Sem comprovante, fica dependendo da palavra de alguém. Guarde sempre.

Leonardo Rezende
Especialista em dívidas empresariais

#comprovantedepagamento #quitacao #organizacaofinanceira #direitoempresarial #educacaofinanceira",existente
ex_l4_26,info/ex_l4_26.jpg,"Em qualquer contato com o banco, peça o número do protocolo e anote data e nome de quem atendeu. Parece detalhe, mas ajuda muito depois.

Leonardo Rezende
Especialista em dívidas empresariais

#protocolo #atendimentobancario #direitobancario #direitodoconsumidor #organizacao",existente
ex_l4_27,info/ex_l4_27.jpg,"Perguntas para fazer ao banco antes de aceitar: qual é o valor total no fim, quantas parcelas e com quanto de juros, o que acontece com o seu nome e se você pode receber tudo por escrito.

Leonardo Rezende
Especialista em dívidas empresariais

#negociacaobancaria #perguntasaobanco #negociacaodedivida #gestaodepassivos #educacaofinanceira",existente
ex_l4_28,info/ex_l4_28.jpg,"Homologar é quando o juiz confere o acordo e dá validade oficial a ele. Acordo homologado tem força de decisão. Vale guardar uma cópia.

Leonardo Rezende
Especialista em dívidas empresariais

#homologacao #acordojudicial #processocivil #negociacaodedividas #empreendedorismo",existente
ex_l4_29,info/ex_l4_29.jpg,"Banco não pede dinheiro antes para liberar desconto. Se alguém pedir, desconfie e confirme tudo pelos canais oficiais.

Leonardo Rezende
Especialista em dívidas empresariais

#golpefinanceiro #fraudebancaria #seguranca #direitobancario #negociacaodedividas",existente
ex_l4_30,info/ex_l4_30.jpg,"Guia prático nº 2: antes de assinar qualquer contrato, o que guardar depois de pagar e como falar com o banco sem estresse.

Leonardo Rezende
Especialista em dívidas empresariais

#guiapratico #contratosbancarios #negociacaobancaria #educacaofinanceira #direitobancario",existente
info_001,info/info_001.jpg,"Dúvida que escuto muito. A resposta curta é que pagar só parte da fatura costuma gerar juros sobre o que sobrou, então a conta do mês seguinte vem maior do que parece.

Leonardo Rezende
Especialista em dívidas empresariais

#cartaodecredito #jurosrotativo #faturadocartao #advogadoempresarial #gestaoempresarial",novo
info_002,info/info_002.jpg,"O CDC protege o consumidor, e sua aplicação a empresas depende de cada caso. Mesmo assim, pedir essas informações por escrito é sempre uma boa prática em qualquer contrato de crédito.

Leonardo Rezende
Especialista em dívidas empresariais

#cdc #contratosdecredito #direitobancario #informacaoporescrito #empresarios",novo
info_003,info/info_003.jpg,"Muita gente imagina que a defesa começa na audiência. Na prática, o texto da contestação costuma pesar bastante, e por isso cada fato e cada documento ali têm uma função.

Leonardo Rezende
Especialista em dívidas empresariais

#contestacao #defesajudicial #processocivil #dividasempresariais #advocacia",novo
info_004,info/info_004.jpg,"Parece pouco no começo, mas com o tempo o saldo vai crescendo. Por isso, quanto antes a gente enfrenta o rotativo, mais perto o valor final fica do que foi realmente gasto no cartão.

Leonardo Rezende
Especialista em dívidas empresariais

#rotativodocartao #jurosecomposto #cartaodecredito #gestaodepassivos #direitobancario",novo
info_005,info/info_005.jpg,"Eu escrevo, deixo descansar e releio no dia seguinte. Quase sempre acho uma vírgula fora do lugar ou uma frase que só eu entendia. Texto que vai para o cliente merece esse segundo olhar.

Leonardo Rezende
Especialista em dívidas empresariais

#revisao #escritajuridica #atendimentoaocliente #advocacia #comunicacao",novo
info_006,info/info_006.jpg,"O número único do processo é a chave da consulta pública. Olhar o andamento com regularidade e anotar as datas importantes é um hábito simples que protege o prazo.

Leonardo Rezende
Especialista em dívidas empresariais

#numerounicodoprocesso #consultaprocessual #andamentoprocessual #processocivil #advocacia",novo
info_007,info/info_007.jpg,"Esse é um dos pontos que eu mais peço para conferir: quanto entrou, quanto foi parcelado e o que está no meio dessa diferença. Tudo isso deve estar descrito nos anexos do contrato.

Leonardo Rezende
Especialista em dívidas empresariais

#contratobancario #anexosdocontrato #conferenciadecontrato #advocacia #empresarios",novo
info_008,info/info_008.jpg,"Já vi empresa lucrativa no relatório e sem saldo no dia do vencimento. Vender a prazo, estocar e pagar parcelas consomem caixa antes de o lucro chegar. Por isso eu olho os dois números, lado a lado.

Leonardo Rezende
Especialista em dívidas empresariais

#fluxodecaixa #lucroxcaixa #financasempresariais #gestaofinanceira #empresarios",novo
info_009,info/info_009.jpg,"Raramente o aperto aparece de uma vez. Os sinais vêm aos poucos: pagamentos empurrados, crédito de curto prazo virando rotina, prioridade mudando toda semana. Quanto antes a gente nota, mais fácil é ajustar.

Leonardo Rezende
Especialista em dívidas empresariais

#sinaisdecrise #fluxodecaixa #gestaodepassivos #dividasempresariais #empresarios",novo
info_010,info/info_010.jpg,"O seguro prestamista existe e pode fazer sentido em alguns casos. O ponto aqui é só um: saber se você contratou, quanto custa e o que ele cobre.

Leonardo Rezende
Especialista em dívidas empresariais

#seguroprestamista #contratobancario #vendacasada #financasempresariais #dividasempresariais",novo
info_011,info/info_011.jpg,"Muita gente acha que o relógio da prescrição começa na negativação. Na prática, a referência costuma ser outra data, e é nela que vale prestar atenção. O contrato e o histórico mostram o caminho.

Leonardo Rezende
Especialista em dívidas empresariais

#prescricao #negativacao #prazoprescricional #dividas #direitobancario",novo
info_012,info/info_012.jpg,"Quando dizem que é urgente, que a oferta acaba hoje ou que sua conta será bloqueada agora, é hora de reduzir o ritmo. Quase nada que é verdadeiro some em cinco minutos.

Leonardo Rezende
Especialista em dívidas empresariais

#golpesfinanceiros #fraudes #segurancafinanceira #educacaofinanceira #empresarios",novo
info_013,info/info_013.jpg,"A proteção do bem de família existe para garantir moradia, e não é absoluta. Eu sempre observo de que dívida se trata, porque algumas exceções dependem disso. Decidir só pelo medo da palavra penhora raramente ajuda.

Leonardo Rezende
Especialista em dívidas empresariais

#bemdefamilia #penhora #protecaopatrimonial #direitoempresarial #educacaofinanceira",novo
info_014,info/info_014.jpg,"Capital de giro não é luxo nem sinal de problema. É o que mantém a operação rodando enquanto o dinheiro das vendas ainda não entrou. Entender quanto a sua empresa precisa é o primeiro passo para decidir com calma.

Leonardo Rezende
Especialista em dívidas empresariais

#capitaldegiro #fluxodecaixa #financasempresariais #credito #empresarios",novo
info_015,info/info_015.jpg,"É o chamado direito de arrependimento. Vale para a compra a distância, não para toda compra. Guarde o e-mail do pedido e comunique a desistência por escrito.

Leonardo Rezende
Especialista em dívidas empresariais

#direitodearrependimento #compraonline #cdc #direitodoconsumidor #advocacia",novo
info_016,info/info_016.jpg,"Na negociação, ser honesto com os próprios números evita atraso repetido. Faz sentido começar com o que é possível pagar e pedir tudo por escrito antes de aceitar qualquer coisa.

Leonardo Rezende
Especialista em dívidas empresariais

#negociacaodedividas #renegociacao #acordoporescrito #empreendedorismo #advogadoempresarial",novo
info_017,info/info_017.jpg,"Contrato assinado no celular também precisa de cópia. Baixar o arquivo completo, com anexos, e guardar em um lugar seguro evita correr atrás do documento quando surgir uma dúvida.

Leonardo Rezende
Especialista em dívidas empresariais

#contratodigital #assinaturaeletronica #copiadocontrato #organizacao #direitobancario",novo
info_018,info/info_018.jpg,"Esse prazo de 15 dias costuma passar rápido. Ao receber a intimação para cumprir a sentença, olhar a data e o cálculo no mesmo dia faz diferença. Dúvida sobre o valor deve ser apontada no tempo certo.

Leonardo Rezende
Especialista em dívidas empresariais

#cumprimentodesentenca #intimacao #prazosprocessuais #processocivil #dividasempresariais",novo
info_019,info/info_019.jpg,"Sem fluxo de caixa, o dono decide olhando o saldo do dia. Com ele, decide olhando o que vem pela frente. A diferença é ter tempo para agir, e tempo costuma ser o que mais falta.

Leonardo Rezende
Especialista em dívidas empresariais

#fluxodecaixa #gestaofinanceira #capitaldegiro #advogadoempresarial #gestaoempresarial",novo
info_020,info/info_020.jpg,"Em compra de produto, o recebimento costuma ser o ponto que mais importa. Cada caso tem seus detalhes, então vale conferir as datas e os documentos com atenção.

Leonardo Rezende
Especialista em dívidas empresariais

#direitodoconsumidor #compras #notafiscal #prazos #cdc",novo
info_021,info/info_021.jpg,"Esse número é um termômetro. Ele não precisa ser perfeito, só honesto. Com ele, a conversa com o credor deixa de ser no escuro e passa a ter uma base concreta para decidir.

Leonardo Rezende
Especialista em dívidas empresariais

#mapeamentodedividas #diagnosticofinanceiro #gestaodepassivos #negociacaocomcredores #financasempresariais",novo
info_022,info/info_022.jpg,"A Lei 10.931/2004 criou a Cédula de Crédito Bancário e deu a ela esse efeito de título executivo. Eu costumo recomendar ler a cédula inteira, com planilhas e anexos, e guardar uma cópia completa.

Leonardo Rezende
Especialista em dívidas empresariais

#cedulacreditobancario #lei109312004 #titulodecredito #gestaodepassivos #direitobancario",novo
info_023,info/info_023.jpg,"Audiência de conciliação não é julgamento. É um espaço para ouvir a proposta, tirar dúvidas e avaliar se faz sentido resolver ali. Chegar com documentos e com o limite do que se pode pagar ajuda bastante.

Leonardo Rezende
Especialista em dívidas empresariais

#audienciadeconciliacao #conciliacao #acordo #processocivil #negociacaodedividas",novo
info_024,info/info_024.jpg,"No aperto, é tentador baixar o preço para entrar dinheiro hoje. Vale fazer a conta: quanto de margem foi embora e quanto custaria resolver o caixa de outro jeito. Nem sempre o desconto é o caminho mais barato.

Leonardo Rezende
Especialista em dívidas empresariais

#fluxodecaixa #margemdelucro #precificacao #financasempresariais #empresarios",novo
info_025,info/info_025.jpg,"O mesmo link, duas atitudes. Um minuto de desconfiança custa pouco e pode evitar um dano grande. Se a mensagem foi inesperada, o melhor é não clicar e ir direto ao site ou app que você já usa.

Leonardo Rezende
Especialista em dívidas empresariais

#golpedigital #phishing #segurancadigital #advocacia #empresarios",novo
info_026,info/info_026.jpg,"Desconto de empréstimo que o aposentado não contratou acontece. O primeiro passo é conferir o extrato e reunir documentos. Com eles na mão, as medidas ficam mais claras.

Leonardo Rezende
Especialista em dívidas empresariais

#emprestimoconsignado #aposentados #inss #descontoindevido #direitodoconsumidor",novo
info_027,info/info_027.jpg,"Depois de quitar, a conferência não termina: vale acompanhar o cancelamento do registro da garantia. Guardar o termo de liberação é uma forma simples de fechar bem o assunto.

Leonardo Rezende
Especialista em dívidas empresariais

#liberacaodegarantia #quitacaodedivida #creditoempresarial #direitobancario #gestaodepassivos",novo
info_028,info/info_028.jpg,"A ideia por trás da proteção do bem de família é garantir moradia, e não apenas proteger um modelo específico de família. Existem exceções previstas em lei, então cada situação precisa de análise.

Leonardo Rezende
Especialista em dívidas empresariais

#bemdefamilia #impenhorabilidade #protecaopatrimonial #financasempresariais #dividasempresariais",novo
info_029,info/info_029.jpg,"Casar o prazo da dívida com o prazo de retorno do investimento é uma regra simples que evita muito sufoco. Dinheiro de curto prazo em compra de longo prazo costuma pesar no caixa.

Leonardo Rezende
Especialista em dívidas empresariais

#investimento #prazodadivida #planejamentofinanceiro #dividasempresariais #empresarios",novo
info_030,info/info_030.jpg,"É uma conta simples e muita gente evita fazer por medo do resultado. Mas é ela que mostra o valor de parcela que você realmente consegue sustentar sem se apertar.

Leonardo Rezende
Especialista em dívidas empresariais

#capacidadedepagamento #orcamento #negociacaodedivida #financasempresariais #gestaodepassivos",novo
info_031,info/info_031.jpg,"Eu sempre começo por aqui: papel, caderno ou planilha, tanto faz. Quando os números aparecem, a conversa com o credor fica mais calma e a decisão fica mais segura.

Leonardo Rezende
Especialista em dívidas empresariais

#organizacaofinanceira #listadedividas #negociacaodedividas #direitoempresarial #educacaofinanceira",novo
info_032,info/info_032.jpg,"Guarde nota fiscal, fotos e o registro do pedido de conserto. Com tudo organizado, a conversa com a loja fica bem mais objetiva e o prazo não passa sem que você perceba.

Leonardo Rezende
Especialista em dívidas empresariais

#garantia #defeitodeproduto #notafiscal #direitodoconsumidor #cdc",novo
info_033,info/info_033.jpg,"Por isso eu prefiro organizar a conversa e os documentos antes de escrever. Uma defesa pensada com calma costuma ser mais completa do que a feita na véspera do prazo.

Leonardo Rezende
Especialista em dívidas empresariais

#defesajudicial #organizacaodedocumentos #prazosprocessuais #processocivil #advocacia",novo
info_034,info/info_034.jpg,"Muitos contratos bancários trazem a renúncia ao benefício de ordem, e é por isso que ler a cláusula importa. Não é regra geral, é o que está escrito em cada documento.

Leonardo Rezende
Especialista em dívidas empresariais

#beneficiodeordem #fianca #avalista #negociacaodedividas #empreendedorismo",novo
info_035,info/info_035.jpg,"Aqui, quase nada importante sai sem outra pessoa ter lido. Não é desconfiança, é cuidado. O erro que eu não vejo, o colega costuma ver em poucos segundos.

Leonardo Rezende
Especialista em dívidas empresariais

#revisaodedocumentos #trabalhoemequipe #qualidade #advocacia #escritorio",novo
info_036,info/info_036.jpg,"Quem recebe a citação para pagar tem prazo curto para decidir entre pagar, discutir ou parcelar. Entender cada caminho a tempo evita decidir sob pressão. A escolha depende do valor, do título e da capacidade de pagamento.

Leonardo Rezende
Especialista em dívidas empresariais

#citacaoparapagamento #execucao #parcelamento #dividasempresariais #processocivil",novo
info_037,info/info_037.jpg,"Quando o dono sabe o ponto de equilíbrio, as decisões mudam: preço, meta de venda, contratação. Não é conta distante de contador, é um número que cabe no caderno e orienta o mês inteiro.

Leonardo Rezende
Especialista em dívidas empresariais

#pontodeequilibrio #gestaofinanceira #precificacao #advogadoempresarial #gestaoempresarial",novo
info_038,info/info_038.jpg,"Muita gente deixa de reclamar achando que perdeu o papel da garantia. A lei já protege o consumidor contra defeito mesmo sem esse documento. A nota fiscal ajuda a provar a compra.

Leonardo Rezende
Especialista em dívidas empresariais

#garantialegal #cdc #direitodoconsumidor #defeito #notafiscal",novo
info_039,info/info_039.jpg,"Projeção não precisa ser perfeita, precisa existir. Atualize todo mês e compare o previsto com o real. Com o tempo a previsão melhora e a surpresa diminui.

Leonardo Rezende
Especialista em dívidas empresariais

#projecaodecaixa #fluxodecaixa #planejamentofinanceiro #financasempresariais #empresarios",novo
info_040,info/info_040.jpg,"Quando alguém me mostra duas propostas, minha primeira pergunta é: qual o CET de cada uma? A regulação do Banco Central pede que esse número seja informado ao cliente, em percentual ao ano.

Leonardo Rezende
Especialista em dívidas empresariais

#cet #custoefetivototal #bancocentral #gestaodepassivos #direitobancario",novo
info_041,info/info_041.jpg,"Duas faturas iguais, dois caminhos. A diferença está no que sobra para o mês seguinte. Quando o saldo vira rotativo, a conta cresce em silêncio e o susto aparece depois.

Leonardo Rezende
Especialista em dívidas empresariais

#cartaodecredito #rotativo #juros #dividas #financaspessoais",novo
info_042,info/info_042.jpg,"Prazo curto para uma necessidade longa é conta que costuma não fechar. Casar a dívida com o tempo que o dinheiro leva para voltar é uma das decisões mais importantes do crédito empresarial.

Leonardo Rezende
Especialista em dívidas empresariais

#creditoempresarial #prazodedivida #capitaldegiro #gestaodepassivos #financasempresariais",novo
info_043,info/info_043.jpg,"Diferente da urgência, aqui o ponto é a força das provas. Essa tutela não decide o processo, só antecipa um efeito enquanto ele continua. Pode ser revista, e há recurso previsto.

Leonardo Rezende
Especialista em dívidas empresariais

#tutelaprovisoria #tutelaantecipada #processocivil #advocacia #empresarios",novo
info_044,info/info_044.jpg,"Dívida não é vilã por si só. O problema é pegar sem saber para quê, em que prazo e como vai pagar. Antes de assinar, eu gosto de perguntar: esse dinheiro volta para o caixa? Quando e quanto?

Leonardo Rezende
Especialista em dívidas empresariais

#dividasempresariais #credito #planejamentofinanceiro #gestaodepassivos #empresarios",novo
info_045,info/info_045.jpg,"Contrato bom deixa claro como e quando o preço sobe. Se não estiver escrito, pergunte antes de assinar. Reajuste é um dos pontos que mais surpreendem quem não leu o texto até o fim.

Leonardo Rezende
Especialista em dívidas empresariais

#reajustecontratual #clausulasdecontrato #contratos #direitoempresarial #empresarios",novo
info_046,info/info_046.jpg,"É uma dúvida frequente, e a resposta depende do tipo de contrato. Se aconteceu algum desconto estranho, o extrato bancário é a principal prova. Guarde e anote as datas.

Leonardo Rezende
Especialista em dívidas empresariais

#descontoindevido #extratobancario #provas #financasempresariais #dividasempresariais",novo
info_047,info/info_047.jpg,"A palavra-chave é expressamente. Quando o contrato fala em capitalização de juros, a forma como isso aparece no texto é um dos pontos que a gente confere com calma.

Leonardo Rezende
Especialista em dívidas empresariais

#capitalizacaodejuros #anatocismo #contratosbancarios #direitobancario #juros",novo
info_048,info/info_048.jpg,"Antes de entrar com uma ação ou de se defender, vale saber que existe esse custo e consultar a tabela do tribunal. Há também a opção de gratuidade, para quem não tem como pagar. Informação evita susto no boleto.

Leonardo Rezende
Especialista em dívidas empresariais

#custasjudiciais #gratuidadedajustica #processocivil #acessoajustica #advocacia",novo
info_049,info/info_049.jpg,"Buscar apoio de contador, advogado ou consultor no começo do aperto abre mais caminhos do que buscar no limite. Quem chega cedo tem tempo de testar alternativas. Isso é gestão, não fracasso.

Leonardo Rezende
Especialista em dívidas empresariais

#crisefinanceira #assessoriaempresarial #reestruturacao #direitoempresarial #educacaofinanceira",novo
info_050,info/info_050.jpg,"Demorei para aprender que dizer 'faz isso aí' não é delegar. Delegar é dar o contexto, combinar o prazo e deixar a pessoa à vontade para perguntar. Dá menos retrabalho para todo mundo.

Leonardo Rezende
Especialista em dívidas empresariais

#delegacao #lideranca #gestaodeequipe #advocacia #empreendedorismo",novo
info_051,info/info_051.jpg,"Pensar na saída antes de entrar evita susto depois. Pergunte quanto custa cancelar no primeiro, no sexto e no último mês, e peça para ver isso escrito no contrato ou na proposta.

Leonardo Rezende
Especialista em dívidas empresariais

#multarescisoria #cancelamentodecontrato #contratos #direitodoconsumidor #empresarios",novo
info_052,info/info_052.jpg,"Cada produto resolve uma necessidade. A antecipação traz o dinheiro de vendas já feitas, mas reduz o que entra nos dias seguintes. Comparar custo e impacto no caixa do próximo mês é o que decide.

Leonardo Rezende
Especialista em dívidas empresariais

#antecipacaoderecebiveis #fluxodecaixa #creditoparaempresas #negociacaodedividas #empreendedorismo",novo
info_053,info/info_053.jpg,"O mais difícil de um conflito costuma ser a conversa que ninguém consegue ter. Na mediação, essa conversa ganha um espaço organizado, e ninguém é obrigado a aceitar o que não quer.

Leonardo Rezende
Especialista em dívidas empresariais

#mediacao #resolucaodeconflitos #acordo #meiosconsensuais #advocacia",novo
info_054,info/info_054.jpg,"Trocar dívida cara por uma mais barata pode funcionar, mas só se o hábito mudar junto. Sem isso, a conta do cartão volta a crescer e a pessoa fica com duas dívidas.

Leonardo Rezende
Especialista em dívidas empresariais

#refinanciamento #trocadedivida #cartaodecredito #educacaofinanceira #gestaodepassivos",novo
info_055,info/info_055.jpg,"Pagar tudo ao mesmo tempo nem sempre é possível. Por isso a ordem importa: primeiro o que sustenta a rotina da família, depois o que dá para negociar com calma.

Leonardo Rezende
Especialista em dívidas empresariais

#priorizacaodedividas #ordemdepagamento #organizacaofinanceira #advogadoempresarial #gestaoempresarial",novo
info_056,info/info_056.jpg,"A lei lista bens que não podem ser penhorados justamente para preservar o básico. Mas há exceções e regras de prova, e cada conta tem a sua história. Diante de um bloqueio, conferir a origem do valor é o primeiro passo.

Leonardo Rezende
Especialista em dívidas empresariais

#impenhorabilidade #bloqueiodeconta #penhora #execucao #direitoprocessual",novo
info_057,info/info_057.jpg,"Em palavras simples: o contrato mostra as duas taxas, e a anual maior que 12 vezes a mensal indica que há capitalização. Por isso vale conferir as duas no documento.

Leonardo Rezende
Especialista em dívidas empresariais

#capitalizacaodejuros #taxadejuros #juroscompostos #direitobancario #contratosbancarios",novo
info_058,info/info_058.jpg,"Reserva de caixa dá tempo para pensar em vez de correr atrás de crédito caro. Cada empresa tem um tamanho ideal, que depende do setor e das oscilações. O importante é começar e manter o hábito.

Leonardo Rezende
Especialista em dívidas empresariais

#reservadecaixa #fluxodecaixa #saudefinanceira #gestaodepassivos #direitobancario",novo
info_059,info/info_059.jpg,"Confundir markup com margem leva a preço errado. Quem acha que 50% de markup é 50% de margem acaba com menos dinheiro do que imaginava. Vale conferir qual dos dois seu sistema ou sua planilha está usando.

Leonardo Rezende
Especialista em dívidas empresariais

#markup #margem #precificacao #financasempresariais #empresarios",novo
info_060,info/info_060.jpg,"Feedback vago só gera insegurança. Prefiro dizer exatamente o que ficou bom e o que pode melhorar, de preferência logo depois e em particular. Assim quem recebe consegue usar de verdade.

Leonardo Rezende
Especialista em dívidas empresariais

#feedback #lideranca #gestaodepessoas #advocacia #empresarios",novo
info_061,info/info_061.jpg,"Prazo de prescrição aparece com frequência nas dúvidas de quem é cobrado. O que muda de caso para caso é o prazo da dívida e as datas de cada fase. Por isso conferir o histórico é tão importante.

Leonardo Rezende
Especialista em dívidas empresariais

#prescricao #dividaprescrita #cobranca #advocacia #empresarios",novo
info_062,info/info_062.jpg,"Máquina, veículo ou equipamento financiado costuma ter o gravame registrado no documento. Entender isso antes de assinar evita surpresa justamente na hora em que o caixa aperta.

Leonardo Rezende
Especialista em dívidas empresariais

#gravame #financiamento #alienacaofiduciaria #direitobancario #dividasempresariais",novo
info_063,info/info_063.jpg,"É uma das conversas mais difíceis do trabalho, e eu ainda aprendo. Notícia ruim dita com respeito e com plano preserva mais a confiança do que o silêncio.

Leonardo Rezende
Especialista em dívidas empresariais

#comunicacao #noticiaruim #relacionamentocomcliente #advocacia #etica",novo
info_064,info/info_064.jpg,"Prazo médio é o tempo, em média, entre vender e receber, e entre comprar e pagar. Quando um é bem mais longo que o outro, o buraco aparece. Dá para negociar prazo com fornecedor antes de recorrer a crédito.

Leonardo Rezende
Especialista em dívidas empresariais

#prazomedio #capitaldegiro #fluxodecaixa #financasempresariais #dividasempresariais",novo
info_065,info/info_065.jpg,"Não existe tabela certa para todo mundo. A escolha entre Price e SAC depende do caixa de cada empresa: parcela inicial menor ou menos juros no fim. Peça a simulação das duas e compare lado a lado.

Leonardo Rezende
Especialista em dívidas empresariais

#tabelaprice #sac #financiamento #juros #financasempresariais",novo
info_066,info/info_066.jpg,"Uma coisa é restrição de crédito, outra é ter conta. Muita gente deixa de resolver a vida por medo do cadastro, quando existem opções para movimentar o próprio dinheiro.

Leonardo Rezende
Especialista em dívidas empresariais

#nomenegativado #contabancaria #restricaodecredito #educacaofinanceira #direitobancario",novo
info_067,info/info_067.jpg,"O mínimo da fatura parece um alívio, mas o saldo que sobra costuma crescer rápido no mês seguinte. Quando o aperto vier, vale comparar as opções antes de decidir.

Leonardo Rezende
Especialista em dívidas empresariais

#pagamentominimo #cartaodecredito #jurosrotativo #direitoempresarial #educacaofinanceira",novo
info_068,info/info_068.jpg,"Perícia não é obrigatória em todo processo, e o juiz avalia se é necessária. Quando existe dúvida técnica sobre valores, ela pode esclarecer a discussão. Tem custo e prazo, e isso entra na decisão.

Leonardo Rezende
Especialista em dívidas empresariais

#pericia #periciacontabil #processocivil #acaorevisional #advocacia",novo
info_069,info/info_069.jpg,"Recuperação judicial não é punição nem fim de linha. A lei a descreve como instrumento para superar a crise e preservar a atividade, o emprego e o interesse dos credores. Cada caso tem requisitos próprios.

Leonardo Rezende
Especialista em dívidas empresariais

#recuperacaojudicial #lei11101 #crisenaempresa #gestaodepassivos #direitoempresarial",novo
info_070,info/info_070.jpg,"Cuidar de dados não precisa de tecnologia cara. Começa em gestos pequenos: bloquear a tela, guardar o papel, não deixar documento esquecido. É respeito com quem confiou a informação.

Leonardo Rezende
Especialista em dívidas empresariais

#lgpd #protecaodedados #sigilo #negociacaodedividas #empreendedorismo",novo
info_071,info/info_071.jpg,"O cartão é ótimo quando serve ao orçamento e caro quando passa a financiá-lo. Fechar o mês com a fatura quitada é um hábito que protege o resto das contas.

Leonardo Rezende
Especialista em dívidas empresariais

#cartaodecredito #orcamento #financaspessoais #juros #educacaofinanceira",novo
info_072,info/info_072.jpg,"Faturamento alto e caixa vazio é uma combinação mais comum do que parece. Em geral, a resposta está em prazos, parcelas e retiradas sem regra. Olhar esses três pontos já organiza boa parte da conversa.

Leonardo Rezende
Especialista em dívidas empresariais

#caixadaempresa #faturamento #fluxodecaixa #financasempresariais #empresarios",novo
info_073,info/info_073.jpg,"O pagamento é só uma parte: o processo precisa registrar que a dívida foi quitada. Juntar o comprovante e conferir o andamento depois evita cobrança repetida.

Leonardo Rezende
Especialista em dívidas empresariais

#quitacaodedivida #baixanoprocesso #acordojudicial #advogadoempresarial #gestaoempresarial",novo
info_074,info/info_074.jpg,"Não existe percentual mágico, cada negócio tem a sua margem. Mas acompanhar todo mês quanto as dívidas pesam mostra cedo quando esse peso está crescendo.

Leonardo Rezende
Especialista em dívidas empresariais

#endividamento #indicadoresfinanceiros #gestaodepassivos #financasempresariais #empresarios",novo
info_075,info/info_075.jpg,"Se alguém diz que só vende um item se você levar outro que não pediu, vale parar e perguntar. Cada situação tem detalhes, e o contrato precisa ser analisado com calma.

Leonardo Rezende
Especialista em dívidas empresariais

#vendacasada #seguroprestamista #direitodoconsumidor #direitobancario #contratosbancarios",novo
info_076,info/info_076.jpg,"O limite aparece na conta como se fosse seu dinheiro, mas é crédito com custo. Quando o saldo fica negativo por muitos dias, a conta pesa. Vale olhar alternativas.

Leonardo Rezende
Especialista em dívidas empresariais

#chequeespecial #contagarantida #limitedecredito #gestaodepassivos #direitobancario",novo
info_077,info/info_077.jpg,"Cuidado digital é hábito, não paranoia. Poucas regras, repetidas sempre, já protegem bastante: atualizar os aparelhos, não repetir senha e desconfiar do que chega com pressa.

Leonardo Rezende
Especialista em dívidas empresariais

#segurancadigital #protecaodedados #golpesdigitais #empresarios #advocacia",novo
info_078,info/info_078.jpg,"Existem exceções, mas a regra ajuda a entender o que cada lado precisa levar ao processo. Quem organiza os documentos cedo costuma chegar mais seguro.

Leonardo Rezende
Especialista em dívidas empresariais

#onusdaprova #provas #processocivil #organizacaodedocumentos #advocacia",novo
info_079,info/info_079.jpg,"Dívida antiga pede cuidado antes de qualquer gesto. Um simples reconhecimento pode ter efeito jurídico. Confira data, contrato e valor, e entenda o que está sendo aceito.

Leonardo Rezende
Especialista em dívidas empresariais

#dividaantiga #prescricao #reconhecimentodedivida #advocacia #empresarios",novo
info_080,info/info_080.jpg,"Muita gente assina achando que é só uma formalidade. Saber se você entra como avalista, fiador ou devedor solidário muda o que pode ser cobrado de você e em que ordem.

Leonardo Rezende
Especialista em dívidas empresariais

#avalista #fiador #devedorsolidario #garantias #direitobancario",novo
info_081,info/info_081.jpg,"Margem é o que sobra depois de pagar tudo o que a venda exigiu. Sem esse número, é fácil vender muito e ganhar pouco. Ele também mostra até onde dá para baixar o preço sem prejuízo.

Leonardo Rezende
Especialista em dívidas empresariais

#margemdelucro #precificacao #lucratividade #financasempresariais #empresarios",novo
info_082,info/info_082.jpg,"Nenhuma das duas é certa ou errada. O ponto é saber qual você contratou e projetar o caixa com realismo, para não ser pego de surpresa quando o indicador se mexer.

Leonardo Rezende
Especialista em dívidas empresariais

#taxafixa #taxavariavel #indexadores #financasempresariais #dividasempresariais",novo
info_083,info/info_083.jpg,"Título executivo é um documento a que a lei dá força especial para cobrar. Quando chega uma execução, vale perguntar qual é o título e se ele cumpre os requisitos. É uma das primeiras conferências que faço.

Leonardo Rezende
Especialista em dívidas empresariais

#tituloexecutivo #execucao #defesanaexecucao #direitoprocessual #direitobancario",novo
info_084,info/info_084.jpg,"A parcela diz se cabe no mês, o total diz quanto o crédito custa. Os dois importam. Parcela pequena com prazo muito longo pode custar bem mais no final. Peça sempre os dois números.

Leonardo Rezende
Especialista em dívidas empresariais

#custototaldocredito #parcelaeprazo #creditoempresarial #financasempresariais #direitobancario",novo
info_085,info/info_085.jpg,"Antes de assinar, peça a cópia completa e leia sem pressa. Se algo não ficou claro, pergunte. Entender o contrato é um direito de quem consome, não um favor de quem vende.

Leonardo Rezende
Especialista em dívidas empresariais

#leituradecontrato #direitodoconsumidor #contratobancario #direitoempresarial #educacaofinanceira",novo
info_086,info/info_086.jpg,"Conferir a fatura todo mês é um hábito pequeno. Se aparecer cobrança que você não reconhece, quanto mais cedo registrar, mais fácil é reunir comprovantes e pedir explicações.

Leonardo Rezende
Especialista em dívidas empresariais

#faturadocartao #cobrancaindevida #direitodoconsumidor #financaspessoais #organizacao",novo
info_087,info/info_087.jpg,"Quitar ou amortizar antes pode economizar juros, mas o jeito de pedir importa: por escrito, com data e com a planilha do cálculo. Confira também até quando o valor informado vale.

Leonardo Rezende
Especialista em dívidas empresariais

#amortizacao #quitacaoantecipada #reducaodejuros #direitobancario #negociacaobancaria",novo
info_088,info/info_088.jpg,"Clonagem de WhatsApp é um golpe comum e quase sempre começa com um código enviado por mensagem. Ativar a verificação em duas etapas e nunca repassar códigos já fecha boa parte desse caminho.

Leonardo Rezende
Especialista em dívidas empresariais

#clonagemdewhatsapp #golpedigital #verificacaoemduasetapas #negociacaodedividas #empreendedorismo",novo
info_089,info/info_089.jpg,"Alavancagem multiplica o resultado para os dois lados. Por isso, a pergunta antes de se endividar para crescer não é só quanto vai render, mas o que acontece se render menos do que o esperado.

Leonardo Rezende
Especialista em dívidas empresariais

#alavancagem #endividamento #crescimentoempresarial #financasempresariais #empresarios",novo
info_090,info/info_090.jpg,"Andamento processual é escrito em linguagem de tribunal, e isso afasta muita gente. Pedir tradução não é incômodo, é direito de quem tem o processo. Saber em que fase está já tira boa parte da ansiedade.

Leonardo Rezende
Especialista em dívidas empresariais

#andamentoprocessual #linguagemjuridica #acompanhamentodeprocesso #processocivil #advocacia",novo
info_091,info/info_091.jpg,"É fácil esquecer disso quando o limite aumenta. Para o banco, é uma linha de crédito; para você, é uma dívida em potencial. Olhar o total do mês todo ajuda a manter o controle.

Leonardo Rezende
Especialista em dívidas empresariais

#limitedecredito #cartaodecredito #controlefinanceiro #advogadoempresarial #gestaoempresarial",novo
info_092,info/info_092.jpg,"Entrar no limite de vez em quando acontece. O sinal de alerta é virar rotina. Se todo mês você depende dele, vale olhar a causa, que pode estar em prazo, margem ou custo, e comparar alternativas.

Leonardo Rezende
Especialista em dívidas empresariais

#chequeespecial #limitedeconta #fluxodecaixa #dividasempresariais #credito",novo
info_093,info/info_093.jpg,"Existe uma lógica aqui: o autor não deve ser prejudicado por uma demora que não causou. Quem foi processado deve olhar a data do protocolo, e não só a data em que recebeu a citação.

Leonardo Rezende
Especialista em dívidas empresariais

#prescricao #citacao #dataprotocolo #processocivil #dividasempresariais",novo
info_094,info/info_094.jpg,"A carência dá fôlego para o negócio rodar até a primeira parcela. Só convém saber de antemão como os juros do período serão cobrados e como isso muda as parcelas depois.

Leonardo Rezende
Especialista em dívidas empresariais

#carencia #financiamento #creditoparaempresas #gestaodepassivos #direitobancario",novo
info_095,info/info_095.jpg,"O telefone toca e o e-mail chega o tempo todo. Se eu não escolho antes o que é importante, o dia vira resposta para o urgente dos outros. Escolho três coisas de manhã e começo por elas.

Leonardo Rezende
Especialista em dívidas empresariais

#produtividade #prioridades #gestaodotempo #advocacia #empreendedorismo",novo
info_096,info/info_096.jpg,"Quando tudo parece urgente, a lista ajuda a enxergar a ordem real. Com taxa, saldo e prazo lado a lado, a decisão sobre qual dívida atacar primeiro fica menos emocional.

Leonardo Rezende
Especialista em dívidas empresariais

#listadedividas #priorizacaodedividas #gestaodepassivos #financasempresariais #empresarios",novo
info_097,info/info_097.jpg,"A recuperação extrajudicial nasce da conversa entre a empresa e os credores. Há regras, limites e a possibilidade de levar o plano ao juiz para homologação. Cada situação pede uma análise cuidadosa.

Leonardo Rezende
Especialista em dívidas empresariais

#recuperacaoextrajudicial #reestruturacaodedividas #direitoempresarial #advocacia #empresarios",novo
info_098,info/info_098.jpg,"Penhora assusta porque a palavra soa definitiva, mas ela não é. Há avaliação, possibilidade de discussão e bens que a lei protege. Entender a ordem das etapas tira parte do medo.

Leonardo Rezende
Especialista em dívidas empresariais

#penhora #execucao #impenhorabilidade #dividas #direitoprocessual",novo
info_099,info/info_099.jpg,"A entrada é uma troca entre o custo de amanhã e a folga de hoje. Antes de decidir, vale simular com valores diferentes e ver quanto sobra de capital de giro depois de pagar.

Leonardo Rezende
Especialista em dívidas empresariais

#entradanofinanciamento #capitaldegiro #financiamento #creditoempresarial #fluxodecaixa",novo
info_100,info/info_100.jpg,"Semana cheia pede planejamento, não heroísmo. Falar cedo que o prazo está apertado é parte do trabalho bem feito e quase sempre abre alternativas que não existiam na última hora.

Leonardo Rezende
Especialista em dívidas empresariais

#gestaodetempo #prazos #rotinadeadvogado #financasempresariais #dividasempresariais",novo
info_101,info/info_101.jpg,"No consignado o juro costuma ser menor, e por isso a tentação é grande. Mas como o desconto é automático, o orçamento fica mais rígido. Pense no total e no prazo, não só na parcela.

Leonardo Rezende
Especialista em dívidas empresariais

#emprestimoconsignado #juros #orcamento #credito #financaspessoais",novo
info_102,info/info_102.jpg,"Eu não leio essa cláusula com medo, leio para planejar. Saber quais gatilhos existem ajuda a evitá-los e a conversar com o banco antes que algum aconteça.

Leonardo Rezende
Especialista em dívidas empresariais

#vencimentoantecipado #clausulascontratuais #contratosbancarios #direitobancario #gestaodepassivos",novo
info_103,info/info_103.jpg,"A lei presume válidas as intimações enviadas ao endereço que consta dos autos, mesmo que a pessoa tenha mudado sem avisar. Mudou de casa ou de e-mail? Avise o processo e o advogado.

Leonardo Rezende
Especialista em dívidas empresariais

#intimacao #mudancadeendereco #processocivil #direitoempresarial #educacaofinanceira",novo
info_104,info/info_104.jpg,"Não existe ordem única para pagar as dívidas, mas existe critério. Eu costumo olhar o que paralisa a operação, o que tem garantia em jogo e o que custa mais caro. Pagar só por quem pressiona mais pode criar outros problemas.

Leonardo Rezende
Especialista em dívidas empresariais

#priorizacaodedividas #gestaodepassivos #dividasempresariais #fluxodecaixa #empresarios",novo
info_105,info/info_105.jpg,"O direito muda, os tribunais mudam, os contratos mudam. Eu tento ler algo novo todo dia, nem que seja uma decisão curta. Pouco e sempre rende mais do que muito e raramente.

Leonardo Rezende
Especialista em dívidas empresariais

#atualizacaojuridica #estudo #jurisprudencia #advocacia #rotinadeadvogado",novo
info_106,info/info_106.jpg,"É o credor quem tem o dever de tirar o nome, não você. Se o prazo passar e o nome continuar lá, os comprovantes e a data do pagamento ajudam a mostrar o que aconteceu.

Leonardo Rezende
Especialista em dívidas empresariais

#nomenegativado #baixadanegativacao #serasa #negociacaodedividas #empreendedorismo",novo
info_107,info/info_107.jpg,"Peça a lista de tarifas junto com a minuta do contrato. Cada cobrança deve ter nome e valor claros, e é essa lista que ajuda a conferir o que aparece depois no extrato.

Leonardo Rezende
Especialista em dívidas empresariais

#tarifasbancarias #minutadecontrato #contratosbancarios #direitobancario #credito",novo
info_108,info/info_108.jpg,"Por isso o primeiro texto e o primeiro conjunto de documentos pesam tanto. Nem todo processo tem audiência de instrução, e a decisão pode sair direto da leitura do que foi juntado.

Leonardo Rezende
Especialista em dívidas empresariais

#audienciadeinstrucao #provadocumental #peticaoinicial #processocivil #advocacia",novo
info_109,info/info_109.jpg,"Custo fixo é o que a empresa paga mesmo quando a venda cai. Somar tudo em um número só deixa mais claro quanto é preciso vender para manter as portas abertas.

Leonardo Rezende
Especialista em dívidas empresariais

#custofixo #pontodeequilibrio #gestaofinanceira #advogadoempresarial #gestaoempresarial",novo
info_110,info/info_110.jpg,"Reunião boa tem começo, meio e fim. Com pauta enviada antes, tempo definido e um resumo curto depois, ninguém sai sem saber o que deve fazer. Tempo bem usado também é respeito com a equipe.

Leonardo Rezende
Especialista em dívidas empresariais

#reunioes #gestaodetempo #produtividade #lideranca #empreendedorismo",novo
info_111,info/info_111.jpg,"Margem comprometida deixa pouco espaço para imprevistos. Antes de pegar mais um consignado, vale ver quanto do contracheque ou do benefício já está reservado para parcelas.

Leonardo Rezende
Especialista em dívidas empresariais

#consignado #margemconsignavel #superendividamento #educacaofinanceira #direitodoconsumidor",novo
info_112,info/info_112.jpg,"Misturar as contas esconde o resultado real do negócio. Com retirada fixa, a empresa sabe o que tem e o dono sabe quanto pode gastar. É uma mudança simples que organiza as duas vidas.

Leonardo Rezende
Especialista em dívidas empresariais

#prolabore #separarcontas #financaspessoaisedaempresa #gestaodepassivos #direitobancario",novo
info_113,info/info_113.jpg,"Sem os números, a alegação fica solta e pode nem ser analisada. Uma planilha organizada, com datas, taxas e pagamentos, ajuda o juiz e o perito a entenderem onde está a diferença.

Leonardo Rezende
Especialista em dívidas empresariais

#acaorevisional #calculo #planilha #provas #direitobancario",novo
info_114,info/info_114.jpg,"Muita gente esconde a dívida por vergonha e acaba aumentando o problema. Conversar com quem mora com você não resolve tudo, mas tira um peso e abre caminhos.

Leonardo Rezende
Especialista em dívidas empresariais

#endividamento #dividasemfamilia #saudefinanceira #educacaofinanceira #empresarios",novo
info_115,info/info_115.jpg,"Falso advogado usa dados reais de processo para parecer verdadeiro. Antes de qualquer pagamento, confirme tudo por conta própria, por canais que você mesmo encontrou, e não pelos que ele passou.

Leonardo Rezende
Especialista em dívidas empresariais

#falsoadvogado #golpejudicial #fraudedigital #advocacia #empresarios",novo
info_116,info/info_116.jpg,"Eu sugiro anotar os percentuais de cada cliente junto com o calendário de vencimentos. Se um recebimento atrasar, dá para decidir com os números na mão e conversar antes do vencimento.

Leonardo Rezende
Especialista em dívidas empresariais

#recebiveis #calendariodevencimentos #fluxodecaixa #gestaodepassivos #financasempresariais",novo
info_117,info/info_117.jpg,"É um detalhe que passa despercebido na hora da assinatura. Conversar em casa antes e guardar cópia do que foi assinado é uma forma de cuidar da família e do negócio ao mesmo tempo.

Leonardo Rezende
Especialista em dívidas empresariais

#antesdeassinar #avalefianca #contratos #protecaopatrimonial #empresarios",novo
info_118,info/info_118.jpg,"Score é uma estimativa estatística de risco, não uma lista de devedores. Entender como ele é calculado ajuda a saber o que melhorar e a conferir se os dados estão certos.

Leonardo Rezende
Especialista em dívidas empresariais

#score #scoredecredito #cadastropositivo #financasempresariais #dividasempresariais",novo
info_119,info/info_119.jpg,"Trocar uma dívida por outra só faz sentido se o custo total cair ou o prazo se ajustar à realidade do caixa. Compare o que se paga no fim, e não apenas o alívio da parcela do primeiro mês.

Leonardo Rezende
Especialista em dívidas empresariais

#refinanciamento #portabilidade #dividasempresariais #custototal #financasempresariais",novo
info_120,info/info_120.jpg,"Isso vale para qualquer relação de trabalho. A memória falha e cada um lembra de um jeito. Escrever o que foi combinado protege os dois lados e deixa a relação mais tranquila.

Leonardo Rezende
Especialista em dívidas empresariais

#combinadoescrito #contratodeprestacaodeservicos #contratos #relacaodetrabalho #empresarios",novo
info_121,info/info_121.jpg,"É uma possibilidade prevista no CPC para a execução de título extrajudicial, com regras e prazo bem definidos. Como envolve reconhecer a dívida, é uma decisão para pensar com calma e com os números na mão.

Leonardo Rezende
Especialista em dívidas empresariais

#parcelamentodadivida #execucao #cpc #direitoempresarial #educacaofinanceira",novo
info_122,info/info_122.jpg,"Antecipar recebíveis ajuda o caixa, mas o risco de inadimplência do cliente pode voltar para você, dependendo do que foi contratado. É uma conta que vale fazer antes.

Leonardo Rezende
Especialista em dívidas empresariais

#antecipacaoderecebiveis #recebiveis #fluxodecaixa #direitobancario #empresarios",novo
info_123,info/info_123.jpg,"É um tema técnico, mas a ideia é simples: quem cobra também tem o dever de dar andamento ao processo. Cada caso tem datas e movimentações próprias, então vale conferir o histórico dos autos.

Leonardo Rezende
Especialista em dívidas empresariais

#prescricaointercorrente #execucao #andamentoprocessual #processocivil #dividasempresariais",novo
info_124,info/info_124.jpg,"Débito automático dá comodidade, mas depende de saldo na data certa. Um lembrete uns dias antes e a conta com valor disponível evitam atraso por simples descuido.

Leonardo Rezende
Especialista em dívidas empresariais

#debitoautomatico #atrasodepagamento #organizacaofinanceira #negociacaodedividas #empreendedorismo",novo
info_125,info/info_125.jpg,"Uma defesa boa começa por uma conversa honesta. Quando a pessoa sabe que pode falar sem medo de ser julgada, a história aparece completa, e é com ela que se trabalha.

Leonardo Rezende
Especialista em dívidas empresariais

#defesa #atendimentoaocliente #escuta #advocacia #processocivil",novo
info_126,info/info_126.jpg,"Parece burocracia, mas é o que sustenta qualquer reclamação depois. Crie uma pasta no celular só para isso e salve tudo no mesmo dia em que receber, com data e horário visíveis.

Leonardo Rezende
Especialista em dívidas empresariais

#provasdigitais #organizacaodedocumentos #prints #direitodoconsumidor #advocacia",novo
info_127,info/info_127.jpg,"Saber quanto de cada parcela está abatendo a dívida ajuda a entender por que o saldo cai mais devagar em alguns momentos. Peça a planilha de evolução e confira a divisão.

Leonardo Rezende
Especialista em dívidas empresariais

#amortizacao #planilhadeevolucao #saldodevedor #advogadoempresarial #gestaoempresarial",novo
info_128,info/info_128.jpg,"As provas precisam ser bem trabalhadas desde o início do processo. Lá na frente, nos tribunais superiores, o espaço para rediscutir fatos é muito menor.

Leonardo Rezende
Especialista em dívidas empresariais

#provas #recursos #tribunaissuperiores #processocivil #estrategiaprocessual",novo
info_129,info/info_129.jpg,"Quando o dinheiro da casa e o da empresa se confundem, ninguém sabe se o negócio dá lucro. Uma retirada combinada traz previsibilidade para as duas contas. Sobre forma e tributação, vale conversar com o contador.

Leonardo Rezende
Especialista em dívidas empresariais

#prolabore #separacaodecontas #financasempresariais #gestaofinanceira #empresarios",novo
info_130,info/info_130.jpg,"Assinar não valida tudo. Cláusula abusiva é nula mesmo estando no papel. Saber disso dá segurança para perguntar e, quando for o caso, questionar o que foi imposto.

Leonardo Rezende
Especialista em dívidas empresariais

#clausulaabusiva #revisaodecontrato #direitodoconsumidor #gestaodepassivos #direitobancario",novo
info_131,info/info_131.jpg,"Audiência online tem a mesma seriedade da presencial, e o cuidado com a estrutura faz parte. Um lugar silencioso, entrar alguns minutos antes e ter o link e o documento separados ajudam a falar com tranquilidade.

Leonardo Rezende
Especialista em dívidas empresariais

#audienciaonline #audiencia #processocivil #preparacao #advocacia",novo
info_132,info/info_132.jpg,"Separar o patrimônio da empresa e o dos sócios protege os dois lados. Misturar contas é um dos exemplos que a lei cita como confusão patrimonial. Retirada organizada e registro de tudo fazem diferença.

Leonardo Rezende
Especialista em dívidas empresariais

#confusaopatrimonial #desconsideracaodapersonalidade #protecaopatrimonial #direitoempresarial #empresarios",novo
info_133,info/info_133.jpg,"Eu separo alguns momentos do dia para responder tudo com calma. No resto do tempo, trabalho com a porta fechada. Combinar isso com a equipe e com os clientes evita ruído.

Leonardo Rezende
Especialista em dívidas empresariais

#rotinadeadvogado #produtividade #comunicacao #advocacia #empresarios",novo
info_134,info/info_134.jpg,"Negociar em bloco é chegar a todos os credores com a mesma fotografia da empresa e uma proposta coerente. Nada garante a aceitação, mas o diálogo costuma ser mais claro quando todos recebem informação organizada.

Leonardo Rezende
Especialista em dívidas empresariais

#negociacaoembloco #credores #gestaodepassivos #dividasempresariais #reestruturacao",novo
info_135,info/info_135.jpg,"Chegou um cartão que você nunca pediu? Não desbloqueie nem use, e guarde o envelope. Entre em contato com a instituição para registrar que não houve solicitação.

Leonardo Rezende
Especialista em dívidas empresariais

#cartaonaosolicitado #praticaabusiva #direitodoconsumidor #cdc #direitobancario",novo
info_136,info/info_136.jpg,"Não é para cortar todo prazer, e sim para saber o que é escolha e o que é distração. Rever as assinaturas uma vez por mês já libera dinheiro em muitos orçamentos.

Leonardo Rezende
Especialista em dívidas empresariais

#assinaturas #controledegastos #orcamento #financasempresariais #dividasempresariais",novo
info_137,info/info_137.jpg,"Isso não quer dizer que toda renegociação será revista. Quer dizer que assinar um novo acordo, por si só, não fecha a porta para a análise do contrato de origem.

Leonardo Rezende
Especialista em dívidas empresariais

#renegociacao #acordo #contratosbancarios #revisaocontratual #direitobancario",novo
info_138,info/info_138.jpg,"A visita do oficial de justiça costuma gerar susto, mas ele cumpre uma ordem do juiz e registra tudo por escrito. Receber com calma, ler o que for entregue e anotar a data ajuda a acompanhar os prazos.

Leonardo Rezende
Especialista em dívidas empresariais

#oficialdejustica #mandadojudicial #prazosprocessuais #processocivil #dividasempresariais",novo
info_139,info/info_139.jpg,"Dívida espalhada em vários bancos e fornecedores costuma esconder o tamanho real do problema. Um quadro único, atualizado todo mês, é a base para qualquer decisão ou negociação.

Leonardo Rezende
Especialista em dívidas empresariais

#mapeamentodedividas #quadrodedividas #gestaodepassivos #direitoempresarial #educacaofinanceira",novo
info_140,info/info_140.jpg,"Vender a prazo é também dar crédito, e dar crédito exige critério. Definir prazo e limite antes de fechar a venda protege o caixa e evita cobrança difícil depois. Regra clara é bom para os dois lados.

Leonardo Rezende
Especialista em dívidas empresariais

#vendaaprazo #concessaodecredito #inadimplencia #fluxodecaixa #empresarios",novo
info_141,info/info_141.jpg,"Golpistas usam ameaça e urgência para que a pessoa aja sem pensar. Se a mensagem fala em bloqueio ou penhora imediata, pare e confirme por outro canal oficial.

Leonardo Rezende
Especialista em dívidas empresariais

#golpedafalsacobranca #golpesfinanceiros #seguranca #educacaofinanceira #empresarios",novo
info_142,info/info_142.jpg,"A conversa com o advogado precisa ser um lugar seguro. Quanto mais completa a história, melhor o trabalho. Por isso levo o sigilo a sério em reunião, em mensagem e até em conversa informal.

Leonardo Rezende
Especialista em dívidas empresariais

#sigiloprofissional #eticaadvocaticia #confianca #negociacaodedividas #empreendedorismo",novo
info_143,info/info_143.jpg,"Reunir contratos, extratos e comprovantes antes do prazo da defesa é muito importante. Deixar para a última hora aumenta o risco de ficar de fora justamente o documento que mais ajudaria.

Leonardo Rezende
Especialista em dívidas empresariais

#defesa #prazodedefesa #documentos #processocivil #advocacia",novo
info_144,info/info_144.jpg,"Duas propostas com a mesma taxa podem custar valores diferentes por causa de tarifas e seguros. O CET aparece no contrato e é a melhor régua para comparar.

Leonardo Rezende
Especialista em dívidas empresariais

#cet #custoefetivototal #comparacaodepropostas #creditoempresarial #direitobancario",novo
info_145,info/info_145.jpg,"Programas de crédito têm regras próprias de limite, prazo e carência, e elas mudam com o tempo. O caminho seguro é conferir a norma atual e o contrato que o seu banco apresentar.

Leonardo Rezende
Especialista em dívidas empresariais

#programasdecredito #creditoparamicroepequenas #normasatuais #advogadoempresarial #gestaoempresarial",novo
info_146,info/info_146.jpg,"Se receber o que não pediu, guarde a prova do envio e avise a empresa por escrito. Vale conferir se não foi você mesmo que aceitou algo em algum cadastro.

Leonardo Rezende
Especialista em dívidas empresariais

#direitodoconsumidor #cobrancaindevida #produtonaosolicitado #cdc #provas",novo
info_147,info/info_147.jpg,"Eu não digo que isso é regra nem que é abusivo. Digo que existe e que o empresário precisa saber antes de assinar, para planejar o caixa de todos os bancos juntos e não de um só.

Leonardo Rezende
Especialista em dívidas empresariais

#clausulacruzada #crossdefault #contratosbancarios #gestaodepassivos #empresarios",novo
info_148,info/info_148.jpg,"Quem promete resultado não está sendo honesto com o cliente. Meu compromisso é com o cuidado: analisar, explicar com clareza e acompanhar o caso com atenção do início ao fim.

Leonardo Rezende
Especialista em dívidas empresariais

#eticaadvocaticia #transparencia #atendimentoaocliente #gestaodepassivos #direitobancario",novo
info_149,info/info_149.jpg,"Antecipar recebível troca dinheiro futuro por dinheiro hoje, com desconto. Em emergência, pode ajudar. O ponto de atenção é depender disso o tempo todo, porque a margem vai diminuindo sem que a gente note.

Leonardo Rezende
Especialista em dívidas empresariais

#antecipacaoderecebiveis #fluxodecaixa #margem #financasempresariais #gestaodepassivos",novo
info_150,info/info_150.jpg,"Quem recebe uma execução costuma achar que só resta pagar. Existe um caminho de defesa, com prazo e forma definidos. Conferir o cálculo e o título é o ponto de partida.

Leonardo Rezende
Especialista em dívidas empresariais

#execucao #embargosaexecucao #defesajudicial #dividasempresariais #processocivil",novo
info_151,info/info_151.jpg,"Casamento não transforma automaticamente toda dívida em dívida do casal. O regime de bens e a finalidade da dívida pesam. Por isso, cada situação precisa ser analisada.

Leonardo Rezende
Especialista em dívidas empresariais

#dividasnocasamento #regimedebens #direitodefamilia #advocacia #empresarios",novo
info_152,info/info_152.jpg,"Um alerta importante: discutir o contrato na Justiça não suspende as parcelas por conta própria. A decisão de pagar ou não deve ser tomada com orientação e com calma.

Leonardo Rezende
Especialista em dívidas empresariais

#acaorevisional #parcelas #contratosbancarios #inadimplencia #direitobancario",novo
info_153,info/info_153.jpg,"Acontece de a penhora alcançar um bem que não pertence ao devedor, como o de um familiar ou de um comprador de boa-fé. A lei prevê um instrumento próprio para quem está nessa posição. Documento de propriedade ajuda.

Leonardo Rezende
Especialista em dívidas empresariais

#embargosdeterceiro #penhora #protecaopatrimonial #processocivil #direitopatrimonial",novo
info_154,info/info_154.jpg,"Cobrança firme não significa que não haja espaço para conversar. Em geral, o credor quer ver que existe um plano e que ele será cumprido. Chegar com números honestos ajuda mais do que chegar só com promessa.

Leonardo Rezende
Especialista em dívidas empresariais

#negociacaocomcredores #planodepagamento #cobranca #financasempresariais #dividasempresariais",novo
info_155,info/info_155.jpg,"O consignado é cômodo porque o desconto é automático. O cuidado precisa vir antes da assinatura: depois dela, o contrato vale e a parcela entra no orçamento todo mês.

Leonardo Rezende
Especialista em dívidas empresariais

#emprestimoconsignado #credito #orcamento #contratos #direitodoconsumidor",novo
info_156,info/info_156.jpg,"A multa é uma coisa; os juros de atraso e a correção são outras. Ao pedir o valor atualizado, peça também o detalhamento de cada parcela para conferir se o limite foi respeitado.

Leonardo Rezende
Especialista em dívidas empresariais

#multaporatraso #jurosdemora #saldodevedor #direitodoconsumidor #direitobancario",novo
info_157,info/info_157.jpg,"O recurso olha a decisão, não começa o processo de novo. Por isso, ler a fundamentação com atenção antes de decidir é tão importante. E o prazo corre contra quem demora.

Leonardo Rezende
Especialista em dívidas empresariais

#recurso #prazorecursal #decisaojudicial #direitoempresarial #educacaofinanceira",novo
info_158,info/info_158.jpg,"A notificação é o aviso formal de que há parcela em atraso. Em contratos de leasing, vale guardar as cartas e e-mails recebidos, porque a data de cada um importa.

Leonardo Rezende
Especialista em dívidas empresariais

#leasing #notificacao #mora #contratosbancarios #direitobancario",novo
info_159,info/info_159.jpg,"Delegar bem é investir no começo para ganhar no fim. Quem entende o porquê da tarefa faz melhor e pede ajuda a tempo. Todo mundo ganha, inclusive o cliente.

Leonardo Rezende
Especialista em dívidas empresariais

#delegacao #gestaodeequipe #lideranca #advocacia #produtividade",novo
info_160,info/info_160.jpg,"A confiança é a base dessa relação, e a lei permite a troca de advogado. O importante é que o processo não fique sem representação nos prazos e que os documentos sejam repassados com cuidado.

Leonardo Rezende
Especialista em dívidas empresariais

#trocadeadvogado #relacaocomocliente #processojudicial #negociacaodedividas #empreendedorismo",novo
info_161,info/info_161.jpg,"Muito vazamento de dados nasce de descuido pequeno: senha repetida, computador aberto, documento esquecido na impressora. Cuidar do dado dos outros faz parte do trabalho, em qualquer profissão.

Leonardo Rezende
Especialista em dívidas empresariais

#lgpd #protecaodedados #vazamentodedados #seguranca #advocacia",novo
info_162,info/info_162.jpg,"Separar aos poucos um valor para cobrir parcelas dá margem para o imprevisto. Não precisa ser grande no começo, o importante é criar o hábito e manter.

Leonardo Rezende
Especialista em dívidas empresariais

#reservafinanceira #reservadeemergencia #fluxodecaixa #financasempresariais #educacaofinanceira",novo
info_163,info/info_163.jpg,"Ouvir a expressão recuperação judicial costuma assustar. É um instrumento previsto em lei, com requisitos e consequências, e não é a única porta. Entender as opções antes de decidir diminui bastante a ansiedade.

Leonardo Rezende
Especialista em dívidas empresariais

#recuperacaojudicial #reestruturacaoempresarial #crisenaempresa #advogadoempresarial #gestaoempresarial",novo
info_164,info/info_164.jpg,"Vazamento não é culpa de quem teve o dado exposto. O importante é reagir cedo: trocar acessos, acompanhar movimentações e guardar registros do que aconteceu.

Leonardo Rezende
Especialista em dívidas empresariais

#vazamentodedados #lgpd #fraude #seguranca #direitodoconsumidor",novo
info_165,info/info_165.jpg,"Alongar a dívida costuma ser uma ferramenta útil e, às vezes, a melhor saída. Só não deve ser decidido olhando apenas a parcela. Dois números lado a lado já ajudam bastante.

Leonardo Rezende
Especialista em dívidas empresariais

#alongamentodedivida #renegociacao #negociacaobancaria #gestaodepassivos #financasempresariais",novo
info_166,info/info_166.jpg,"É uma informação importante para decidir com os olhos abertos. A gratuidade ajuda a acessar a Justiça, mas não apaga por completo a responsabilidade de quem perde. Vale conhecer a regra desde o começo.

Leonardo Rezende
Especialista em dívidas empresariais

#gratuidadedajustica #custasprocessuais #honorarios #gestaodepassivos #direitobancario",novo
info_167,info/info_167.jpg,"Juros de mora são os do atraso, diferentes dos juros do contrato. Vale separar as duas coisas ao ler o extrato da dívida, para entender o que está sendo cobrado em cada parte.

Leonardo Rezende
Especialista em dívidas empresariais

#jurosdemora #juros #extratodadivida #direitobancario #cobranca",novo
info_168,info/info_168.jpg,"Cadastro virou rotina e a gente acaba preenchendo tudo no automático. Parar um segundo para perguntar a finalidade já protege você de muito incômodo, de spam a golpe.

Leonardo Rezende
Especialista em dívidas empresariais

#lgpd #protecaodedados #privacidade #direitodoconsumidor #seguranca",novo
info_169,info/info_169.jpg,"Comparar taxa mensal com taxa anual sem converter confunde qualquer um. Peça sempre o custo total e, se puder, o valor final a pagar. Número na mesma base facilita a escolha.

Leonardo Rezende
Especialista em dívidas empresariais

#taxadejuros #custototal #comparacaodecredito #advocacia #empresarios",novo
info_170,info/info_170.jpg,"Pensar em crédito antes de a necessidade apertar permite comparar o CET, ler os anexos e perguntar o que for preciso. Decidir sem pressa é quase sempre uma decisão melhor.

Leonardo Rezende
Especialista em dívidas empresariais

#cet #credito #planejamentofinanceiro #contratosbancarios #empresarios",novo
info_171,info/info_171.jpg,"Acesso à Justiça não deveria depender de ter dinheiro. A Defensoria existe para isso, e cada estado tem seus critérios e canais de atendimento. Vale buscar as regras locais antes de desistir de se defender.

Leonardo Rezende
Especialista em dívidas empresariais

#defensoriapublica #acessoajustica #gratuidadedajustica #processocivil #direitosdocidadao",novo
info_172,info/info_172.jpg,"Reestruturar é reorganizar prazos, valores e ordem de pagamento para que a dívida caiba na realidade da empresa. Pode envolver renegociação direta ou outros caminhos. O ponto de partida é sempre o mesmo: números claros.

Leonardo Rezende
Especialista em dívidas empresariais

#reestruturacaodedividas #renegociacao #dividasempresariais #financasempresariais #direitoempresarial",novo
info_173,info/info_173.jpg,"Eu sempre peço o saldo devedor com a data da conta e a planilha do cálculo, por escrito. Assim fica fácil conferir o número, comparar com os seus registros e saber até quando ele vale.

Leonardo Rezende
Especialista em dívidas empresariais

#saldodevedor #planilhadecalculo #negociacaodedividas #direitobancario #dividasempresariais",novo
info_174,info/info_174.jpg,"Erro de cadastro e fraude acontecem. Antes de pagar ou negar, é justo querer entender de onde veio a cobrança. Informação clara é o primeiro passo de qualquer decisão.

Leonardo Rezende
Especialista em dívidas empresariais

#cobrancaindevida #fraude #direitodoconsumidor #negociacaodedivida #educacaofinanceira",novo
info_175,info/info_175.jpg,"A fala é rápida, o contrato é o que vale. Reservar meia hora para ler com calma, de preferência com uma caneta na mão, costuma poupar meses de dor de cabeça.

Leonardo Rezende
Especialista em dívidas empresariais

#leituradecontrato #contratos #prevencao #direitoempresarial #educacaofinanceira",novo
info_176,info/info_176.jpg,"Um detalhe que pesa na hora de montar a defesa: explicar bem o contrato desde a primeira instância. Depois, o espaço para mudar a leitura de uma cláusula em tribunal superior é bem menor.

Leonardo Rezende
Especialista em dívidas empresariais

#defesa #primeirainstancia #recursos #contratosbancarios #estrategiaprocessual",novo
info_177,info/info_177.jpg,"A lei traz requisitos objetivos para a recuperação judicial e também situações em que ela não é possível. Por isso, a pergunta certa não é só se a empresa está em crise, mas se ela se enquadra no que a lei prevê.

Leonardo Rezende
Especialista em dívidas empresariais

#recuperacaojudicial #lei11101 #requisitosrj #gestaodepassivos #direitoempresarial",novo
info_178,info/info_178.jpg,"Faço essa pergunta antes de quase toda decisão, do trabalho à vida pessoal. Nem sempre ela muda o caminho, mas quase sempre melhora o preparo e diminui o susto se algo sair diferente do esperado.

Leonardo Rezende
Especialista em dívidas empresariais

#planejamento #tomadadedecisao #cenarios #negociacaodedividas #empreendedorismo",novo
info_179,info/info_179.jpg,"Muita gente confunde as duas coisas. O Cadastro Positivo reúne o histórico de pagamentos, e a lista de inadimplentes é outra coisa. Saber a diferença evita medo à toa e ajuda a decidir.

Leonardo Rezende
Especialista em dívidas empresariais

#cadastropositivo #score #negativacao #creditoparaempresas #direitodoconsumidor",novo
info_180,info/info_180.jpg,"Quando converso sobre crédito, gosto de olhar o pior mês antes do melhor. Se a parcela cabe no mês fraco, o resto do ano tende a ser bem mais tranquilo.

Leonardo Rezende
Especialista em dívidas empresariais

#planejamentodecredito #sazonalidade #fluxodecaixa #creditoempresarial #financasempresariais",novo
info_181,info/info_181.jpg,"Parcela menor dá alívio, mas o que mede a vantagem é o total. Se a troca fecha a conta com um valor final menor, tende a ser boa. Se só estica o prazo, atenção.

Leonardo Rezende
Especialista em dívidas empresariais

#portabilidadedecredito #refinanciamento #custototal #advogadoempresarial #gestaoempresarial",novo
info_182,info/info_182.jpg,"Eu escuto muito isso de empresários: o problema não é só financeiro, é pessoal. Um passo de cada vez, com informação clara, ajuda a retomar o controle. Pedir apoio faz parte do caminho e não é fraqueza.

Leonardo Rezende
Especialista em dívidas empresariais

#saudeemocional #empresarios #dividasempresariais #empreendedorismo #gestaodepassivos",novo
info_183,info/info_183.jpg,"Quando tudo está em um lugar, dá para ver qual contrato pesa mais, qual vence primeiro e onde vale conversar antes. É um exercício simples que muda a clareza da decisão.

Leonardo Rezende
Especialista em dívidas empresariais

#mapadedividas #gestaodepassivos #organizacaofinanceira #dividasempresariais #empresarios",novo
info_184,info/info_184.jpg,"Fundamentação é a parte em que a decisão mostra o caminho percorrido. Quem lê com calma entende melhor o resultado e consegue avaliar se há algo a questionar. Vale ler além da conclusão.

Leonardo Rezende
Especialista em dívidas empresariais

#fundamentacao #sentenca #decisaojudicial #gestaodepassivos #direitobancario",novo
info_185,info/info_185.jpg,"O que entra e o que fica fora da recuperação judicial é uma das dúvidas mais comuns. A lei traz o princípio geral e também exceções, como alguns créditos garantidos por alienação fiduciária. A análise é sempre caso a caso.

Leonardo Rezende
Especialista em dívidas empresariais

#recuperacaojudicial #alienacaofiduciaria #credores #reestruturacao #direitoempresarial",novo
info_186,info/info_186.jpg,"Embargos de declaração servem para esclarecer ponto obscuro, contraditório ou omisso, ou para corrigir erro material. Não servem para rediscutir o resultado só porque ele desagradou. Vale ler a decisão a tempo de pedir.

Leonardo Rezende
Especialista em dívidas empresariais

#embargosdedeclaracao #recursos #prazosprocessuais #processocivil #advocacia",novo
info_187,info/info_187.jpg,"Negrito ou letras maiores querem dizer: leia aqui com atenção. Se uma cláusula importante estiver sem destaque, vale perguntar e pedir explicação por escrito antes de assinar.

Leonardo Rezende
Especialista em dívidas empresariais

#clausulacontratual #leituradecontrato #contratobancario #advocacia #empresarios",novo
info_188,info/info_188.jpg,"Clareza vem antes do preço. Se a informação sobre custo, prazo ou risco está confusa, vale pedir que expliquem de novo e por escrito. Informar bem também é uma forma de respeito.

Leonardo Rezende
Especialista em dívidas empresariais

#transparencia #informacaoclara #contratosbancarios #credito #direitodoconsumidor",novo
info_189,info/info_189.jpg,"Receber cobrança de empresa desconhecida assusta e abre espaço para golpe. Peça os dados da cessão e do contrato original, e só pague depois de conferir por canais oficiais.

Leonardo Rezende
Especialista em dívidas empresariais

#cessaodecredito #cobrancaindevida #golpesfinanceiros #dividasempresariais #direitodoconsumidor",novo
info_190,info/info_190.jpg,"Fazer essa conferência uma vez por ano ajuda a achar contrato esquecido, valor diferente do esperado ou dívida que já foi paga e continua aparecendo. É manter a casa em ordem.

Leonardo Rezende
Especialista em dívidas empresariais

#revisaoanual #auditoriadedividas #organizacaofinanceira #financasempresariais #dividasempresariais",novo
info_191,info/info_191.jpg,"Reconvenção é uma forma de a pessoa processada levar ao mesmo processo o seu próprio pedido contra quem a processou, desde que haja ligação com o tema. Nem toda situação comporta, e há regras de forma.

Leonardo Rezende
Especialista em dívidas empresariais

#reconvencao #defesa #processocivil #direitoprocessual #advocacia",novo
info_192,info/info_192.jpg,"Atraso de um vira atraso de outro quando ninguém conversa. Avisar antes, propor data realista e cumprir o que foi combinado preserva a relação e a reputação, que também são capital da empresa.

Leonardo Rezende
Especialista em dívidas empresariais

#inadimplencia #relacaocomfornecedores #fluxodecaixa #reputacao #financasempresariais",novo
info_193,info/info_193.jpg,"Já precisei fazer isso e não é confortável. Mas assumir o erro com clareza costuma ser o primeiro passo para reconstruir a confiança. O resto vem com atitude e com o cumprimento do que foi prometido.

Leonardo Rezende
Especialista em dívidas empresariais

#assumirerros #confianca #eticaprofissional #direitoempresarial #educacaofinanceira",novo
info_194,info/info_194.jpg,"Às vezes a pessoa paga por anos sem saber quanto disso é dívida e quanto é custo. Pedir o detalhamento é um direito do consumidor e deixa a decisão bem mais informada.

Leonardo Rezende
Especialista em dívidas empresariais

#detalhamentodadivida #custoefetivo #direitodoconsumidor #contratosbancarios #dividas",novo
info_195,info/info_195.jpg,"O dinheiro que chega no fim do ano costuma ter destino marcado pelo consumo. Se houver dívida cara, vale reservar uma fatia para ela antes de qualquer outra coisa.

Leonardo Rezende
Especialista em dívidas empresariais

#decimoterceiro #dividacara #planejamentofinanceiro #educacaofinanceira #dividas",novo
info_196,info/info_196.jpg,"Em ações que discutem juros e cálculos, a perícia pode esclarecer muito, mas tem custo e prazo. Conversar sobre isso antes de pedir evita surpresa, e a gratuidade da Justiça pode alterar o quadro.

Leonardo Rezende
Especialista em dívidas empresariais

#pericia #periciacontabil #revisionalbancaria #negociacaodedividas #empreendedorismo",novo
info_197,info/info_197.jpg,"Um limite pré-aprovado não é dinheiro seu: é uma porta aberta que pode ou não ser usada. Antes de usar, vale saber a taxa, o prazo e como o uso afeta o caixa.

Leonardo Rezende
Especialista em dívidas empresariais

#limitepreaprovado #credito #fluxodecaixa #juros #financasempresariais",novo
info_198,info/info_198.jpg,"Boa parte da confusão no trabalho nasce de mensagem mal escrita. Eu tento abrir o e-mail com o pedido e fechar com o prazo. Poupa tempo de quem escreve e de quem lê.

Leonardo Rezende
Especialista em dívidas empresariais

#comunicacaoclara #emailprofissional #produtividade #advocacia #empresarios",novo
info_199,info/info_199.jpg,"Um cuidado simples que ajuda: ler o pedido da inicial linha por linha e perguntar o que está sendo cobrado de fato. O resto da conversa, da defesa à audiência, nasce dali.

Leonardo Rezende
Especialista em dívidas empresariais

#peticaoinicial #defesajudicial #acaodecobranca #advogadoempresarial #gestaoempresarial",novo
info_200,info/info_200.jpg,"Acompanhar quanto da receita vai para parcelas, mês a mês, é um termômetro simples. Quando esse peso só aumenta, é hora de rever prazos, custos e o plano de pagamento antes que o aperto chegue.

Leonardo Rezende
Especialista em dívidas empresariais

#endividamento #comprometimentodareceita #gestaodepassivos #planodepagamento #financasempresariais",novo
info_201,info/info_201.jpg,"Cada dívida registrada é uma inscrição separada, e cada uma tem sua própria data. Por isso uma lista organizada ajuda a ver o que já saiu, o que falta e o que vence primeiro.

Leonardo Rezende
Especialista em dívidas empresariais

#nomenegativado #serasa #prazodenegativacao #direitodoconsumidor #organizacaofinanceira",novo
info_202,info/info_202.jpg,"Quase todo negócio tem meses melhores e piores. O erro é tratar o mês bom como regra. Guardar uma parte da alta para a baixa mantém as contas em dia sem depender de crédito emergencial.

Leonardo Rezende
Especialista em dívidas empresariais

#sazonalidade #fluxodecaixa #reservadecaixa #gestaodepassivos #direitobancario",novo
info_203,info/info_203.jpg,"Conferir com calma costuma resolver a maioria das dúvidas: muitas vezes é só falta de explicação. Se algo não fechar, o registro por escrito é o ponto de partida.

Leonardo Rezende
Especialista em dívidas empresariais

#conferenciadecontrato #registroporescrito #direitodoconsumidor #direitobancario #organizacao",novo
info_204,info/info_204.jpg,"Esse é um dos erros mais comuns ao comparar propostas: a conta de juros compostos não é uma simples multiplicação. Peça a taxa ao mês e a efetiva ao ano e deixe tudo na mesma base antes de decidir.

Leonardo Rezende
Especialista em dívidas empresariais

#juroscompostos #taxaefetiva #comparacaodepropostas #creditoempresarial #matematicafinanceira",novo
info_205,info/info_205.jpg,"Senha repetida é como usar a mesma chave para a casa, o carro e o escritório. Se um site vaza, os outros ficam expostos. Um gerenciador de senhas ajuda muita gente a não depender da memória.

Leonardo Rezende
Especialista em dívidas empresariais

#senhasegura #gerenciadordesenhas #segurancadigital #advocacia #empresarios",novo
info_206,info/info_206.jpg,"Gratuidade da justiça não é favor, é garantia para quem não pode arcar com os custos sem comprometer a própria sobrevivência. Uma declaração honesta e, se pedido, comprovantes organizados costumam ser o caminho.

Leonardo Rezende
Especialista em dívidas empresariais

#gratuidadedajustica #acessoajustica #custasprocessuais #processocivil #direitodoconsumidor",novo
info_207,info/info_207.jpg,"Quem deu aval ou fiança precisa saber que a recuperação da empresa não encerra automaticamente a sua responsabilidade pessoal. Por isso é importante ler o que se assina e acompanhar o andamento.

Leonardo Rezende
Especialista em dívidas empresariais

#avalista #fiador #recuperacaojudicial #protecaopatrimonial #direitoempresarial",novo
info_208,info/info_208.jpg,"O código por SMS é a chave final da sua conta. Banco de verdade não precisa que você o repita para outra pessoa. Na dúvida, interrompa a conversa e retome pelo canal que você conhece.

Leonardo Rezende
Especialista em dívidas empresariais

#codigosms #golpedigital #segurancabancaria #financasempresariais #dividasempresariais",novo
info_209,info/info_209.jpg,"Na hora do aperto, a menor parcela parece a melhor. Mas prazo longo costuma significar mais juros. O equilíbrio é caber no orçamento sem esticar o que não precisa.

Leonardo Rezende
Especialista em dívidas empresariais

#parcelas #juros #prazodadivida #dividasempresariais #planejamentofinanceiro",novo
info_210,info/info_210.jpg,"Isso não torna o crédito menos importante: vale planejar a parcela com o mesmo cuidado de qualquer outro contrato. Programas têm regras próprias, então confira a vigente.

Leonardo Rezende
Especialista em dívidas empresariais

#programasdecredito #creditoempresarial #planejamentodeparcela #gestaodepassivos #financasempresariais",novo
info_211,info/info_211.jpg,"Honorários também precisam ser tratados dentro do processo. Se a decisão silencia sobre eles, existe um recurso próprio, os embargos de declaração, no prazo certo. Depois, a porta se fecha.

Leonardo Rezende
Especialista em dívidas empresariais

#honorarios #embargosdedeclaracao #recurso #direitoempresarial #educacaofinanceira",novo
info_212,info/info_212.jpg,"Organização de prazos é metade do planejamento tributário. Quem separa o dinheiro do imposto na hora em que a venda entra evita susto no vencimento. Regras e possibilidades dependem do regime da empresa, então o contador é o parceiro certo.

Leonardo Rezende
Especialista em dívidas empresariais

#planejamentotributario #impostos #fluxodecaixa #financasempresariais #empresarios",novo
info_213,info/info_213.jpg,"Processo tem muito termo difícil, e ninguém nasce sabendo. Quem pergunta decide melhor e perde menos prazo. Eu mesmo repito explicações quantas vezes forem necessárias.

Leonardo Rezende
Especialista em dívidas empresariais

#linguagemsimples #direitosemjuridiques #processocivil #advocacia #educacaojuridica",novo
info_214,info/info_214.jpg,"Cobrança em duplicidade, tarifa que não deveria existir, valor maior que o contratado: quando acontece, guarde o comprovante. Cada caso é analisado pelos seus detalhes.

Leonardo Rezende
Especialista em dívidas empresariais

#cobrancaindevida #tarifabancaria #comprovantes #negociacaodedividas #empreendedorismo",novo
info_215,info/info_215.jpg,"Perguntar não custa nada e não compromete. Eu anoto as respostas e confiro se o que foi combinado aparece no documento, porque no fim o que vale é o que está escrito.

Leonardo Rezende
Especialista em dívidas empresariais

#contratos #negociacao #registroporescrito #direitobancario #empresarios",novo
info_216,info/info_216.jpg,"Já tentei responder mensagem, ler contrato e atender telefone ao mesmo tempo. Fiz tudo pela metade. Hoje separo blocos de foco e deixo as mensagens para horários combinados.

Leonardo Rezende
Especialista em dívidas empresariais

#foco #produtividade #rotinadeadvogado #gestaodotempo #advocacia",novo
info_217,info/info_217.jpg,"Essa pausa dá fôlego para a empresa organizar o plano sem ser atingida por várias cobranças ao mesmo tempo. Ela não apaga a dívida, só reorganiza a conversa. Cada situação tem seus detalhes e exceções.

Leonardo Rezende
Especialista em dívidas empresariais

#recuperacaojudicial #stayperiod #suspensaodecobrancas #advogadoempresarial #gestaoempresarial",novo
info_218,info/info_218.jpg,"O golpe de hoje parece verdadeiro porque usa informação verdadeira. Se alguém pedir dinheiro, código ou clique em link, encerre o contato e procure a empresa pelo telefone ou app que você já conhece.

Leonardo Rezende
Especialista em dívidas empresariais

#golpefinanceiro #fraude #segurancadigital #direitodoconsumidor #negociacaodedividas",novo
info_219,info/info_219.jpg,"O cheque especial pesa mais quanto mais tempo o saldo fica negativo. Reagir cedo costuma custar menos. Se não der para quitar de uma vez, vale comparar alternativas mais baratas.

Leonardo Rezende
Especialista em dívidas empresariais

#chequeespecial #jurosaltos #dividabancaria #educacaofinanceira #direitobancario",novo
info_220,info/info_220.jpg,"Por isso eu pergunto sempre em que qualidade cada pessoa assinou. A resposta costuma estar nas últimas páginas do contrato, e vale conferir isso com calma antes de assinar.

Leonardo Rezende
Especialista em dívidas empresariais

#avalista #fiador #garantiasdecontrato #gestaodepassivos #direitobancario",novo
info_221,info/info_221.jpg,"Já achei que descanso era perda de tempo. Hoje vejo como parte do trabalho. Quando respeito meu tempo livre, volto com mais clareza para os casos e para as pessoas.

Leonardo Rezende
Especialista em dívidas empresariais

#descanso #equilibrio #produtividade #advocacia #empreendedorismo",novo
info_222,info/info_222.jpg,"Crescer consome caixa antes de devolver. Quem projeta o fôlego necessário antes de aumentar o volume evita virar refém de crédito de emergência. Crescimento sustentável é aquele que o caixa consegue acompanhar.

Leonardo Rezende
Especialista em dívidas empresariais

#crescimentodaempresa #capitaldegiro #fluxodecaixa #financasempresariais #empresarios",novo
info_223,info/info_223.jpg,"Esse medo é comum em cobranças e costuma aparecer em mensagens de pressão. Dívida comum gera cobrança e processo, não prisão. Quem se sente ameaçado deve guardar a mensagem e buscar orientação.

Leonardo Rezende
Especialista em dívidas empresariais

#prisaopordivida #cobrancaabusiva #ameacadecobranca #advocacia #empresarios",novo
info_224,info/info_224.jpg,"Muita gente tem medo de ver o salário bloqueado por dívida comum. A lei protege, em regra, o que sustenta a pessoa e a família, mas as exceções existem e cada situação é analisada.

Leonardo Rezende
Especialista em dívidas empresariais

#impenhorabilidade #bloqueiodesalario #penhora #dividas #direitoprocessual",novo
info_225,info/info_225.jpg,"Às vezes o problema não é o valor da parcela, é a data. Um ajuste de poucos dias pode combinar melhor com o fluxo da empresa. Vale perguntar se existe essa possibilidade.

Leonardo Rezende
Especialista em dívidas empresariais

#datadevencimento #renegociacao #fluxodecaixa #negociacaobancaria #empresarios",novo
info_226,info/info_226.jpg,"Print do anúncio, e-mail da proposta, mensagem do vendedor: tudo isso pode ajudar a mostrar o que foi prometido. Guarde com data e hora, porque a conversa some do celular mais rápido do que se imagina.

Leonardo Rezende
Especialista em dívidas empresariais

#provasdigitais #publicidadeenganosa #direitodoconsumidor #financasempresariais #dividasempresariais",novo
info_227,info/info_227.jpg,"Saber quando cada parcela vence permite renegociar datas, guardar caixa antes ou espalhar o peso ao longo do ano. O problema não é só quanto se deve, é também quando se paga.

Leonardo Rezende
Especialista em dívidas empresariais

#calendariodevencimentos #renegociacao #fluxodecaixa #gestaodepassivos #dividasempresariais",novo
info_228,info/info_228.jpg,"Conta garantida ajuda no dia em que o caixa aperta. Se o limite vira morada fixa, o custo pesa. Vale conferir o prazo de renovação do limite e quais garantias estão vinculadas.

Leonardo Rezende
Especialista em dívidas empresariais

#contagarantida #capitaldegiro #limitedecredito #creditoempresarial #direitobancario",novo
info_229,info/info_229.jpg,"Perder alguém já é pesado demais para ainda vir cobrança. O caminho costuma passar pelo inventário. Guarde as cartas de cobrança e confira com calma a situação da herança.

Leonardo Rezende
Especialista em dívidas empresariais

#dividasdefalecido #inventario #heranca #direitoempresarial #educacaofinanceira",novo
info_230,info/info_230.jpg,"Abrir o sistema do tribunal com regularidade é rotina de quem acompanha processo. Aviso que ninguém leu também pode gerar prazo correndo. Ler as mensagens no mesmo dia evita muita dor de cabeça.

Leonardo Rezende
Especialista em dívidas empresariais

#intimacaoeletronica #prazoprocessual #acompanhamentoprocessual #processocivil #advocacia",novo
info_231,info/info_231.jpg,"Esse é um daqueles detalhes que mudam a expectativa de quem aguarda. Mesmo com recurso apresentado, certas decisões podem valer desde já. Ler o que a lei prevê evita surpresa.

Leonardo Rezende
Especialista em dívidas empresariais

#efeitodorecurso #recursos #cumprimentoprovisorio #processocivil #advocacia",novo
info_232,info/info_232.jpg,"Preço copiado pode não cobrir o seu custo, porque o custo do vizinho é outro. Partir do que a sua operação gasta e do que você precisa que sobre dá um preço mais seguro para o caixa.

Leonardo Rezende
Especialista em dívidas empresariais

#precificacao #custosdaempresa #margemdelucro #negociacaodedividas #empreendedorismo",novo
info_233,info/info_233.jpg,"Prazo de entrega não é enfeite, faz parte da oferta. Registrar cada contato, com data e hora, deixa a conversa mais objetiva e ajuda a lembrar o que foi dito quando o tempo passa.

Leonardo Rezende
Especialista em dívidas empresariais

#prazodeentrega #direitodoconsumidor #cdc #registrodecontatos #compras",novo
info_234,info/info_234.jpg,"Nome trocado, dívida já paga ou valor errado aparecem mais do que se imagina. Peça a correção por escrito, guarde o protocolo e confira de novo depois do prazo.

Leonardo Rezende
Especialista em dívidas empresariais

#erronocadastro #negativacaoindevida #nomesujo #direitodoconsumidor #educacaofinanceira",novo
info_235,info/info_235.jpg,"Guardar parece chato até o dia em que precisamos comprovar uma data ou um valor. Uma pasta organizada por contrato poupa horas de procura e evita muita dor de cabeça.

Leonardo Rezende
Especialista em dívidas empresariais

#organizacaodedocumentos #guardadecomprovantes #contratos #advogadoempresarial #gestaoempresarial",novo
info_236,info/info_236.jpg,"Acordo que não cabe no orçamento vira nova dívida. Por isso vale ler as cláusulas de atraso antes de assinar, e não só depois do primeiro vencimento. Prever o imprevisto também é parte do acordo.

Leonardo Rezende
Especialista em dívidas empresariais

#acordo #clausuladeatraso #renegociacao #negociacaodedividas #dividasempresariais",novo
info_237,info/info_237.jpg,"Não é uma escolha entre um e outro. Cada profissional enxerga uma parte do mesmo quadro, e as decisões ficam melhores quando eles conversam entre si. Comece por quem está mais perto do seu problema do momento.

Leonardo Rezende
Especialista em dívidas empresariais

#advogadoecontador #trabalhoemequipe #gestaodepassivos #financasempresariais #empresarios",novo
info_238,info/info_238.jpg,"A parcela pequena disfarça o custo no longo prazo. Multiplicar pelo número de meses é um exercício rápido que ajuda a decidir se o serviço realmente vale a pena.

Leonardo Rezende
Especialista em dívidas empresariais

#parcelamento #custototal #educacaofinanceira #gestaodepassivos #direitobancario",novo
info_239,info/info_239.jpg,"Fraude de identidade é mais comum do que parece. Quanto antes você documenta e comunica a instituição, mais fácil fica reunir o que mostra que a contratação não foi sua.

Leonardo Rezende
Especialista em dívidas empresariais

#fraudedeidentidade #contratacaofraudulenta #direitobancario #direitodoconsumidor #seguranca",novo
info_240,info/info_240.jpg,"É mais uma razão para guardar a cédula completa. Com o contrato e a taxa claramente escritos, a discussão sobre juros parte de um dado concreto e não de lembrança.

Leonardo Rezende
Especialista em dívidas empresariais

#cedulabancaria #taxadejuros #guardardocumentos #direitobancario #contratosbancarios",novo
info_241,info/info_241.jpg,"Nenhum resultado é de uma pessoa só. Agradecer em voz alta, e não apenas quando tudo dá certo, é um jeito simples de manter o time unido e disposto a ajudar uns aos outros.

Leonardo Rezende
Especialista em dívidas empresariais

#gratidao #trabalhoemequipe #culturadeequipe #advocacia #empresarios",novo
info_242,info/info_242.jpg,"Muita gente lembra da taxa e esquece da garantia. Só que ela define o que pode ser cobrado se algo der errado. Um quadro simples com cada contrato e sua garantia ajuda a negociar com mais segurança.

Leonardo Rezende
Especialista em dívidas empresariais

#garantias #contratosbancarios #negociacaobancaria #gestaodepassivos #dividasempresariais",novo
info_243,info/info_243.jpg,"Em ação de dano moral, o valor pedido na inicial é só uma referência. O juiz fixa a quantia conforme as circunstâncias, e isso não vira derrota para quem pediu.

Leonardo Rezende
Especialista em dívidas empresariais

#danomoral #sucumbencia #processocivil #direitodoconsumidor #advocacia",novo
info_244,info/info_244.jpg,"Ao antecipar parcelas, a lei prevê redução proporcional dos juros. Em geral, as últimas parcelas carregam mais juros. Peça a simulação por escrito e compare as opções.

Leonardo Rezende
Especialista em dívidas empresariais

#antecipacaodeparcelas #amortizacao #reducaodejuros #financasempresariais #dividasempresariais",novo
info_245,info/info_245.jpg,"O IOF é um tributo, então não se negocia como a taxa, mas precisa estar claro. Ver quanto foi cobrado e como entrou na parcela ajuda a entender o custo real da operação.

Leonardo Rezende
Especialista em dívidas empresariais

#iof #custoefetivo #contratosbancarios #credito #direitobancario",novo
info_246,info/info_246.jpg,"Juizado tem fama de ser simples, e o começo realmente é. Mas a fase de recurso tem regras próprias e exige atenção ao prazo. Conhecer a diferença evita susto.

Leonardo Rezende
Especialista em dívidas empresariais

#juizadoespecial #recursoinominado #prazosprocessuais #processocivil #direitodoconsumidor",novo
info_247,info/info_247.jpg,"É a regra geral que dá segurança a quem empreende em sociedade limitada. Mas há exceções, como garantias pessoais assinadas em contratos e casos de abuso da personalidade jurídica. Saber o que você assinou importa.

Leonardo Rezende
Especialista em dívidas empresariais

#sociedadelimitada #responsabilidadedossocios #desconsideracaodapersonalidade #direitoempresarial #educacaofinanceira",novo
info_248,info/info_248.jpg,"Procuração dá ao advogado poderes para agir em seu nome, e alguns, como fazer acordo ou receber valores, precisam constar de forma específica. Conhecer o que está autorizado dá segurança aos dois lados.

Leonardo Rezende
Especialista em dívidas empresariais

#procuracao #poderesespeciais #advocacia #relacionamentocomcliente #processocivil",novo
info_249,info/info_249.jpg,"Em alguns casos a troca de dívida ajuda, em outros só muda a dívida de lugar. A pergunta que vale é: depois da troca, eu pago menos no total e consigo manter as contas em dia?

Leonardo Rezende
Especialista em dívidas empresariais

#portabilidadedecredito #refinanciamento #trocadedivida #negociacaobancaria #gestaodepassivos",novo
info_250,info/info_250.jpg,"Conflito entre sócios muitas vezes nasce da falta de regra, e não de má-fé. Definir antes como e quando se retira dinheiro, respeitando o contrato social e o caixa disponível, evita desgaste e protege a empresa.

Leonardo Rezende
Especialista em dívidas empresariais

#conflitoentresocios #contratosocial #retiradadesocios #negociacaodedividas #empreendedorismo",novo
info_251,info/info_251.jpg,"Prazo cuida de quem está atento. Se notar o defeito, registre logo, com foto e nota fiscal, e reclame por escrito. Esperar demais pode complicar o que era simples.

Leonardo Rezende
Especialista em dívidas empresariais

#defeitodeproduto #prazodereclamacao #cdc #direitodoconsumidor #notafiscal",novo
info_252,info/info_252.jpg,"Quem tem trava precisa incluir esse valor retido no planejamento. Saber o percentual e a regra de liberação evita susto com o saldo que chega menor do que o esperado.

Leonardo Rezende
Especialista em dívidas empresariais

#travabancaria #recebiveis #fluxodecaixa #creditoempresarial #direitobancario",novo
info_253,info/info_253.jpg,"Praticidade e segurança nem sempre andam juntas. Combinar antes como os documentos circulam, e por quanto tempo ficam guardados, é um cuidado simples com a informação de quem confia em mim.

Leonardo Rezende
Especialista em dívidas empresariais

#segurancadainformacao #lgpd #sigiloprofissional #advogadoempresarial #gestaoempresarial",novo
info_254,info/info_254.jpg,"Autônomos e profissionais liberais sentem isso na pele. Planejar pelo mês mais fraco tira a pressão dos meses bons e evita atrasos nos meses de queda na renda.

Leonardo Rezende
Especialista em dívidas empresariais

#rendavariavel #autonomos #planejamentofinanceiro #fluxodecaixa #profissionaisliberais",novo
info_255,info/info_255.jpg,"Eu uso a média de mercado como bússola para começar a conversa, não como regra. Ajuda a perceber se a proposta está muito fora do que costuma ser praticado.

Leonardo Rezende
Especialista em dívidas empresariais

#taxamediadomercado #jurosbancarios #comparacaodetaxas #direitobancario #negociacaobancaria",novo
info_256,info/info_256.jpg,"Gosto de tecnologia e uso no dia a dia. Mas o que sai de uma ferramenta eu leio com atenção, conferindo cada dado antes de seguir. Quem assina responde pelo que enviou.

Leonardo Rezende
Especialista em dívidas empresariais

#inteligenciaartificial #tecnologiajuridica #responsabilidadeprofissional #gestaodepassivos #direitobancario",novo
info_257,info/info_257.jpg,"Dinheiro a receber ainda não é dinheiro no caixa. Acompanhar os atrasos por cliente mostra onde o caixa está preso e ajuda a decidir quando cobrar, quando renegociar e quando rever o prazo de venda.

Leonardo Rezende
Especialista em dívidas empresariais

#contasareceber #inadimplenciadeclientes #fluxodecaixa #gestaofinanceira #empresarios",novo
info_258,info/info_258.jpg,"Quando uma parte do processo precisa acontecer em outra comarca, ela viaja em forma de carta precatória. É uma das razões de a Justiça às vezes parecer lenta. Acompanhar a carta também faz parte do acompanhamento.

Leonardo Rezende
Especialista em dívidas empresariais

#cartaprecatoria #andamentoprocessual #morosidade #processocivil #advocacia",novo
info_259,info/info_259.jpg,"Esse número aparece logo na primeira página e muita gente passa batido. Ele não é a condenação, é uma referência para o processo. Conferir se o valor faz sentido ajuda a entender o tamanho do que está em jogo.

Leonardo Rezende
Especialista em dívidas empresariais

#valordacausa #peticaoinicial #processocivil #advocacia #empresarios",novo
info_260,info/info_260.jpg,"Um acordo bom resolve o problema, não só o mês. Eu peço para ver o que muda e o que permanece do contrato anterior, e confiro se cada ponto combinado aparece no papel.

Leonardo Rezende
Especialista em dívidas empresariais

#acordo #renegociacao #contratos #negociacaodedividas #gestaodepassivos",novo
info_261,info/info_261.jpg,"Não existe resposta única para a pergunta de quitar ou manter folga. Depende do tamanho da dívida, do juro e da estabilidade da renda. Em muitos casos, o equilíbrio é quitar a parte mais cara e manter uma folga mínima.

Leonardo Rezende
Especialista em dívidas empresariais

#quitarouinvestir #planejamentofinanceiro #dividacara #educacaofinanceira #financasempresariais",novo
info_262,info/info_262.jpg,"Banco decide com base em informação. Quem leva fluxo de caixa, lista de dívidas e uma proposta que cabe no bolso conversa com mais clareza. Isso não garante resposta, mas melhora a conversa.

Leonardo Rezende
Especialista em dívidas empresariais

#negociacaobancaria #propostaaobanco #renegociacaodedividas #financasempresariais #dividasempresariais",novo
info_263,info/info_263.jpg,"Extinção sem resolução de mérito não é vitória nem derrota de tese. Significa que o juiz não chegou a julgar o assunto principal. Entender essa diferença ajuda a ler o resultado sem tirar conclusão errada.

Leonardo Rezende
Especialista em dívidas empresariais

#extincaosemmerito #sentenca #processocivil #direitoprocessual #advocacia",novo
info_264,info/info_264.jpg,"Emprestar nome, CPF ou cartão parece gesto de confiança, mas a responsabilidade perante o credor é de quem assinou. Se mesmo assim acontecer, registre tudo por escrito.

Leonardo Rezende
Especialista em dívidas empresariais

#emprestimodenome #nomeemprestado #responsabilidadecivil #dividas #direitodoconsumidor",novo
info_265,info/info_265.jpg,"Esses documentos contam a história financeira da empresa. Quem os mantém em dia consegue conversar sobre crédito, prazos e renegociação com mais segurança, e também enxerga melhor o próprio negócio.

Leonardo Rezende
Especialista em dívidas empresariais

#demonstracoesfinanceiras #contabilidade #creditoempresarial #direitoempresarial #educacaofinanceira",novo
info_266,info/info_266.jpg,"Dois minutos para ler as regras de entrega e troca antes de pagar poupam muita conversa depois. Prints da oferta e do pedido também ajudam a lembrar o que foi combinado.

Leonardo Rezende
Especialista em dívidas empresariais

#comprasonline #direitodoconsumidor #cdc #ofertaevenda #provas",novo
info_267,info/info_267.jpg,"Não é desconfiança, é organização. Quando os documentos estão em mãos, fica mais fácil entender o que foi cobrado e conversar com o banco com base em números e não em lembrança.

Leonardo Rezende
Especialista em dívidas empresariais

#organizacaodedocumentos #extratobancario #contratosbancarios #negociacaobancaria #gestaodepassivos",novo
info_268,info/info_268.jpg,"Reputação não se compra nem se publica de uma vez. Ela vai sendo escrita nos detalhes de todo dia. Prefiro construí-la devagar do que tentar consertá-la depressa.

Leonardo Rezende
Especialista em dívidas empresariais

#reputacao #eticaprofissional #confianca #negociacaodedividas #empreendedorismo",novo
info_269,info/info_269.jpg,"Dividir o dinheiro em pedacinhos entre todas as dívidas pode mantê-las todas vivas. Escolher uma e manter as outras em dia tende a dar avanço de verdade e fechar contas.

Leonardo Rezende
Especialista em dívidas empresariais

#priorizacaodedividas #quitacao #dividas #financaspessoais #planodepagamento",novo
info_270,info/info_270.jpg,"É um formato que alivia os meses iniciais, mas concentra o peso numa data. Eu gosto de marcar essa data no calendário desde o dia em que o contrato é assinado.

Leonardo Rezende
Especialista em dívidas empresariais

#carenciadeparcelas #parcelabalao #creditoempresarial #fluxodecaixa #gestaodepassivos",novo
info_271,info/info_271.jpg,"Expressão que aparece muito no andamento e assusta, mas só avisa que a fase de discussão acabou. O que vem depois depende do que foi decidido, e cada fase tem seus próprios prazos.

Leonardo Rezende
Especialista em dívidas empresariais

#transitoemjulgado #andamentoprocessual #processocivil #advogadoempresarial #gestaoempresarial",novo
info_272,info/info_272.jpg,"Comprar em quantidade pode dar desconto, mas também prende capital de giro. A pergunta é: em quanto tempo isso vira venda? Se demora muito, o desconto da compra pode virar custo de caixa.

Leonardo Rezende
Especialista em dívidas empresariais

#capitaldegiro #estoque #fluxodecaixa #gestaofinanceira #empresarios",novo
info_273,info/info_273.jpg,"Fatura merece leitura linha por linha, todo mês. Cobrança que não faz sentido é melhor questionada cedo, com os registros em mãos, do que descoberta meses depois, quando já se acumulou.

Leonardo Rezende
Especialista em dívidas empresariais

#faturadocartao #cobrancaindevida #conferenciadefatura #direitodoconsumidor #educacaofinanceira",novo
info_274,info/info_274.jpg,"Muita multa nasce de esquecimento, não de falta de dinheiro. Um alarme dois dias antes do vencimento resolve boa parte disso. É simples, mas funciona.

Leonardo Rezende
Especialista em dívidas empresariais

#multaejuros #vencimentos #organizacaofinanceira #gestaodepassivos #direitobancario",novo
info_275,info/info_275.jpg,"Conferir o nome de cada tarifa e quando ela é cobrada ajuda a entender o custo total da operação. Se algo não estiver claro, pergunte ao banco por escrito e guarde a resposta junto do contrato.

Leonardo Rezende
Especialista em dívidas empresariais

#tarifasbancarias #custototal #contratosbancarios #direitobancario #credito",novo
info_276,info/info_276.jpg,"Quem assina como fiador costuma ter muitas dúvidas sobre o que pode acontecer depois. Uma delas é saber se fez parte do processo. Participar da relação processual faz diferença na hora de executar.

Leonardo Rezende
Especialista em dívidas empresariais

#fiador #avalfianca #execucao #processocivil #protecaopatrimonial",novo
info_277,info/info_277.jpg,"O parcelamento é útil quando cabe. O problema é a soma: cada parcela sozinha parece pequena, mas juntas ocupam um pedaço grande da renda dos meses seguintes.

Leonardo Rezende
Especialista em dívidas empresariais

#parcelamento #comprometimentodarenda #endividamento #advocacia #empresarios",novo
info_278,info/info_278.jpg,"Quem sabe o que vem pela frente fica menos ansioso. Explicar o caminho, sem prometer resultado, já reduz muito a insegurança. Previsibilidade também é uma forma de cuidado.

Leonardo Rezende
Especialista em dívidas empresariais

#atendimentoaocliente #transparencia #processocivil #advocacia #relacionamentocomcliente",novo
info_279,info/info_279.jpg,"Cuidar do caixa, conferir números e documentar decisões é a versão prática do dever de diligência do administrador. Não é exigir perfeição, é mostrar método. Uma rotina mensal de conferência é um bom começo.

Leonardo Rezende
Especialista em dívidas empresariais

#deverdediligencia #governancacorporativa #gestaoempresarial #financasempresariais #empresarios",novo
info_280,info/info_280.jpg,"Evitar o extrato dá alívio por um dia e custa caro depois. Colocar tudo no papel, sem julgamento, é o primeiro passo para enxergar as opções. Já vi muita gente respirar melhor depois desse dia de arrumação.

Leonardo Rezende
Especialista em dívidas empresariais

#extratobancario #diagnosticofinanceiro #endividamento #financasempresariais #dividasempresariais",novo
info_281,info/info_281.jpg,"O resultado diz o que foi decidido, mas os fundamentos explicam o porquê, e é neles que se vê se algo ficou de fora. Ler tudo com calma e anotar dúvidas ajuda a decidir o próximo passo.

Leonardo Rezende
Especialista em dívidas empresariais

#sentenca #fundamentacao #decisaojudicial #processocivil #advocacia",novo
info_282,info/info_282.jpg,"Por isso, antes de assinar uma confissão de dívida, eu gosto de entender o que está sendo confessado, em quais valores e com quais garantias. Revisar antes dá mais tranquilidade depois.

Leonardo Rezende
Especialista em dívidas empresariais

#confissaodedivida #acordodepagamento #contratos #gestaodepassivos #dividasempresariais",novo
info_283,info/info_283.jpg,"Termo de uso costuma ser longo de propósito, e quase todo mundo clica em aceitar sem ler. Por isso, escolher três ou quatro pontos para checar já faz diferença.

Leonardo Rezende
Especialista em dívidas empresariais

#termodeuso #contratosdigitais #protecaodedados #direitoempresarial #educacaofinanceira",novo
info_284,info/info_284.jpg,"Conhecer o próprio retrato financeiro é o começo de qualquer plano. Se aparecer algo que você não reconhece, anote os dados e peça as explicações ao credor por escrito, com protocolo.

Leonardo Rezende
Especialista em dívidas empresariais

#nomesujo #consultacpf #dividas #organizacaofinanceira #direitodoconsumidor",novo
info_285,info/info_285.jpg,"Escolher o produto certo para cada necessidade evita pagar mais do que o necessário ou ficar sem caixa. Em dúvida, descreva a necessidade e peça ao banco as alternativas.

Leonardo Rezende
Especialista em dívidas empresariais

#produtosdecredito #creditoempresarial #capitaldegiro #direitobancario #financasempresariais",novo
info_286,info/info_286.jpg,"Prometer o que não dá é a causa mais comum de acordo quebrado. Uma proposta modesta, mas cumprida, vale mais para os dois lados. E vale pedir tudo por escrito.

Leonardo Rezende
Especialista em dívidas empresariais

#acordoquebrado #negociacaodedividas #propostarealista #empreendedorismo #advogadoempresarial",novo
info_287,info/info_287.jpg,"Imposto em atraso costuma ser a dívida que mais pesa depois. Separar o valor no mesmo mês da venda e avisar o contador quando houver risco de atraso evita acúmulo. Cada tributo tem regras próprias.

Leonardo Rezende
Especialista em dívidas empresariais

#impostosematraso #dividatributaria #planejamentotributario #financasempresariais #empresarios",novo
info_288,info/info_288.jpg,"São dois custos diferentes e muita gente mistura. Um é o que se combina com o próprio advogado, os honorários contratuais. O outro vem da decisão e depende de quem perdeu. Conhecer isso desde o início ajuda a decidir com informação.

Leonardo Rezende
Especialista em dívidas empresariais

#honorarios #honorariossucumbenciais #custosdoprocesso #processocivil #advocacia",novo
info_289,info/info_289.jpg,"Organização não precisa ser complicada. Um padrão simples de nomes e pastas, seguido por todos, já resolve a maior parte da bagunça e ainda ajuda quem chega novo no time.

Leonardo Rezende
Especialista em dívidas empresariais

#organizacaodearquivos #gestaodedocumentos #produtividade #advogadoempresarial #gestaoempresarial",novo
info_290,info/info_290.jpg,"Seus dados são seus. Perguntar à empresa o que ela guarda e para quê é um direito. Vale registrar o pedido por escrito e guardar o número do protocolo.

Leonardo Rezende
Especialista em dívidas empresariais

#lgpd #protecaodedados #direitosdotitular #privacidade #direitodoconsumidor",novo
info_291,info/info_291.jpg,"Reservar um dia fixo por mês para fechar os números é um hábito barato. Conferir extrato, contas a pagar e a receber cedo evita que um deslize pequeno cresça até virar problema de verdade.

Leonardo Rezende
Especialista em dívidas empresariais

#fechamentomensal #controlefinanceiro #fluxodecaixa #financasempresariais #empresarios",novo
info_292,info/info_292.jpg,"A regra geral é a publicidade, e o segredo de justiça é exceção para casos específicos. Se o processo é sigiloso, a consulta pública mostra pouco, e o acompanhamento passa por quem é parte ou advogado.

Leonardo Rezende
Especialista em dívidas empresariais

#segredodejustica #publicidadeprocessual #consultaprocessual #gestaodepassivos #direitobancario",novo
info_293,info/info_293.jpg,"Já vi gente quitar tudo e, meses depois, voltar à mesma situação. O que muda isso é rotina: orçamento revisado, limite próprio e atenção às pequenas despesas.

Leonardo Rezende
Especialista em dívidas empresariais

#educacaofinanceira #orcamento #quitacaodedividas #disciplinafinanceira #dividas",novo
info_294,info/info_294.jpg,"Fechar a empresa parece um alívio, mas as obrigações podem continuar e o encerramento tem seus próprios passos. Olhar o conjunto antes de decidir evita trocar um problema conhecido por outro maior.

Leonardo Rezende
Especialista em dívidas empresariais

#encerramentodeempresa #baixadecnpj #dividasempresariais #gestaodepassivos #direitoempresarial",novo
info_295,info/info_295.jpg,"Quando um fato importa para o processo, vale pensar em quem viu, quem registrou e o que ficou escrito. Mensagens, e-mails e extratos também entram na conversa. Perguntar quais provas existem é um bom primeiro passo.

Leonardo Rezende
Especialista em dívidas empresariais

#provas #provasdigitais #processocivil #advocacia #empresarios",novo
info_296,info/info_296.jpg,"Antes de o nome ir para um cadastro de inadimplentes, quem mantém o cadastro precisa avisar. Vale conferir se a carta ou a mensagem chegou e guardar o comprovante.

Leonardo Rezende
Especialista em dívidas empresariais

#negativacao #notificacaoprevia #cadastrodeinadimplentes #sumula359 #direitodoconsumidor",novo
info_297,info/info_297.jpg,"Terminar o dia com uma lista curta tira as pendências da cabeça. Na manhã seguinte eu já sei por onde começar, sem gastar energia tentando lembrar o que ficou para trás.

Leonardo Rezende
Especialista em dívidas empresariais

#listadetarefas #produtividade #organizacao #rotinadeadvogado #advocacia",novo
info_298,info/info_298.jpg,"É uma modalidade muito usada por quem precisa de equipamento ou veículo. O ponto de atenção é entender o valor residual e as parcelas, que aparecem no contrato.

Leonardo Rezende
Especialista em dívidas empresariais

#leasing #arrendamentomercantil #valorresidual #financasempresariais #dividasempresariais",novo
info_299,info/info_299.jpg,"Muita gente paga ou negocia sem ter o contrato em mãos. Com a cópia, dá para conferir o que foi combinado e conversar com mais segurança.

Leonardo Rezende
Especialista em dívidas empresariais

#copiadocontrato #negociacaodedividas #contratosbancarios #direitobancario #dividas",novo
info_300,info/info_300.jpg,"Reunião sem próximo passo vira só uma boa conversa. Eu tento fechar sempre com decisão, responsável e prazo, por escrito, para ninguém sair com versões diferentes.

Leonardo Rezende
Especialista em dívidas empresariais

#reunioes #gestaodetempo #comunicacaoclara #empresarios #advocacia",novo
