id,arquivo,legenda,origem
info_542,info/info_542.jpg,"Antes de discutir juros sobre juros, olhe a data do contrato. A Súmula 539 do STJ permite a capitalização com periodicidade inferior à anual em contratos com instituições do sistema financeiro a partir de 31/3/2000, desde que expressamente pactuada.

São duas conferências simples: quando o contrato foi assinado e se a capitalização aparece escrita nele. Cada caso tem os seus detalhes.

Leonardo Rezende
Especialista em dívidas empresariais

#direitobancario #dividasempresariais #gestaodepassivos #capitalizacao #contratobancario",novo4
info_543,info/info_543.jpg,"Tarifa de abertura de crédito, a TAC, depende da data do contrato. A Súmula 565 do STJ diz que essa tarifa, e a de emissão de carnê, ou outra com o mesmo fato gerador, só é válida em contratos anteriores a 30/4/2008.

Se o seu contrato é mais recente e traz uma cobrança com nome parecido, vale perguntar ao banco, por escrito, o que ela remunera.

Leonardo Rezende
Especialista em dívidas empresariais

#direitobancario #dividasempresariais #gestaodepassivos #tarifasbancarias #contratobancario",novo4
info_544,info/info_544.jpg,"A tarifa de cadastro pode ser cobrada, mas em um momento específico. A Súmula 566 do STJ fala em cobrança no início do relacionamento entre o consumidor e a instituição, nos contratos posteriores a 30/4/2008.

Por isso, ao conferir o extrato, vale ver quando a tarifa apareceu. Se ela voltou em uma renovação, pergunte o motivo e guarde a resposta por escrito.

Leonardo Rezende
Especialista em dívidas empresariais

#direitobancario #dividasempresariais #gestaodepassivos #tarifasbancarias #extratobancario",novo4
info_545,info/info_545.jpg,"O CDC, no art. 52, § 1º, diz que a multa de mora não pode passar de 2% do valor da prestação. Em uma parcela de R$ 1.500, são R$ 30 no máximo.

Isso vale para relação de consumo. Para empresas, a aplicação depende do caso e do contrato. Em qualquer situação, confira se a multa aparece separada dos juros de mora.

Leonardo Rezende
Especialista em dívidas empresariais

#direitobancario #gestaodepassivos #dividasempresariais #multacontratual #cdc",novo4
info_546,info/info_546.jpg,"Duas taxas aparecem na história de uma dívida: a que foi combinada e a que entrou no cálculo. Elas precisam conversar. Pegue o percentual escrito no contrato e compare com o que está na planilha do banco.

Se os números forem diferentes, não tire conclusão sozinho. Peça a explicação por escrito, com a data e o critério usado.

Leonardo Rezende
Especialista em dívidas empresariais

#direitobancario #dividasempresariais #gestaodepassivos #juros #contratobancario",novo4
info_547,info/info_547.jpg,"Revisar um contrato bancário soa pesado, mas o primeiro passo é bem simples: conferir. O que foi combinado está escrito? O que foi cobrado bate com o que está escrito? Os números fecham?

Quem começa por documentos e conta feita enxerga o que de fato precisa ser discutido e conversa com o banco em outro tom.

Leonardo Rezende
Especialista em dívidas empresariais

#direitobancario #contratobancario #gestaodepassivos #dividasempresariais #calculodedivida",novo4
info_548,info/info_548.jpg,"Na planilha do banco, correção e juros aparecem lado a lado e muita gente acha que são a mesma coisa. Não são. A correção atualiza o valor da dívida ao longo do tempo. Os juros são o preço de ter usado o dinheiro.

Ao ler o contrato, procure qual índice corrige o valor e qual taxa de juros se soma a ele. Se estiver confuso, peça a explicação por escrito.

Leonardo Rezende
Especialista em dívidas empresariais

#juros #contratobancario #gestaodepassivos #dividasempresariais #direitobancario",novo4
info_549,info/info_549.jpg,"Quando eu confiro um cálculo, a primeira pergunta é: quanto entrou na conta? Esse é o ponto de partida. Se ele estiver errado, todas as parcelas e todos os encargos herdam o erro.

Compare o valor contratado, o valor liberado e o comprovante do depósito. Se houver diferença, veja o que foi descontado e por quê.

Leonardo Rezende
Especialista em dívidas empresariais

#calculodedivida #contratobancario #gestaodepassivos #dividasempresariais #direitobancario",novo4
info_550,info/info_550.jpg,"Eu nunca acho uma pergunta boba na hora de assinar um contrato. O que parece óbvio para quem redigiu o texto nem sempre é óbvio para quem vai pagar. Perguntar custa uma conversa curta.

Errar por vergonha de perguntar pode custar meses de parcela. Anote a dúvida, peça a resposta por escrito e só assine quando estiver claro.

Leonardo Rezende
Especialista em dívidas empresariais

#contratobancario #gestaodepassivos #dividasempresariais #direitobancario #empresarios",novo4
info_551,info/info_551.jpg,"Sua conta deu um valor, a do banco deu outro. Antes de qualquer conclusão, procure a causa. Algumas possibilidades: uma tarifa que você não considerou, uma data de cálculo diferente, o índice de correção ou um pagamento que não foi lançado.

Anote cada diferença com valor e data. Com a lista pronta, a conversa com o banco fica objetiva.

Leonardo Rezende
Especialista em dívidas empresariais

#calculodedivida #gestaodepassivos #dividasempresariais #direitobancario #contratobancario",novo4
info_552,info/info_552.jpg,"Ler contrato é uma habilidade que ninguém ensina na escola, mas que serve para a vida inteira. Serve para o negócio, para a família e para qualquer decisão de crédito que vier.

Não precisa virar especialista. Comece pelo valor, pela taxa, pelo prazo e pelas cláusulas de atraso. Com o tempo, a leitura fica mais rápida e a decisão, mais segura.

Leonardo Rezende
Especialista em dívidas empresariais

#educacaofinanceira #contratobancario #gestaodepassivos #dividasempresariais #empresarios",novo4
info_553,info/info_553.jpg,"No contrato, juros e tarifas são coisas diferentes. Os juros são o preço do dinheiro emprestado. A tarifa paga um serviço, como cadastro ou emissão de documento. Quando tudo vai para a mesma linha, a conta fica difícil de conferir.

Peça a lista de cobranças com nome, finalidade e valor. Assim cada item pode ser entendido, comparado e, se for o caso, questionado.

Leonardo Rezende
Especialista em dívidas empresariais

#tarifasbancarias #juros #gestaodepassivos #dividasempresariais #direitobancario",novo4
info_554,info/info_554.jpg,"Quando o banco diz que a dívida inteira venceu, o primeiro passo é ir ao contrato. Algumas cláusulas de vencimento antecipado listam situações em que isso pode acontecer, e cada contrato é diferente.

Peça por escrito qual cláusula foi usada e o cálculo detalhado do valor cobrado. Com isso na mão, a conversa com o banco fica mais segura.

Leonardo Rezende
Especialista em dívidas empresariais

#vencimentoantecipado #direitobancario #gestaodepassivos #dividasempresariais #contratobancario",novo4
info_555,info/info_555.jpg,"Dá para descobrir a taxa que está por trás de uma parcela. Se você recebe R$ 10 mil e paga 12 parcelas de R$ 1.000, a taxa embutida fica perto de 2,9% ao mês. Se o contrato fala em taxa menor, a diferença precisa de explicação.

Tarifas, seguros e impostos financiados no meio da operação podem fazer parte da resposta. Peça o detalhamento de cada item por escrito.

Leonardo Rezende
Especialista em dívidas empresariais

#juros #calculodedivida #gestaodepassivos #dividasempresariais #contratobancario",novo4
info_556,info/info_556.jpg,"A planilha de evolução parece um bicho de sete cabeças, mas dá para ler por etapas. Primeiro o ponto de partida: valor liberado, taxa e prazo. Depois, confira se cada pagamento que você fez aparece lançado na data certa.

Por fim, veja se juros, multa e correção estão em colunas separadas. Se algo não estiver claro, marque a linha e pergunte por escrito.

Leonardo Rezende
Especialista em dívidas empresariais

#contratobancario #gestaodepassivos #dividasempresariais #direitobancario #calculodedivida",novo4
info_557,info/info_557.jpg,"Seguro dentro do contrato de crédito passa despercebido com frequência. Ele pode fazer sentido, mas você precisa saber que existe. Confira quanto custa, o que cobre, quem recebe e se a contratação era opcional.

Sobre cancelar, depende do que o contrato prevê. Peça por escrito, com protocolo, e pergunte também como fica o valor já pago.

Leonardo Rezende
Especialista em dívidas empresariais

#seguroprestamista #contratobancario #gestaodepassivos #dividasempresariais #direitobancario",novo4
info_558,info/info_558.jpg,"Extrato de um ano só mostra uma parte da história. Em dívida de longo prazo, cada mês se apoia no anterior, então o ideal é pedir o período completo, desde a contratação.

Peça por escrito, com data e protocolo. Com o extrato inteiro, fica possível conferir como o saldo evoluiu, o que foi cobrado e o que foi pago em cada etapa.

Leonardo Rezende
Especialista em dívidas empresariais

#extratobancario #calculodedivida #gestaodepassivos #dividasempresariais #direitobancario",novo4
info_559,info/info_559.jpg,"Taxa do mercado é uma expressão que não diz número nenhum. Na hora de decidir, peça os três dados que importam: taxa ao mês, taxa ao ano e custo efetivo total, tudo por escrito.

Para comparar de verdade, use o mesmo valor e o mesmo prazo em cada simulação. Sem isso, as propostas parecem iguais, mas custam coisas diferentes.

Leonardo Rezende
Especialista em dívidas empresariais

#juros #credito #gestaodepassivos #dividasempresariais #direitobancario",novo4
info_560,info/info_560.jpg,"Com vários contratos no mesmo banco, a tentação é olhar tudo ao mesmo tempo e não conferir nada. Uma ordem ajuda: comece pelo contrato de maior saldo e maior taxa, porque é onde o peso no caixa é maior.

Depois siga para os menores, um por vez. Para cada um, anote valor liberado, taxa, prazo, garantias e saldo atualizado.

Leonardo Rezende
Especialista em dívidas empresariais

#gestaodepassivos #dividasempresariais #contratobancario #fluxodecaixa #direitobancario",novo4
info_561,info/info_561.jpg,"Quando a folha de pagamento aperta, a pressa pede o crédito mais rápido. Mas rápido e barato nem sempre andam juntos. Antes de escolher, compare o custo efetivo total e o prazo de pagamento do cheque especial e do capital de giro.

A resposta depende do banco e do contrato de cada empresa. Peça as duas taxas por escrito e decida com os números na mesa.

Leonardo Rezende
Especialista em dívidas empresariais

#capitaldegiro #chequeespecial #gestaodepassivos #dividasempresariais #fluxodecaixa",novo4
info_562,info/info_562.jpg,"A cédula de crédito bancário costuma vir acompanhada de uma planilha de cálculo. O art. 28 da Lei 10.931/2004 prevê que essa planilha integre a cédula e mostre de modo claro o principal, os juros, a correção, as multas, as despesas e o total.

Por isso, ao receber uma cobrança, peça a cédula completa com a planilha. Dá para conferir cada parte e conversar com base em números, e não em lembrança.

Leonardo Rezende
Especialista em dívidas empresariais

#cedulabancaria #calculodedivida #gestaodepassivos #dividasempresariais #direitobancario",novo4
info_563,info/info_563.jpg,"Na oferta de crédito para pessoa física, o art. 54-B do CDC prevê informações prévias: o custo efetivo total, a taxa efetiva mensal de juros, os juros de mora e o direito à liquidação antecipada, entre outras.

Guarde a oferta, o print da simulação e o contrato. Se algum desses dados não aparecer, pergunte e peça a resposta por escrito. Para empresas, a aplicação do CDC depende de cada caso.

Leonardo Rezende
Especialista em dívidas empresariais

#creditoresponsavel #cdc #gestaodepassivos #dividasempresariais #direitobancario",novo4
info_564,info/info_564.jpg,"Vencimento antecipado é uma cláusula comum em contratos de crédito. Ela diz em quais situações o banco pode considerar a dívida toda vencida, antes do prazo final, como atraso de parcelas ou outras condições combinadas.

Cada contrato lista as suas hipóteses. Ler essa cláusula antes de assinar ajuda a planejar o caixa e a conversar com o banco antes de qualquer situação acontecer.

Leonardo Rezende
Especialista em dívidas empresariais

#vencimentoantecipado #contratobancario #gestaodepassivos #dividasempresariais #direitobancario",novo4
info_565,info/info_565.jpg,"O leasing costuma ter um momento de decisão no fim: ficar com o bem, renovar ou devolver. Em geral, a compra se faz pelo valor residual, que aparece no contrato.

Por isso, antes de assinar, vale conferir as três opções, o valor residual e o que acontece com as parcelas pagas. Cada contrato tem as suas regras e prazos, e o texto é quem manda.

Leonardo Rezende
Especialista em dívidas empresariais

#leasing #contratobancario #gestaodepassivos #dividasempresariais #direitobancario",novo4
info_566,info/info_566.jpg,"Esses três nomes aparecem juntos e confundem. O saldo devedor é o que resta pelo contrato. O valor atualizado soma os encargos até determinada data. O valor de quitação costuma ser o que o banco informa para encerrar a dívida em uma data específica.

Ao pedir qualquer um deles, peça por escrito, com a data do cálculo e a planilha. Sem a data, não dá para comparar nem conferir.

Leonardo Rezende
Especialista em dívidas empresariais

#calculodedivida #gestaodepassivos #dividasempresariais #contratobancario #direitobancario",novo4
info_567,info/info_567.jpg,"A resposta está no tipo de contrato. No prefixado, a taxa combinada permanece a mesma durante o prazo. No pós-fixado, ela acompanha um indexador, e por isso a parcela pode mudar.

Se a parcela mudou e você não encontra a previsão no contrato, anote a data e o valor e peça a explicação por escrito. Ler essa parte antes de assinar evita surpresa na hora do pagamento.

Leonardo Rezende
Especialista em dívidas empresariais

#juros #contratobancario #gestaodepassivos #dividasempresariais #direitobancario",novo4
info_568,info/info_568.jpg,"São produtos parecidos, mas diferentes. No financiamento, o dinheiro vai para um destino definido, como um veículo ou uma máquina, e o próprio bem costuma ficar em garantia. No empréstimo, o uso do dinheiro é livre.

A diferença muda o risco: em caso de atraso, o que está ligado ao contrato não é o mesmo. Por isso vale conferir sempre a garantia e as condições antes de assinar.

Leonardo Rezende
Especialista em dívidas empresariais

#financiamento #emprestimo #gestaodepassivos #dividasempresariais #direitobancario",novo4
info_569,info/info_569.jpg,"Um jeito simples de enxergar o custo de um crédito: divida a soma de todas as parcelas pelo valor que entrou na conta. Se você recebeu R$ 30 mil e vai pagar 24 parcelas de R$ 1.700, o total é R$ 40.800, e o resultado é 1,36.

Isso quer dizer 36% a mais ao final do prazo. É um termômetro rápido; a conferência da taxa vem em seguida.

Leonardo Rezende
Especialista em dívidas empresariais

#calculodedivida #juros #gestaodepassivos #dividasempresariais #credito",novo4
info_570,info/info_570.jpg,"Seguro financiado dentro do contrato também paga juros. Em um exemplo de R$ 600 divididos em 24 parcelas, a 2% ao mês, o total pago passa de R$ 761, ou seja, cerca de R$ 160 só de juros sobre o seguro.

O número muda conforme a taxa e o prazo, mas a lógica é a mesma. Peça o detalhamento do que entra no valor financiado e confira o custo de cada item.

Leonardo Rezende
Especialista em dívidas empresariais

#seguroprestamista #contratobancario #gestaodepassivos #dividasempresariais #direitobancario",novo4
info_571,info/info_571.jpg,"Um exemplo para ilustrar, com taxa de 6% ao mês (cada banco tem a sua). Usar R$ 3 mil do cheque especial por um mês custa R$ 180 de juros. Se o saldo ficasse parado por um ano, os juros compostos levariam a dívida para perto de R$ 6 mil.

Por isso o limite funciona melhor como socorro de poucos dias. Se virou rotina, vale comparar alternativas com taxa menor e prazo definido.

Leonardo Rezende
Especialista em dívidas empresariais

#chequeespecial #juros #gestaodepassivos #dividasempresariais #credito",novo4
info_572,info/info_572.jpg,"Taxa ao dia engana porque o número parece minúsculo. Com 0,1% ao dia, em 30 dias de juros compostos o acumulado fica em cerca de 3,04%. Ao longo de um ano, o efeito é bem maior.

Antes de comparar propostas, converta tudo para a mesma base, de preferência mensal e anual, e peça o custo efetivo total. Número na mesma régua evita decisão no escuro.

Leonardo Rezende
Especialista em dívidas empresariais

#juros #calculodedivida #gestaodepassivos #dividasempresariais #credito",novo4
info_573,info/info_573.jpg,"Para conferir a planilha de cálculo de uma dívida, cinco números já ajudam muito: o valor liberado, a taxa, o prazo, os pagamentos que você fez e a data em que o cálculo foi feito.

Anote os cinco do seu lado, a partir do contrato e dos comprovantes, e compare com o que o banco apresentou. Onde houver diferença, faça a pergunta por escrito.

Leonardo Rezende
Especialista em dívidas empresariais

#calculodedivida #gestaodepassivos #dividasempresariais #contratobancario #direitobancario",novo4
info_574,info/info_574.jpg,"Uma conferência que quase ninguém faz: somar os próprios comprovantes e comparar com o total de pagamentos que o banco registrou. Oito parcelas de R$ 2.100 somam R$ 16.800. Se a planilha mostra outro valor, há algo a esclarecer.

Pode ser pagamento lançado em outra data, parcela aplicada em encargos ou erro de lançamento. Descobrir a causa começa com os comprovantes organizados.

Leonardo Rezende
Especialista em dívidas empresariais

#calculodedivida #gestaodepassivos #dividasempresariais #direitobancario #contratobancario",novo4
info_575,info/info_575.jpg,"Juros compostos têm um efeito que surpreende: a 2% ao mês, uma dívida sem pagamento dobra em cerca de 35 meses. Ou seja, R$ 10 mil viram aproximadamente R$ 20 mil em quase três anos.

É um cálculo teórico, só para mostrar o peso do tempo. Na prática, cada contrato tem as suas regras. Por isso, quanto antes a conversa com o credor começa, menos o relógio trabalha contra o caixa.

Leonardo Rezende
Especialista em dívidas empresariais

#juros #juroscompostos #gestaodepassivos #dividasempresariais #credito",novo4
info_576,info/info_576.jpg,"Ao antecipar uma parcela, a lógica é tirar os juros do período que ainda não passou. A 2% ao mês, uma parcela de R$ 1.000 que vence daqui a 10 meses vale cerca de R$ 820 hoje. A diferença são juros do tempo que ainda não correu.

O CDC fala em redução proporcional dos juros na liquidação antecipada, para o consumidor. Peça a simulação por escrito e compare com esse raciocínio antes de pagar.

Leonardo Rezende
Especialista em dívidas empresariais

#quitacaoantecipada #juros #gestaodepassivos #dividasempresariais #direitobancario",novo4
info_577,info/info_577.jpg,"A primeira página mostra o valor e as parcelas, mas o que mais pesa na hora do aperto costuma estar em outras partes: as regras do atraso, a cláusula de vencimento antecipado, as garantias e os anexos.

Use um marca-texto nessas partes, anote o que não ficou claro e pergunte antes de assinar. Quem lê o contrato inteiro negocia melhor depois.

Leonardo Rezende
Especialista em dívidas empresariais

#contratobancario #gestaodepassivos #dividasempresariais #direitobancario #credito",novo4
info_578,info/info_578.jpg,"O saldo final conta só o fim da história. O extrato detalhado mostra cada lançamento: data, descrição, valor e o saldo depois dele. É ali que aparecem tarifas, juros e débitos que passam despercebidos.

Leia linha por linha, marque o que não reconhece e peça explicação por escrito. Uma hora de leitura pode esclarecer muito do que parecia confuso.

Leonardo Rezende
Especialista em dívidas empresariais

#extratobancario #gestaodepassivos #dividasempresariais #direitobancario #contratobancario",novo4
info_579,info/info_579.jpg,"Quando a dívida atrasa, o banco apresenta uma conta. Ela pode estar certa, mas só dá para saber se você tiver a sua própria versão. Monte uma planilha simples com valor liberado, taxa, prazo e todos os pagamentos feitos.

Com as duas versões lado a lado, as diferenças aparecem. A conversa deixa de ser sobre quem está certo e passa a ser sobre números que dá para conferir.

Leonardo Rezende
Especialista em dívidas empresariais

#calculodedivida #gestaodepassivos #dividasempresariais #negociacaodedividas #direitobancario",novo4
info_580,info/info_580.jpg,"Tarifa nova no extrato é daquelas coisas que passam despercebidas. Valor pequeno, mês após mês, e ninguém pergunta. Quando soma o ano, o impacto aparece.

Vale perguntar ao banco o nome da cobrança, o que ela remunera e a partir de quando começou. Guarde a resposta por escrito. Com a informação, você decide se faz sentido manter o serviço.

Leonardo Rezende
Especialista em dívidas empresariais

#tarifasbancarias #gestaodepassivos #dividasempresariais #direitobancario #contratobancario",novo4
info_581,info/info_581.jpg,"Política do banco é uma resposta comum e pouco útil. Ela não diz qual cláusula do contrato nem qual norma sustenta a cobrança. Em vez de discutir no escuro, peça a explicação por escrito: qual item, qual valor e qual base de cálculo.

Com a resposta em mãos, fica possível conferir com o contrato. E se não houver resposta, isso também é uma informação para guardar.

Leonardo Rezende
Especialista em dívidas empresariais

#direitobancario #contratobancario #gestaodepassivos #dividasempresariais #negociacaodedividas",novo4
info_582,info/info_582.jpg,"A taxa a partir de é a menor possível, e raramente é a que vale para o seu caso. Ela depende de prazo, garantia, histórico e do perfil da empresa.

Antes de decidir, peça uma simulação com o seu valor e o seu prazo, e compare o custo efetivo total. É esse número que mostra o preço do crédito com tarifas e seguros incluídos.

Leonardo Rezende
Especialista em dívidas empresariais

#credito #juros #gestaodepassivos #dividasempresariais #direitobancario",novo4
info_583,info/info_583.jpg,"Simulações mudam de um dia para o outro, e a memória falha. Se a oferta apareceu na tela do aplicativo, guarde um print ou PDF com a data, a taxa, o número de parcelas e o total a pagar.

Se depois o contrato trouxer números diferentes dos que você viu, a simulação guardada ajuda a perguntar com base em algo concreto. É um hábito que custa dez segundos.

Leonardo Rezende
Especialista em dívidas empresariais

#credito #contratobancario #gestaodepassivos #dividasempresariais #organizacao",novo4
info_584,info/info_584.jpg,"Na renegociação, às vezes aparece uma tarifa de abertura ou uma cobrança com outro nome para a mesma coisa. A Súmula 565 do STJ trata dessas tarifas e diz que elas só valem em contratos bancários anteriores a 30 de abril de 2008. Pedir o detalhamento de cada tarifa antes de aceitar ajuda a conferir o que está sendo cobrado.

Leonardo Rezende
Especialista em dívidas empresariais

#direitobancario #tarifasbancarias #negociacaodedividas #gestaodepassivos #dividasempresariais",novo4
info_585,info/info_585.jpg,"Tarifa de cadastro tem um detalhe que passa batido: a Súmula 566 do STJ fala em cobrança no início do relacionamento com o banco. Se ela reaparece numa renegociação, vale perguntar a que se refere e por que está ali. Cada contrato tem a sua história, então peça o detalhamento por escrito e guarde a resposta.

Leonardo Rezende
Especialista em dívidas empresariais

#direitobancario #tarifasbancarias #contratobancario #gestaodepassivos #dividasempresariais",novo4
info_586,info/info_586.jpg,"Em contrato de consumo, a multa por atraso tem teto. O art. 52, § 1º, do Código de Defesa do Consumidor fala em no máximo dois por cento do valor da prestação. Ao pedir o saldo atualizado numa renegociação, peça também o detalhamento da multa e confira esse limite. Em contratos de empresa, a aplicação do CDC depende de cada caso.

Leonardo Rezende
Especialista em dívidas empresariais

#direitobancario #multacontratual #negociacaodedividas #gestaodepassivos #dividasempresariais",novo4
info_587,info/info_587.jpg,"Oferta que acaba hoje pede cuidado. Em crédito ao consumidor, o art. 54-B do CDC fala que a oferta traz o custo efetivo total, a taxa efetiva mensal, o valor das prestações e um prazo de validade de pelo menos dois dias. Vale pedir isso por escrito e levar a simulação para casa. Em contratos de empresa, a aplicação do CDC depende do caso.

Leonardo Rezende
Especialista em dívidas empresariais

#direitobancario #credito #negociacaodedividas #gestaodepassivos #dividasempresariais",novo4
info_588,info/info_588.jpg,"Quem vai garantir uma dívida também precisa ver o contrato. O art. 54-D do CDC, na oferta de crédito ao consumidor, fala em entregar cópia do contrato de crédito ao consumidor, ao garantidor e a qualquer outro interveniente. Se você vai assinar como garantidor, peça a cópia completa antes. Em contratos de empresa, a aplicação do CDC depende de cada caso.

Leonardo Rezende
Especialista em dívidas empresariais

#aval #fianca #garantias #direitobancario #gestaodepassivos",novo4
info_589,info/info_589.jpg,"Documento enviado e sem confirmação vira discussão depois. Quando mandar balanço, extratos ou contratos ao banco, peça a confirmação de recebimento e guarde o e-mail com a data e a lista de anexos. Se foi por portal, salve o comprovante do envio. Parece detalhe, mas poupa muita conversa mais adiante.

Leonardo Rezende
Especialista em dívidas empresariais

#negociacaodedividas #gestaodepassivos #dividasempresariais #direitobancario #organizacao",novo4
info_590,info/info_590.jpg,"Aval não precisa ser um cheque em branco. Antes de assinar, pergunte se dá para limitar o valor e o prazo da garantia. Nem sempre o banco aceita, mas a pergunta é legítima. Se a resposta for que é padrão, peça por escrito e compare com outras garantias possíveis. Quem avaliza precisa saber até onde vai o risco.

Leonardo Rezende
Especialista em dívidas empresariais

#aval #garantias #fianca #direitobancario #gestaodepassivos",novo4
info_591,info/info_591.jpg,"Avalista também pode ser chamado para a conversa, e também pode propor. O ideal é pedir cópia do contrato e o saldo atualizado antes de responder qualquer coisa, e combinar os números com o devedor, para que cada um não negocie por conta própria. Cada contrato diz como o garantidor responde, então a leitura vem primeiro.

Leonardo Rezende
Especialista em dívidas empresariais

#aval #fianca #negociacaodedividas #garantias #gestaodepassivos",novo4
info_592,info/info_592.jpg,"Empurrar parcelas para o fim do contrato dá fôlego hoje, mas tem um custo que aparece depois. Pergunte se os juros do período entram no saldo e peça o novo cronograma completo, com datas e valores. Aliviar o caixa no mês difícil pode fazer sentido, desde que o total seja conhecido antes de aceitar.

Leonardo Rezende
Especialista em dívidas empresariais

#negociacaodedividas #fluxodecaixa #gestaodepassivos #dividasempresariais #direitobancario",novo4
info_593,info/info_593.jpg,"Assinatura é o ponto sem volta de qualquer negociação. Documento com campo em branco, valor para preencher depois ou anexo que ainda não existe merece uma pausa. Peça a versão completa, leia com calma e, depois de assinar, guarde a cópia com todas as páginas. O que vale é o que está escrito no papel.

Leonardo Rezende
Especialista em dívidas empresariais

#contratobancario #direitobancario #gestaodepassivos #dividasempresariais #negociacaodedividas",novo4
info_594,info/info_594.jpg,"Limite reduzido de uma hora para outra mexe com o caixa. Antes de qualquer reclamação, leia o contrato para ver o que está previsto sobre a revisão do limite. Depois, peça por escrito o motivo e as condições atuais. Com isso em mãos, dá para planejar o caixa e conversar sobre alternativas, sem pressa e sem improviso.

Leonardo Rezende
Especialista em dívidas empresariais

#credito #direitobancario #fluxodecaixa #gestaodepassivos #dividasempresariais",novo4
info_595,info/info_595.jpg,"Pagar uma parte enquanto a negociação anda mostra boa vontade, mas pede cuidado. Antes de pagar, pergunte como o valor será abatido e se isso muda a proposta em discussão. Peça a resposta por escrito e guarde o comprovante. Pagamento sem combinação clara pode gerar confusão no saldo lá na frente.

Leonardo Rezende
Especialista em dívidas empresariais

#negociacaodedividas #acordo #gestaodepassivos #dividasempresariais #direitobancario",novo4
info_596,info/info_596.jpg,"Levar o contador ou outra pessoa de confiança para a reunião no banco costuma ajudar. Ele explica os números, anota o que foi combinado e evita que a conversa dependa só da memória de um. Avise com antecedência, combine quem fala o quê e peça o resumo por escrito depois. Quem chega com apoio chega mais tranquilo.

Leonardo Rezende
Especialista em dívidas empresariais

#negociacaodedividas #gestaodepassivos #dividasempresariais #empresarios #direitobancario",novo4
info_597,info/info_597.jpg,"Contraproposta é a sua resposta a uma oferta que não cabe no caixa. Em vez de aceitar ou recusar, você apresenta o que consegue pagar, com valor, prazo e parcelas. Quando vem por escrito e com números, a conversa fica mais objetiva. Antes de enviar, confira se você realmente consegue cumprir o que está propondo.

Leonardo Rezende
Especialista em dívidas empresariais

#negociacaodedividas #renegociacao #gestaodepassivos #dividasempresariais #direitobancario",novo4
info_598,info/info_598.jpg,"Essa diferença muda a conta da negociação. Parcelas vencidas já passaram da data, e as vincendas ainda vão vencer. Ao receber um valor do banco, pergunte o que está incluído e peça o detalhamento por parcela, com a data do cálculo. Assim fica fácil comparar com os seus registros e entender o que está sendo proposto.

Leonardo Rezende
Especialista em dívidas empresariais

#negociacaodedividas #gestaodepassivos #dividasempresariais #direitobancario #contratobancario",novo4
info_599,info/info_599.jpg,"Acordo depende das duas partes. O banco avalia a proposta e pode aceitar, recusar ou responder com outra. Por isso ela precisa fazer sentido para os dois lados: números claros, valor que cabe no caixa e prazo realista. Isso não garante a aceitação, mas melhora a conversa e mostra que você levou o assunto a sério.

Leonardo Rezende
Especialista em dívidas empresariais

#negociacaodedividas #acordo #gestaodepassivos #dividasempresariais #direitobancario",novo4
info_600,info/info_600.jpg,"Trocar a garantia no meio do contrato é possível em alguns casos, mas depende do que está escrito e de o banco concordar. Proponha um bem de valor equivalente, leve uma avaliação e peça por escrito tanto a troca quanto a baixa do registro da primeira garantia. Sem esse papel, a primeira pode continuar ligada à dívida.

Leonardo Rezende
Especialista em dívidas empresariais

#garantias #direitobancario #gestaodepassivos #dividasempresariais #negociacaodedividas",novo4
info_601,info/info_601.jpg,"As duas palavras aparecem como se fossem iguais, mas o efeito pode ser diferente. Renegociar costuma ajustar as condições da dívida que já existe. Refinanciar costuma ser uma nova operação que quita a anterior. Pergunte ao banco qual dos dois está sendo proposto, porque isso pode mudar tarifas, garantias e o custo total.

Leonardo Rezende
Especialista em dívidas empresariais

#renegociacao #negociacaodedividas #gestaodepassivos #dividasempresariais #credito",novo4
info_602,info/info_602.jpg,"Empresa parada ainda pode conversar com o banco. Sem faturamento, ele costuma olhar outras coisas: bens, garantias e um plano de retomada. O mais importante é ser honesto com o quadro e propor só o que dá para cumprir. Chegar com números reais e um caminho claro abre mais a conversa, sem garantia de resultado.

Leonardo Rezende
Especialista em dívidas empresariais

#negociacaodedividas #dividasempresariais #gestaodepassivos #empresarios #fluxodecaixa",novo4
info_603,info/info_603.jpg,"Garantia cruzada é quando um mesmo bem ou aval garante mais de um contrato com o banco. Na hora de quitar um deles, a garantia pode continuar presa aos outros. Antes de negociar ou liberar qualquer coisa, pergunte o que está ligado a quê e peça isso por escrito. O que está no contrato é o que vale.

Leonardo Rezende
Especialista em dívidas empresariais

#garantias #direitobancario #aval #gestaodepassivos #dividasempresariais",novo4
info_604,info/info_604.jpg,"Cada aval parece pequeno quando olhado sozinho. Somados, mostram o tamanho do risco que você carrega. Faça uma lista com cada contrato avalizado, o valor e o prazo, e some. Em caso de atraso, o que pode ser cobrado depende do que está escrito em cada contrato. Esse total ajuda a decidir com calma antes do próximo aval.

Leonardo Rezende
Especialista em dívidas empresariais

#aval #garantias #fianca #gestaodepassivos #dividasempresariais",novo4
info_605,info/info_605.jpg,"Antes de aceitar a parcela, faça o teste do mês ruim. Com receita de R$ 100 mil e custos de R$ 80 mil, sobram R$ 20 mil. Se a receita cair 20% e os custos continuarem, o que sobra é zero. Simular esse cenário antes de assinar mostra se a parcela cabe também quando a venda cai, e não só quando tudo vai bem.

Leonardo Rezende
Especialista em dívidas empresariais

#fluxodecaixa #negociacaodedividas #gestaodepassivos #dividasempresariais #empresarios",novo4
info_606,info/info_606.jpg,"Quantos dias a empresa aguenta com o caixa que tem? Divida o caixa disponível pela despesa média diária. Com R$ 60 mil e R$ 2 mil por dia, são 30 dias. Se uma entrada de R$ 20 mil sair desse caixa, sobram 20. Esse número ajuda a decidir quanto oferecer de entrada sem deixar a operação sem fôlego.

Leonardo Rezende
Especialista em dívidas empresariais

#fluxodecaixa #negociacaodedividas #gestaodepassivos #dividasempresariais #empresarios",novo4
info_607,info/info_607.jpg,"Parcela igual todo mês nem sempre combina com o caixa. Se a empresa vende mais em certos meses, vale perguntar ao banco se dá para ter parcelas menores nos meses fracos e reforços nos meses fortes. Por exemplo, dez parcelas de R$ 3 mil e dois reforços de R$ 10 mil somam R$ 50 mil no ano. O formato depende do que o banco aceita.

Leonardo Rezende
Especialista em dívidas empresariais

#negociacaodedividas #fluxodecaixa #gestaodepassivos #dividasempresariais #acordo",novo4
info_608,info/info_608.jpg,"O começo do acordo costuma ser o trecho mais delicado. Some a entrada e as três primeiras parcelas: R$ 20 mil mais R$ 18 mil dão R$ 38 mil em 90 dias. Compare esse número com o caixa previsto para o mesmo período. Se não fechar, vale ajustar a proposta antes de assinar, e não depois do primeiro atraso.

Leonardo Rezende
Especialista em dívidas empresariais

#negociacaodedividas #acordo #fluxodecaixa #gestaodepassivos #dividasempresariais",novo4
info_609,info/info_609.jpg,"Pagar a entrada do acordo com crédito caro pode trocar um problema por outro. Em um exemplo de R$ 20 mil a 8% ao mês, são R$ 1.600 de juros todo mês só pelo dinheiro da entrada. Antes de buscar esse recurso, compare o custo dele com o da dívida que você quer resolver e veja se a conta fecha.

Leonardo Rezende
Especialista em dívidas empresariais

#credito #juros #negociacaodedividas #gestaodepassivos #dividasempresariais",novo4
info_610,info/info_610.jpg,"Pagar à vista com desconto atrai, mas a pergunta é de onde vem o dinheiro. R$ 85 mil à vista contra 10 parcelas de R$ 11 mil, que somam R$ 110 mil, dão R$ 25 mil de diferença. Se o à vista tirar o fôlego da operação, o desconto pode sair caro. Olhe os dois números e o caixa antes de decidir.

Leonardo Rezende
Especialista em dívidas empresariais

#negociacaodedividas #acordo #fluxodecaixa #gestaodepassivos #dividasempresariais",novo4
info_611,info/info_611.jpg,"Reunião com o banco sem pauta vira conversa solta. Eu gosto de três blocos: a situação da empresa em números, a proposta que cabe no caixa e o que precisamos do banco para fechar. Mandar isso antes dá tempo para o gerente se preparar, e a conversa ganha rumo e termina com próximo passo.

Leonardo Rezende
Especialista em dívidas empresariais

#negociacaodedividas #direitobancario #gestaodepassivos #dividasempresariais #empresarios",novo4
info_612,info/info_612.jpg,"Negociação boa raramente é só pedir. Mais prazo pode pedir uma entrada maior, e menos garantia pode custar uma taxa diferente. Antes de sentar, pense no que a empresa pode oferecer em troca de cada pedido. Quem apresenta as duas pontas costuma ser ouvido com mais atenção, sem garantia de resultado.

Leonardo Rezende
Especialista em dívidas empresariais

#negociacaodedividas #gestaodepassivos #dividasempresariais #direitobancario #acordo",novo4
info_613,info/info_613.jpg,"Quem não tem alternativa aceita qualquer proposta. Por isso, antes de conversar com o banco, defina o seu plano B: levar a dívida para outra instituição, vender um ativo parado ou reorganizar os custos. Isso não precisa ser dito na mesa. Serve para você saber até onde vai e decidir com a cabeça tranquila.

Leonardo Rezende
Especialista em dívidas empresariais

#negociacaodedividas #gestaodepassivos #dividasempresariais #direitobancario #empresarios",novo4
info_614,info/info_614.jpg,"O aval que foi necessário no começo pode não ser necessário para sempre. Quando a empresa melhora, com faturamento maior e histórico de pagamento em dia, vale perguntar ao banco se alguma garantia pode ser reduzida ou trocada. Nem sempre ele aceita, mas quem não pergunta fica com a garantia do jeito que foi assinada.

Leonardo Rezende
Especialista em dívidas empresariais

#garantias #aval #negociacaodedividas #gestaodepassivos #dividasempresariais",novo4
info_615,info/info_615.jpg,"Sócios com versões diferentes na mesma negociação passam insegurança. Antes da conversa, combinem quem fala com o banco, quais números serão apresentados e quem confirma o combinado por escrito. Os demais ouvem e anotam. A conversa fica mais firme, e ninguém é pego de surpresa depois.

Leonardo Rezende
Especialista em dívidas empresariais

#negociacaodedividas #socios #gestaodepassivos #dividasempresariais #empresarios",novo4
info_616,info/info_616.jpg,"Um resumo de uma página faz diferença na negociação. Quem somos, o que aconteceu, quanto a empresa deve, o que ela consegue pagar e o que propõe. Com isso nas mãos, o gerente consegue levar o seu caso para dentro do banco sem depender de lembrar a conversa. Escreva simples e confira cada número antes de enviar.

Leonardo Rezende
Especialista em dívidas empresariais

#negociacaodedividas #gestaodepassivos #dividasempresariais #direitobancario #organizacao",novo4
info_617,info/info_617.jpg,"No fim da conversa, faça uma pergunta simples: o que falta para o banco aprovar? A resposta mostra o ponto de resistência, que pode ser um documento, uma garantia, um prazo ou um valor. Anote o que foi dito e ajuste a proposta com base nisso. Não há garantia de aprovação, mas você sai com um próximo passo claro.

Leonardo Rezende
Especialista em dívidas empresariais

#negociacaodedividas #direitobancario #credito #gestaodepassivos #dividasempresariais",novo4
info_618,info/info_618.jpg,"Enviar a proposta é só metade do caminho. Combine com o banco um prazo de resposta e, se ele passar, volte ao assunto com educação e por escrito, citando a data da proposta e o protocolo. Acompanhar mostra seriedade e evita semanas de silêncio. Enquanto isso, mantenha em dia o que você consegue pagar.

Leonardo Rezende
Especialista em dívidas empresariais

#negociacaodedividas #gestaodepassivos #dividasempresariais #direitobancario #acordo",novo4
info_619,info/info_619.jpg,"Quando outra pessoa vai negociar por você, a procuração importa. Poderes amplos demais dão mais liberdade do que o necessário. Descreva só o que a pessoa pode fazer, como pedir saldos, receber propostas ou assinar um acordo específico, e defina um prazo. A decisão final deve voltar para quem responde pela dívida.

Leonardo Rezende
Especialista em dívidas empresariais

#negociacaodedividas #gestaodepassivos #dividasempresariais #direitobancario #empresarios",novo4
info_620,info/info_620.jpg,"Proposta de acordo, aviso de atraso e cartas importantes chegam pelos contatos que o banco tem. Se o telefone ou o e-mail mudou e ninguém atualizou, a empresa pode perder prazo sem saber. Vale revisar os dados no banco de tempos em tempos e perguntar por quais canais ele avisa. É simples e evita surpresa.

Leonardo Rezende
Especialista em dívidas empresariais

#direitobancario #negociacaodedividas #organizacao #gestaodepassivos #dividasempresariais",novo4
info_621,info/info_621.jpg,"Comprovante bom conta a história inteira: quem pagou, para quem, quanto, quando e a que contrato e parcela se refere. Quando o pagamento é parcial ou de um acordo, essa identificação ajuda a evitar discussão sobre o que foi abatido. Se o documento vier incompleto, peça o detalhamento ao banco por escrito e guarde junto.

Leonardo Rezende
Especialista em dívidas empresariais

#negociacaodedividas #acordo #organizacao #gestaodepassivos #dividasempresariais",novo4
info_622,info/info_622.jpg,"Banco que só ouve a empresa na hora do aperto conhece pouco dela. Quem mantém contato, envia os números atualizados e comunica mudanças relevantes costuma chegar mais forte quando precisa conversar. Não é garantia de resposta, mas cria histórico e confiança. É mais fácil negociar com quem já conhece a sua empresa.

Leonardo Rezende
Especialista em dívidas empresariais

#credito #direitobancario #negociacaodedividas #gestaodepassivos #dividasempresariais",novo4
info_623,info/info_623.jpg,"Minuta de acordo assinada sem a leitura de quem entende é risco desnecessário. O contador vê o impacto no caixa e nos impostos, e o advogado confere cláusulas, garantias e encargos. Leva um ou dois dias e evita descobrir depois o que estava escrito. Pedir esse tempo ao banco é um pedido razoável.

Leonardo Rezende
Especialista em dívidas empresariais

#negociacaodedividas #acordo #contratobancario #gestaodepassivos #dividasempresariais",novo4
info_624,info/info_624.jpg,"A matrícula é o documento do imóvel no cartório de registro, e nela aparecem registros e restrições. Antes de oferecer o imóvel, ou de aceitar uma garantia de terceiro, peça a matrícula atualizada e leia com calma. Qualquer dúvida sobre algum registro é assunto para conversar com o advogado antes de assinar.

Leonardo Rezende
Especialista em dívidas empresariais

#garantias #direitobancario #gestaodepassivos #dividasempresariais #negociacaodedividas",novo4
info_625,info/info_625.jpg,"Uma única proposta deixa o banco com duas opções: aceitar ou recusar. Duas versões que cabem no caixa dão mais espaço para conversar. Por exemplo, uma com entrada maior e menos parcelas e outra com entrada menor e mais prazo. Antes, simule as duas e confira se você consegue honrar qualquer uma delas.

Leonardo Rezende
Especialista em dívidas empresariais

#negociacaodedividas #renegociacao #gestaodepassivos #dividasempresariais #direitobancario",novo4
info_626,info/info_626.jpg,"O plano de recuperação judicial não é só uma promessa de pagamento. O art. 53 da Lei 11.101 fala em três coisas: os meios de recuperação que serão usados, a demonstração de viabilidade econômica e um laudo econômico-financeiro com a avaliação dos bens e ativos.

Por isso o trabalho começa antes do pedido: com caixa projetado, lista de ativos e números organizados, o plano nasce com mais consistência.

Leonardo Rezende
Especialista em dívidas empresariais

#recuperacaojudicial #gestaodepassivos #dividasempresariais #direitoempresarial #empresarios",novo4
info_627,info/info_627.jpg,"Em uma recuperação, os sócios também podem fazer parte da solução. O art. 50 da Lei 11.101 lista meios de recuperação, e entre eles aparecem o aumento de capital social, a alteração do controle societário e os prazos e condições especiais de pagamento.

Isso mostra que o plano não olha só para o desconto do credor. Olha para o caixa, para a estrutura da empresa e para o que os sócios conseguem colocar.

Leonardo Rezende
Especialista em dívidas empresariais

#recuperacaojudicial #reestruturacao #socios #gestaodepassivos #dividasempresariais",novo4
info_628,info/info_628.jpg,"Quando o juiz concede a recuperação judicial, a decisão tem peso. O art. 59, § 1º, da Lei 11.101 diz que ela constitui título executivo judicial. Em palavras simples, o plano aprovado deixa de ser só conversa e passa a ter força de decisão.

Por isso vale pensar no plano como um compromisso de longo prazo, e não como uma proposta de ocasião.

Leonardo Rezende
Especialista em dívidas empresariais

#recuperacaojudicial #planodepagamento #gestaodepassivos #dividasempresariais #empresarios",novo4
info_629,info/info_629.jpg,"Dívida sem data de vencimento definida é mais comum do que parece, principalmente entre sócios e empresa. O parágrafo único do art. 397 do Código Civil diz que, não havendo termo, a mora se constitui mediante interpelação judicial ou extrajudicial.

Na prática, quando não existe data no papel, registrar por escrito o prazo e a forma de pagamento evita discussão lá na frente.

Leonardo Rezende
Especialista em dívidas empresariais

#socios #gestaodepassivos #dividasempresariais #direitoempresarial #contrato",novo4
info_630,info/info_630.jpg,"Renegociou ou refinanciou? Vale ler as tarifas do contrato novo, linha por linha. A Súmula 565 do STJ diz que a tarifa de abertura de crédito (TAC) e a de emissão de carnê (TEC) só são válidas em contratos bancários anteriores a 30/4/2008.

O nome da tarifa pode mudar, e por isso a súmula fala em 'outra denominação para o mesmo fato gerador'. Se algo não ficou claro, peça o detalhamento por escrito.

Leonardo Rezende
Especialista em dívidas empresariais

#direitobancario #tarifasbancarias #renegociacao #gestaodepassivos #dividasempresariais",novo4
info_631,info/info_631.jpg,"Nem toda tarifa é problema. A Súmula 566 do STJ trata da tarifa de cadastro: nos contratos bancários posteriores a 30/4/2008, ela pode ser cobrada no início do relacionamento entre o consumidor e a instituição financeira.

Ao renegociar com o mesmo banco, a pergunta útil é simples: a que se refere cada tarifa que aparece no contrato novo? Com a resposta por escrito, a conta fica mais clara.

Leonardo Rezende
Especialista em dívidas empresariais

#direitobancario #tarifasbancarias #contratobancario #gestaodepassivos #dividasempresariais",novo4
info_632,info/info_632.jpg,"O histórico de pagamentos não é só da pessoa física. A Lei 12.414/2011, a do cadastro positivo, trata de informações de adimplemento tanto de pessoas naturais quanto de pessoas jurídicas.

Isso quer dizer que a empresa também vai formando o seu histórico de crédito, parcela em dia por parcela em dia. Manter CPF e CNPJ separados nos pagamentos deixa claro de quem é cada histórico.

Leonardo Rezende
Especialista em dívidas empresariais

#cadastropositivo #cpfecnpj #gestaodepassivos #dividasempresariais #empresarios",novo4
info_633,info/info_633.jpg,"Quando o caixa aperta, a tentação é correr para o crédito mais rápido, que costuma ser o mais caro. Antes disso, vale subir uma escada: cobrar o que a empresa tem a receber, negociar prazo com fornecedores e revisar custos.

Se depois disso ainda faltar caixa, o crédito entra na conta, já com os números na mesa.

Leonardo Rezende
Especialista em dívidas empresariais

#fluxodecaixa #capitaldegiro #gestaodepassivos #dividasempresariais #empresarios",novo4
info_634,info/info_634.jpg,"Em muita empresa, todo mundo sabe que existe dívida e ninguém sabe exatamente quanto, com quem e quando vence. Escolher uma pessoa responsável pelo mapa ajuda a resolver boa parte disso.

Não precisa ser complicado: um quadro simples, atualizado todo mês e conhecido pelos sócios. O dono do mapa avisa antes de o vencimento chegar.

Leonardo Rezende
Especialista em dívidas empresariais

#mapadedividas #gestaodepassivos #dividasempresariais #organizacao #empresarios",novo4
info_635,info/info_635.jpg,"Reestruturar tem uma ordem que ajuda. Primeiro estancar o que consome caixa sem retorno. Depois organizar o quadro completo de dívidas, prazos e garantias. Só então procurar os credores, com proposta e números.

Negociar antes de entender o tamanho do buraco costuma virar improviso, e improviso costuma custar caro.

Leonardo Rezende
Especialista em dívidas empresariais

#reestruturacao #negociacaodedividas #gestaodepassivos #dividasempresariais #fluxodecaixa",novo4
info_636,info/info_636.jpg,"Renegociar é importante, mas sozinho nem sempre resolve. Se a margem da empresa não cobre custos e parcelas, um prazo novo alivia o mês e o problema volta.

Por isso eu gosto de olhar a causa junto com a dívida: preço, custo, prazo de recebimento ou estoque parado. Entendida a causa, a proposta ao credor fica mais realista.

Leonardo Rezende
Especialista em dívidas empresariais

#renegociacao #reestruturacao #gestaodepassivos #dividasempresariais #financasempresariais",novo4
info_637,info/info_637.jpg,"Quando o passivo parece uma bola de neve, uma triagem ajuda. Cada contrato cai em uma de três caixas: manter como está, renegociar ou quitar com a venda de algo que a empresa não precisa para operar.

Feita contrato por contrato, essa classificação tira o plano do campo da angústia e leva para o campo da decisão.

Leonardo Rezende
Especialista em dívidas empresariais

#planejamentodepassivos #reestruturacao #gestaodepassivos #dividasempresariais #empresarios",novo4
info_638,info/info_638.jpg,"Empresa e sócio são documentos diferentes, e as dívidas de cada um também. Um quadro para o CNPJ e outro para o CPF já organiza bastante.

Onde o sócio assinou como avalista ou fiador, vale marcar nos dois quadros. Assim fica visível onde a dívida da empresa encontra o patrimônio pessoal, e a conversa com o credor fica mais clara.

Leonardo Rezende
Especialista em dívidas empresariais

#cpfecnpj #socios #mapadedividas #gestaodepassivos #dividasempresariais",novo4
info_639,info/info_639.jpg,"A ordem de pagamento que fazia sentido no começo do mês pode mudar no meio dele. Entrou um vencimento novo, um cliente atrasou, uma garantia entrou em jogo.

Por isso a lista de prioridades não é uma foto, é um acompanhamento. Revisar a ordem todo mês, com os números atualizados, evita decidir pelo susto.

Leonardo Rezende
Especialista em dívidas empresariais

#ordemdepagamento #fluxodecaixa #gestaodepassivos #dividasempresariais #empresarios",novo4
info_640,info/info_640.jpg,"Pagar despesa da empresa com o cartão pessoal acontece em momentos de aperto. O cuidado é registrar: guardar a nota, anotar que foi o sócio quem pagou e combinar por escrito como será a devolução.

Sem esse registro, as contas se misturam e depois ninguém sabe ao certo o que a empresa deve ao sócio, ou o contrário.

Leonardo Rezende
Especialista em dívidas empresariais

#cpfecnpj #socios #fluxodecaixa #gestaodepassivos #dividasempresariais",novo4
info_641,info/info_641.jpg,"Lucro e fluxo de caixa respondem a perguntas diferentes. O lucro mostra o resultado do período. O fluxo mostra quando o dinheiro entra e sai de verdade.

Como parcela se paga com dinheiro em caixa, o banco costuma olhar o fluxo com atenção. Ter os dois em dia ajuda a empresa a se explicar melhor.

Leonardo Rezende
Especialista em dívidas empresariais

#fluxodecaixa #financasempresariais #gestaodepassivos #dividasempresariais #empresarios",novo4
info_642,info/info_642.jpg,"Negativação no CNPJ e no CPF são registros diferentes, cada um ligado a quem aparece como devedor no contrato. Quando o sócio assina como avalista ou fiador, a situação muda e o CPF também entra na conversa.

Por isso vale conferir, em cada contrato, quem aparece como devedor e quem aparece como garantidor.

Leonardo Rezende
Especialista em dívidas empresariais

#cpfecnpj #negativacao #socios #gestaodepassivos #dividasempresariais",novo4
info_643,info/info_643.jpg,"Quando vários credores ligam no mesmo dia, a vontade é resolver tudo na hora. Mas negociar sem os números é arriscado. Atenda com calma, anote o protocolo e peça o saldo por escrito.

Depois, junte tudo no mapa de dívidas e volte com uma proposta. Quem responde com calma costuma conversar melhor.

Leonardo Rezende
Especialista em dívidas empresariais

#negociacaodedividas #mapadedividas #gestaodepassivos #dividasempresariais #direitobancario",novo4
info_644,info/info_644.jpg,"Quando o fornecedor encurta o prazo, o capital de giro da empresa sente. Se antes você pagava em 30 dias e agora paga à vista, é um mês de dinheiro saindo antes de entrar.

A conta vem primeiro: quanto isso pesa no caixa. Depois, vale conversar com o fornecedor propondo um prazo intermediário e mostrando o histórico de pagamentos em dia.

Leonardo Rezende
Especialista em dívidas empresariais

#capitaldegiro #fluxodecaixa #gestaodepassivos #dividasempresariais #empresarios",novo4
info_645,info/info_645.jpg,"Mapa de dívidas não é só lista de bancos. Entram fornecedores, tributos, aluguel, leasing, cartão da empresa e até o dinheiro que o sócio emprestou.

As garantias dadas também merecem uma coluna: o que cada uma cobre e quando termina. Com o quadro completo, as decisões ficam mais seguras.

Leonardo Rezende
Especialista em dívidas empresariais

#mapadedividas #planejamentodepassivos #gestaodepassivos #dividasempresariais #garantias",novo4
info_646,info/info_646.jpg,"Crescer com dívida pode ser saudável, desde que o faturamento e o caixa acompanhem. Uma conta simples ajuda: nos últimos doze meses, a dívida cresceu mais do que o faturamento?

Se sim, é um sinal de atenção, e não uma sentença. Vale entender para onde foi o dinheiro novo e se ele voltou em forma de caixa.

Leonardo Rezende
Especialista em dívidas empresariais

#sinaisdealerta #gestaodepassivos #dividasempresariais #financasempresariais #empresarios",novo4
info_647,info/info_647.jpg,"Quando o contador fala em passivo circulante e não circulante, está separando as dívidas pelo prazo. O que vence no próximo ano pesa no caixa agora. O que vence depois pesa menos no curto prazo, mas também precisa de plano.

Separar as duas ajuda a enxergar quanto do aperto está logo à frente.

Leonardo Rezende
Especialista em dívidas empresariais

#planejamentodepassivos #gestaodepassivos #dividasempresariais #fluxodecaixa #empresarios",novo4
info_648,info/info_648.jpg,"As duas estão na mesma lei, mas têm objetivos diferentes. A recuperação busca reorganizar a empresa para que ela continue funcionando e pague os credores conforme um plano. A falência é a liquidação dos bens para pagar os credores.

Entender essa diferença ajuda o empresário a perder o medo da palavra e a procurar orientação cedo.

Leonardo Rezende
Especialista em dívidas empresariais

#recuperacaojudicial #falencia #gestaodepassivos #dividasempresariais #empresarios",novo4
info_649,info/info_649.jpg,"Muita gente tem dúvida sobre quem faz o quê na recuperação judicial. O administrador judicial é um profissional nomeado pelo juiz para acompanhar o processo, fiscalizando as atividades da empresa e o cumprimento do plano.

Saber quem é quem no processo tira parte do susto e ajuda o empresário a se preparar para as conversas.

Leonardo Rezende
Especialista em dívidas empresariais

#recuperacaojudicial #direitoempresarial #gestaodepassivos #dividasempresariais #empresarios",novo4
info_650,info/info_650.jpg,"Separar o fluxo operacional do financeiro evita uma ilusão comum. Operacional é o dinheiro das vendas e dos custos do dia a dia. Financeiro é o que entra e sai com empréstimos, parcelas e juros.

Se o empréstimo novo entra junto com as vendas, o caixa parece saudável, mas é só dívida nova. Olhar separado mostra se a operação se sustenta.

Leonardo Rezende
Especialista em dívidas empresariais

#fluxodecaixa #financasempresariais #gestaodepassivos #dividasempresariais #empresarios",novo4
info_651,info/info_651.jpg,"Conciliação bancária parece coisa de contador, mas é um hábito simples: comparar o extrato do banco com o controle interno da empresa, lançamento por lançamento.

Feita todo mês, ela mostra o que foi pago e não registrado, o que entrou e não foi lançado e as cobranças que ninguém reconhece. Dá mais confiança nos números do caixa.

Leonardo Rezende
Especialista em dívidas empresariais

#organizacao #fluxodecaixa #gestaodepassivos #dividasempresariais #financasempresariais",novo4
info_652,info/info_652.jpg,"Retirada de sócio tem nome, e misturar os nomes confunde as contas. O pró-labore remunera o trabalho do sócio. A distribuição de lucros reparte o resultado da empresa.

Combinar com o contador qual é qual, e registrar, deixa o fluxo de caixa mais previsível e a relação entre os sócios mais clara.

Leonardo Rezende
Especialista em dívidas empresariais

#socios #fluxodecaixa #gestaodepassivos #dividasempresariais #empresarios",novo4
info_653,info/info_653.jpg,"O termo é difícil, mas a ideia é simples. Credor quirografário é aquele que não tem garantia real nem privilégio especial. Um fornecedor com uma dívida sem garantia, por exemplo, costuma estar nessa situação.

Saber em que categoria cada credor está ajuda a entender a conversa e a organizar o mapa de dívidas.

Leonardo Rezende
Especialista em dívidas empresariais

#recuperacaojudicial #credores #gestaodepassivos #dividasempresariais #direitoempresarial",novo4
info_654,info/info_654.jpg,"Reserva fica mais fácil quando tem meta. Se o custo fixo da empresa é de R$ 20 mil por mês, três meses de reserva são R$ 60 mil. Mesmo começando por um mês, o número já mostra o caminho.

O tamanho ideal depende do setor e da estabilidade das vendas, mas medir em meses de custo ajuda a comparar com a realidade da empresa.

Leonardo Rezende
Especialista em dívidas empresariais

#reservadecaixa #fluxodecaixa #gestaodepassivos #dividasempresariais #empresarios",novo4
info_655,info/info_655.jpg,"Capital de giro é, em boa parte, a conta do buraco entre pagar e receber. Se a empresa paga o fornecedor em 30 dias e só recebe do cliente em 60, ela financia 30 dias de operação por conta própria.

Para uma empresa que gasta R$ 90 mil por mês, isso é perto de R$ 90 mil de caixa necessário. Calcular antes de aceitar prazo longo evita apertos.

Leonardo Rezende
Especialista em dívidas empresariais

#capitaldegiro #fluxodecaixa #gestaodepassivos #dividasempresariais #empresarios",novo4
info_656,info/info_656.jpg,"Desconto para pagamento à vista parece simpático, mas é uma forma de financiamento. Se o cliente pagaria R$ 100 em 30 dias e a empresa aceita R$ 95 hoje, ela abre mão de R$ 5 para receber um mês antes, algo como 5,3% ao mês sobre os R$ 95.

Saber se é caro ou barato depende das outras opções de capital de giro. O importante é fazer a conta antes de oferecer.

Leonardo Rezende
Especialista em dívidas empresariais

#capitaldegiro #fluxodecaixa #financasempresariais #gestaodepassivos #dividasempresariais",novo4
info_657,info/info_657.jpg,"Quando o caixa aperta, muita gente pensa em vender mais. Vender mais ajuda, mas custa esforço. Com margem de 10%, é preciso vender R$ 20 mil para sobrar R$ 2 mil.

Cortar R$ 2 mil de um custo que não gera retorno deixa o mesmo valor no caixa. As duas frentes valem, mas vale fazer a conta das duas.

Leonardo Rezende
Especialista em dívidas empresariais

#fluxodecaixa #financasempresariais #gestaodepassivos #dividasempresariais #empresarios",novo4
info_658,info/info_658.jpg,"Se o caixa livre da empresa é de R$ 6 mil por mês, uma parcela de R$ 6 mil não deixa espaço para nada. Com parcela de R$ 4 mil, sobra um terço de folga para um cliente que atrasa ou um custo inesperado.

Não é regra fixa, é critério de prudência: antes de aceitar qualquer prazo, pergunte quanto sobra no pior mês.

Leonardo Rezende
Especialista em dívidas empresariais

#planodepagamento #fluxodecaixa #gestaodepassivos #dividasempresariais #negociacaodedividas",novo4
info_659,info/info_659.jpg,"Ordenar as dívidas do maior saldo para o menor mostra onde está o peso. Em um passivo de R$ 500 mil, se dois contratos de R$ 200 mil somam R$ 400 mil, 80% do total está em apenas duas conversas.

Isso não quer dizer ignorar o resto, mas ajuda a escolher por onde começar com o tempo e a energia que a empresa tem.

Leonardo Rezende
Especialista em dívidas empresariais

#mapadedividas #planejamentodepassivos #gestaodepassivos #dividasempresariais #negociacaodedividas",novo4
info_660,info/info_660.jpg,"Despesa que vem uma vez por ano costuma pegar o caixa de surpresa. Se são R$ 12 mil no ano, separar R$ 1 mil por mês ajuda a chegar ao vencimento com o dinheiro pronto.

Vale listar essas despesas no começo do ano, com a data de cada uma, e colocar o valor mensal no fluxo de caixa como se fosse uma parcela.

Leonardo Rezende
Especialista em dívidas empresariais

#fluxodecaixa #planejamentodepassivos #gestaodepassivos #dividasempresariais #empresarios",novo4
info_661,info/info_661.jpg,"Para quem é MEI, misturar as vendas do negócio com a conta pessoal parece prático, mas esconde o resultado. Fica difícil saber quanto o negócio faturou e quanto saiu da conta de casa.

Uma conta própria para o CNPJ, mesmo simples, separa as duas coisas, facilita a organização e deixa o resultado do negócio visível mês a mês.

Leonardo Rezende
Especialista em dívidas empresariais

#mei #cpfecnpj #fluxodecaixa #gestaodepassivos #empresarios",novo4
info_662,info/info_662.jpg,"Quando o controle financeiro mora na cabeça, ou na planilha, de uma única pessoa, qualquer ausência vira risco. Férias, doença ou saída deixam a empresa sem enxergar o próprio caixa.

Um controle simples, com legenda e atualizado, que mais de uma pessoa saiba ler, protege a empresa e deixa a decisão mais tranquila.

Leonardo Rezende
Especialista em dívidas empresariais

#organizacao #fluxodecaixa #gestaodepassivos #dividasempresariais #empresarios",novo4
info_663,info/info_663.jpg,"Descobrir no fim do ano que o imposto pesou mais do que se esperava é uma surpresa cara. Uma conversa curta por mês com o contador, olhando caixa, impostos e vencimentos, muda isso.

Com a informação mais perto do dia a dia, dá para separar o valor certo na hora certa e decidir com mais calma.

Leonardo Rezende
Especialista em dívidas empresariais

#contabilidade #fluxodecaixa #gestaodepassivos #dividasempresariais #empresarios",novo4
info_664,info/info_664.jpg,"Reserva que fica na mesma conta do dia a dia costuma ser gasta sem perceber. Quando o fornecedor aperta ou surge uma oportunidade, o saldo parece disponível.

Uma conta separada, com regra clara de quando mexer, protege a reserva dos pequenos gastos e mostra quanto de colchão realmente existe.

Leonardo Rezende
Especialista em dívidas empresariais

#reservadecaixa #fluxodecaixa #gestaodepassivos #dividasempresariais #empresarios",novo4
info_665,info/info_665.jpg,"Quando um único cliente responde por boa parte do faturamento, o atraso ou a saída dele pesa direto no caixa. É um sinal de alerta que muita empresa só enxerga depois que acontece.

Acompanhar quanto cada cliente representa e ter um plano para o caso de um deles atrasar ajuda a reagir a tempo.

Leonardo Rezende
Especialista em dívidas empresariais

#sinaisdealerta #fluxodecaixa #gestaodepassivos #dividasempresariais #empresarios",novo4
info_666,info/info_666.jpg,"Quando a mesma pessoa lança, paga e confere, um erro de digitação ou um boleto duplicado passa batido. Não é desconfiança de ninguém, é método.

Separar quem prepara de quem confere, mesmo em empresa pequena, reduz erro e protege o caixa. Pode ser um sócio olhando a lista antes de liberar.

Leonardo Rezende
Especialista em dívidas empresariais

#organizacao #fluxodecaixa #gestaodepassivos #dividasempresariais #empresarios",novo4
info_667,info/info_667.jpg,"Quando cada sócio conversa com o credor de um jeito, a proposta perde força e o credor percebe a falta de alinhamento.

Combinar antes o que a empresa pode pagar, em quanto tempo e quem fala em nome dela deixa a conversa mais firme e mais clara para os dois lados. Vale registrar por escrito o que ficou combinado entre os sócios.

Leonardo Rezende
Especialista em dívidas empresariais

#socios #negociacaodedividas #gestaodepassivos #dividasempresariais #empresarios",novo4
info_668,info/info_668.jpg,"Quem recebe uma execução não precisa aceitar o valor da inicial como se fosse definitivo. O art. 917, III, do CPC prevê que, nos embargos, dá para alegar excesso de execução. Por isso, o primeiro passo é conferir a planilha de cálculo, linha por linha, com calma.

Leonardo Rezende
Especialista em dívidas empresariais

#execucao #direitobancario #gestaodepassivos #dividasempresariais #embargos",novo4
info_669,info/info_669.jpg,"Atrasou uma parcela de financiamento ou empréstimo como consumidor? O art. 52, § 1º, do CDC limita a multa de mora a dois por cento do valor da prestação. Ao pedir o valor atualizado, confira se a multa respeitou esse limite e peça o detalhamento por escrito.

Leonardo Rezende
Especialista em dívidas empresariais

#cobranca #cdc #direitobancario #gestaodepassivos #dividasempresariais",novo4
info_670,info/info_670.jpg,"Muita gente só descobre o que acontece no atraso quando o atraso chega. O art. 54-B do CDC fala em informar, antes da contratação, o custo efetivo total e os juros de mora, com os encargos previstos para o atraso. Vale pedir isso por escrito antes de assinar.

Leonardo Rezende
Especialista em dívidas empresariais

#cdc #credito #contratobancario #gestaodepassivos #dividasempresariais",novo4
info_671,info/info_671.jpg,"Ao receber o saldo devedor, confira as tarifas que entraram na conta. A Súmula 565 do STJ diz que a TAC e a TEC só são válidas em contratos bancários anteriores a 30 de abril de 2008. Se o seu contrato é mais novo e a tarifa aparece, peça a explicação por escrito.

Leonardo Rezende
Especialista em dívidas empresariais

#direitobancario #tarifasbancarias #gestaodepassivos #dividasempresariais #contratobancario",novo4
info_672,info/info_672.jpg,"Nem toda tarifa é indevida, e é bom saber a diferença. A Súmula 566 do STJ admite a tarifa de cadastro no início do relacionamento, nos contratos posteriores a 30 de abril de 2008. O ponto é conferir se ela foi cobrada uma vez só e se está descrita no contrato.

Leonardo Rezende
Especialista em dívidas empresariais

#direitobancario #tarifasbancarias #gestaodepassivos #dividasempresariais #credito",novo4
info_673,info/info_673.jpg,"O protesto cambial aparece no art. 202, III, do Código Civil como uma das hipóteses de interrupção da prescrição, que só pode acontecer uma vez. Por isso, ao ver um título protestado, não conclua sozinho que o prazo acabou. Confira as datas de cada fase com calma.

Leonardo Rezende
Especialista em dívidas empresariais

#protesto #prescricao #direitobancario #gestaodepassivos #dividasempresariais",novo4
info_674,info/info_674.jpg,"A Lei 12.414/2011, do cadastro positivo, garante ao cadastrado o direito de questionar uma informação errada e pedir a correção ou o cancelamento. Se algo no seu histórico não bate, registre o pedido por escrito, guarde o protocolo e confira o resultado depois.

Leonardo Rezende
Especialista em dívidas empresariais

#cadastropositivo #cadastrodecredito #gestaodepassivos #dividasempresariais #direitobancario",novo4
info_675,info/info_675.jpg,"Frase de efeito na ligação não é prazo de verdade. Peça o contrato e o valor atualizado por escrito, anote data, hora e nome de quem ligou e responda por mensagem. Com registro, a conversa fica mais calma e mais segura.

Leonardo Rezende
Especialista em dívidas empresariais

#cobranca #negociacaodedividas #gestaodepassivos #dividasempresariais #direitobancario",novo4
info_676,info/info_676.jpg,"Protesto assusta, mas o primeiro passo é saber exatamente o que foi registrado. Peça a certidão no cartório, confira valor, credor e prazo e, depois de pagar, guarde o documento que comprova a baixa.

Leonardo Rezende
Especialista em dívidas empresariais

#protesto #cartorio #gestaodepassivos #dividasempresariais #direitobancario",novo4
info_677,info/info_677.jpg,"Conta bloqueada pede método, não pânico. Primeiro, entender o que foi bloqueado e por qual dívida. Depois, reunir comprovantes de onde veio o dinheiro, porque a discussão costuma depender de prova e de prazo.

Leonardo Rezende
Especialista em dívidas empresariais

#bloqueiodeconta #penhora #gestaodepassivos #dividasempresariais #empresarios",novo4
info_678,info/info_678.jpg,"Quem liga com seus dados corretos pode parecer confiável, mas dado certo não prova nada. Desligue, procure o canal oficial por conta própria e confirme a oferta. Um minuto de desconfiança evita um prejuízo grande.

Leonardo Rezende
Especialista em dívidas empresariais

#golpe #segurancafinanceira #gestaodepassivos #dividasempresariais #renegociacao",novo4
info_679,info/info_679.jpg,"Pagar um cartão com o limite de outro faz a dívida crescer sem aparecer. O primeiro passo é uma lista com saldo, taxa e vencimento de cada uma. Com os números na mesa, ficam claras as opções, inclusive a lei do superendividamento.

Leonardo Rezende
Especialista em dívidas empresariais

#superendividamento #cartaodecredito #gestaodepassivos #dividasempresariais #negociacaodedividas",novo4
info_680,info/info_680.jpg,"Visita de oficial de justiça pega muita gente de surpresa. Receba com calma, leia o documento, seja objetivo e chame o advogado. Esconder bens ou negar o que é verdade costuma piorar tudo.

Leonardo Rezende
Especialista em dívidas empresariais

#execucao #penhora #gestaodepassivos #dividasempresariais #empresarios",novo4
info_681,info/info_681.jpg,"Citação guardada na gaveta rouba prazo. Peça a cópia, veja a data limite e leve ao advogado o quanto antes. Quem responde pela dívida depende de quem é parte e do que foi assinado, então a leitura do documento vem sempre primeiro.

Leonardo Rezende
Especialista em dívidas empresariais

#citacao #execucao #socios #gestaodepassivos #dividasempresariais",novo4
info_682,info/info_682.jpg,"Protesto é um ato de cartório, diferente de negativação. Em regra, o devedor é intimado e tem um prazo para pagar ou discutir. Entender isso a tempo evita decisão no susto.

Leonardo Rezende
Especialista em dívidas empresariais

#protesto #cartorio #gestaodepassivos #dividasempresariais #direitobancario",novo4
info_683,info/info_683.jpg,"Muita gente mistura as duas coisas. Negativação é registro nos birôs de crédito, protesto é ato de cartório. Os caminhos para regularizar e para comprovar a baixa são diferentes, por isso vale saber qual é o seu caso.

Leonardo Rezende
Especialista em dívidas empresariais

#negativacao #protesto #cadastrodecredito #gestaodepassivos #dividasempresariais",novo4
info_684,info/info_684.jpg,"Bloqueio e penhora andam juntos, mas não são iguais. O art. 854 do CPC trata do bloqueio de dinheiro e de como ele pode virar penhora. Por isso, reagir cedo e com comprovantes na mão faz diferença.

Leonardo Rezende
Especialista em dívidas empresariais

#penhora #bloqueiodeconta #gestaodepassivos #dividasempresariais #direitobancario",novo4
info_685,info/info_685.jpg,"Cobrança é conversa por ligação, carta ou mensagem. Execução é um processo na Justiça, baseado em um título. Saber em qual fase você está ajuda a decidir com calma o que fazer e em que prazo.

Leonardo Rezende
Especialista em dívidas empresariais

#execucao #cobranca #gestaodepassivos #dividasempresariais #direitobancario",novo4
info_686,info/info_686.jpg,"Nome limpo não significa dívida sob controle. O superendividamento está ligado a não conseguir pagar as dívidas de consumo sem comprometer o mínimo existencial, com ou sem negativação. A lei vale para pessoa física.

Leonardo Rezende
Especialista em dívidas empresariais

#superendividamento #cdc #gestaodepassivos #dividasempresariais #educacaofinanceira",novo4
info_687,info/info_687.jpg,"Depois de pagar uma dívida protestada, a carta de anuência é o documento em que o credor confirma o pagamento e concorda com o cancelamento do protesto. Peça, guarde uma cópia e confira se a baixa foi feita.

Leonardo Rezende
Especialista em dívidas empresariais

#protesto #cartorio #gestaodepassivos #dividasempresariais #direitobancario",novo4
info_688,info/info_688.jpg,"Prescrição é um tema que gera muita dúvida. Em linhas gerais, ela atinge a possibilidade de cobrar na Justiça e depende do tipo de dívida e das datas de cada fase. Conferir o histórico com calma vem antes de qualquer conclusão.

Leonardo Rezende
Especialista em dívidas empresariais

#prescricao #cobranca #gestaodepassivos #dividasempresariais #direitobancario",novo4
info_689,info/info_689.jpg,"Quem regulariza um título no cartório costuma pagar, além da dívida, as custas do protesto. Peça o valor total atualizado antes de se deslocar e guarde o recibo.

Leonardo Rezende
Especialista em dívidas empresariais

#protesto #cartorio #gestaodepassivos #dividasempresariais #fluxodecaixa",novo4
info_690,info/info_690.jpg,"Some folha, impostos e fornecedores de uma semana e divida o caixa disponível por esse número. O resultado mostra quantas semanas a empresa aguenta se uma conta for bloqueada.

Leonardo Rezende
Especialista em dívidas empresariais

#bloqueiodeconta #fluxodecaixa #gestaodepassivos #dividasempresariais #empresarios",novo4
info_691,info/info_691.jpg,"Um diário de cobrança com data, canal, nome de quem contatou, valor citado e protocolo organiza a conversa. Quando o assunto chega à negociação, cada contato já está registrado.

Leonardo Rezende
Especialista em dívidas empresariais

#cobranca #organizacao #gestaodepassivos #dividasempresariais #negociacaodedividas",novo4
info_692,info/info_692.jpg,"Dar um nome padrão ao comprovante, como data, credor e número da parcela, faz achar o documento certo em segundos. Salve o PDF no mesmo dia do pagamento.

Leonardo Rezende
Especialista em dívidas empresariais

#comprovante #organizacao #gestaodepassivos #dividasempresariais #negociacaodedividas",novo4
info_693,info/info_693.jpg,"Monte a linha do tempo da dívida com cinco datas: contratação, primeiro atraso, negativação ou protesto, cobrança e ação. Em temas como prescrição, cada data conta uma parte da história.

Leonardo Rezende
Especialista em dívidas empresariais

#prescricao #cobranca #gestaodepassivos #dividasempresariais #organizacao",novo4
info_694,info/info_694.jpg,"Ao receber uma carta de cobrança, anote a data em que ela chegou e o prazo indicado no texto, e coloque o vencimento no calendário com alerta. Guardar o envelope também ajuda.

Leonardo Rezende
Especialista em dívidas empresariais

#cobranca #notificacao #gestaodepassivos #dividasempresariais #organizacao",novo4
info_695,info/info_695.jpg,"Peça o saldo devedor por escrito em duas datas diferentes e compare os valores. A diferença mostra a velocidade com que a dívida cresce e ajuda a decidir quando negociar.

Leonardo Rezende
Especialista em dívidas empresariais

#juros #cobranca #gestaodepassivos #dividasempresariais #negociacaodedividas",novo4
info_696,info/info_696.jpg,"Limpar o nome é importante, mas é consequência. A causa está no fluxo de caixa, nos prazos e em parcelas que cabem no mês. Quem cuida da causa evita voltar à mesma lista daqui a pouco.

Leonardo Rezende
Especialista em dívidas empresariais

#negativacao #fluxodecaixa #gestaodepassivos #dividasempresariais #empresarios",novo4
info_697,info/info_697.jpg,"Quem cobra costuma ter meta de fechamento, e quem deve tem o caixa do mês. As duas coisas não precisam se confundir. Responder no seu ritmo, com números verdadeiros e por escrito, protege a conversa.

Leonardo Rezende
Especialista em dívidas empresariais

#cobranca #negociacaodedividas #gestaodepassivos #dividasempresariais #direitobancario",novo4
info_698,info/info_698.jpg,"Perda de renda, imprevisto na família e juros que crescem levam muita gente a dever. Vergonha atrasa a solução e informação acelera. Quem encara a lista de dívidas cedo tem mais caminhos à frente.

Leonardo Rezende
Especialista em dívidas empresariais

#superendividamento #educacaofinanceira #gestaodepassivos #dividasempresariais #mentalidade",novo4
info_699,info/info_699.jpg,"Um título protestado mostra que existe algo em aberto. Conferir valor, credor e prazo a tempo abre mais opções do que esperar o crédito ser negado. Cada situação tem suas datas, então vale olhar o caso com calma.

Leonardo Rezende
Especialista em dívidas empresariais

#protesto #cartorio #gestaodepassivos #dividasempresariais #direitobancario",novo4
info_700,info/info_700.jpg,"Dez minutos por semana para conferir vencimentos, mensagens e comprovantes evitam a maratona de socorro. Rotina curta, sempre no mesmo horário, vence qualquer correria de última hora.

Leonardo Rezende
Especialista em dívidas empresariais

#organizacao #cobranca #gestaodepassivos #dividasempresariais #disciplina",novo4
info_701,info/info_701.jpg,"Toda negociação tem três alavancas: valor, prazo e forma de pagamento. Quando uma trava, vale olhar as outras duas antes de desistir. Chegar com as três bem pensadas muda o tom da conversa.

Leonardo Rezende
Especialista em dívidas empresariais

#negociacaodedividas #acordo #gestaodepassivos #dividasempresariais #direitobancario",novo4
info_702,info/info_702.jpg,"Carta fechada na gaveta não cancela dívida nenhuma. Prazo e encargos correm mesmo sem leitura. Abrir cedo, ler com calma e responder por escrito é o que dá tempo de escolher o caminho.

Leonardo Rezende
Especialista em dívidas empresariais

#cobranca #notificacao #gestaodepassivos #dividasempresariais #organizacao",novo4
info_703,info/info_703.jpg,"Prometer data só para a ligação acabar costuma gerar acordo que não se cumpre. Pedir contrato, valor atualizado e protocolo antes de responder dá base para uma proposta real.

Leonardo Rezende
Especialista em dívidas empresariais

#cobranca #negociacaodedividas #gestaodepassivos #dividasempresariais #direitobancario",novo4
info_704,info/info_704.jpg,"Pagar às pressas sem conferir pode custar mais do que o necessário. Olhar origem, valor e data de cada registro e guardar o comprovante de cada pagamento deixa o processo mais seguro.

Leonardo Rezende
Especialista em dívidas empresariais

#negativacao #cadastrodecredito #gestaodepassivos #dividasempresariais #comprovante",novo4
info_705,info/info_705.jpg,"Diante de um bloqueio, a reação mais comum é agir no impulso. Pedir o extrato, entender a origem da ordem e reunir prova da origem do dinheiro costuma ser o caminho mais seguro.

Leonardo Rezende
Especialista em dívidas empresariais

#bloqueiodeconta #penhora #gestaodepassivos #dividasempresariais #empresarios",novo4
info_706,info/info_706.jpg,"Descobrir um protesto só quando o crédito é negado tira o poder de reação. Consultar o próprio CPF ou CNPJ nos cartórios e nos birôs com regularidade ajuda a agir a tempo.

Leonardo Rezende
Especialista em dívidas empresariais

#protesto #cadastrodecredito #gestaodepassivos #dividasempresariais #organizacao",novo4
info_707,info/info_707.jpg,"Pagar conforme a pressão do dia mantém todas as dívidas vivas. Uma lista completa, a separação do essencial e uma renegociação organizada dão rumo e tiram parte do peso.

Leonardo Rezende
Especialista em dívidas empresariais

#superendividamento #negociacaodedividas #gestaodepassivos #dividasempresariais #educacaofinanceira",novo4
info_708,info/info_708.jpg,"Recusar o contato ou deixar o documento de lado só encurta o prazo de reação. Receber com calma, ler tudo e procurar o advogado no mesmo dia preserva as opções.

Leonardo Rezende
Especialista em dívidas empresariais

#execucao #citacao #gestaodepassivos #dividasempresariais #empresarios",novo4
info_709,info/info_709.jpg,"Pagar dívida antiga na primeira ligação, sem conferir datas, pode ser um erro caro. Pedir contrato, histórico e datas antes de qualquer acordo dá clareza sobre o que está sendo cobrado.

Leonardo Rezende
Especialista em dívidas empresariais

#prescricao #cobranca #gestaodepassivos #dividasempresariais #negociacaodedividas",novo4
info_710,info/info_710.jpg,"Dinheiro de imposto parece saldo, mas tem data para sair. Separar essa parte assim que a venda entra ajuda a não gastar o que já tem destino e a evitar nova dívida no mês seguinte.

É um hábito simples, que dá previsão ao caixa.

Vale combinar isso com o contador e criar o hábito já neste mês.

Leonardo Rezende
Especialista em dívidas empresariais

#organizacaofinanceira #gestaodepassivos #dividasempresariais #fluxodecaixa #empresarios",novo4
info_711,info/info_711.jpg,"Quem recebe o lembrete no dia do vencimento só consegue pagar ou atrasar. Quem recebe cinco dias antes ainda consegue escolher: conferir saldo, ajustar o caixa ou conversar com o credor.

Agende o aviso hoje, em cada contrato.

Dois minutos de configuração hoje evitam multa e correria nos próximos meses.

Leonardo Rezende
Especialista em dívidas empresariais

#dividasempresariais #gestaodepassivos #empresarios #organizacaofinanceira #negociacaodedividas",novo4
info_712,info/info_712.jpg,"Uma conta simples: caixa disponível dividido pelo gasto médio de cada dia. O resultado são os dias de fôlego da empresa. Saber esse número muda a forma de negociar e de assumir novos compromissos.

Não precisa ser exato, precisa existir.

Refaça a conta todo mês e compare: o número conta uma história sobre o caixa.

Leonardo Rezende
Especialista em dívidas empresariais

#gestaodepassivos #dividasempresariais #empresarios #financasempresariais #fluxodecaixa",novo4
info_713,info/info_713.jpg,"Sócios que se reúnem com pauta curta decidem melhor. Três números bastam para começar: caixa de hoje, vencimentos das próximas semanas e saldo das dívidas.

Trinta minutos, com horário fixo, evitam surpresas e conversas atravessadas.

Anote o que foi decidido e quem fica com cada tarefa, para ninguém depender da memória.

Leonardo Rezende
Especialista em dívidas empresariais

#dividasempresariais #gestaodepassivos #empresarios #organizacaofinanceira #negociacaodedividas",novo4
info_714,info/info_714.jpg,"A calma que o cliente vê na minha mesa não é dom, é roteiro. Primeiro levantar os dados, depois listar as opções, depois escolher o próximo passo.

Quando existe método, a ansiedade perde espaço. E isso vale para quem advoga e para quem empreende.

Quem treina esse método em dias comuns chega mais firme aos dias difíceis.

Leonardo Rezende
Especialista em dívidas empresariais

#advogado #dividasempresariais #gestaodepassivos #confianca #reconstrucao",novo4
info_715,info/info_715.jpg,"Muita informação importante aparece nas pausas. A hesitação ao falar de um número, o assunto que muda de repente, o olhar para baixo.

Aprendi a esperar com calma antes de perguntar de novo. Quando a pessoa se sente ouvida, o essencial costuma aparecer.

Quando a pessoa se sente ouvida de verdade, a confiança vem junto, sem forçar.

Leonardo Rezende
Especialista em dívidas empresariais

#advogado #dividasempresariais #gestaodepassivos #confianca #reconstrucao",novo4
info_716,info/info_716.jpg,"Um mês apertado ou uma proposta recusada pesa na hora, mas não define o negócio. O que vale é olhar a tendência de vários meses.

Quem registra os números consegue separar o dia difícil do problema de verdade e segue com mais firmeza.

Ânimo oscila, número registrado ajuda a lembrar do caminho já percorrido.

Leonardo Rezende
Especialista em dívidas empresariais

#dividasempresariais #gestaodepassivos #empresarios #motivacao #perseveranca",novo4
info_717,info/info_717.jpg,"Um mês ruim acontece. Dois meses seguidos de caixa no vermelho já pedem outra atitude. É o momento de reunir os números e conversar com alguém de confiança, seja o contador, seja um advogado.

Quanto antes a conversa acontece, mais caminhos continuam abertos.

Não espere o caixa piorar mais para pedir uma opinião de fora.

Leonardo Rezende
Especialista em dívidas empresariais

#dividasempresariais #gestaodepassivos #empresarios #organizacaofinanceira #negociacaodedividas",novo4
info_718,info/info_718.jpg,"Decidir com base na sensação de que está tudo bem é arriscado. Um número que ninguém conferiu vira opinião.

Coloque o valor no papel, mostre para o sócio ou para o contador e só então decida. Segunda opinião sobre números poupa muita dor de cabeça.

Mostrar o valor a um segundo par de olhos custa pouco e pode evitar um erro caro.

Leonardo Rezende
Especialista em dívidas empresariais

#dividasempresariais #gestaodepassivos #empresarios #organizacaofinanceira #negociacaodedividas",novo4
info_719,info/info_719.jpg,"Quando todas as dívidas parecem urgentes, nada avança. Separar em três grupos ajuda: o que precisa de atenção esta semana, o que pode ser negociado agora e o que é de longo prazo.

Com a lista em ordem, a cabeça descansa e a conversa com cada credor fica mais objetiva.

Essa lista também ajuda a explicar a situação para sócio, contador ou advogado.

Leonardo Rezende
Especialista em dívidas empresariais

#gestaodepassivos #dividasempresariais #empresarios #financasempresariais #fluxodecaixa",novo4
info_720,info/info_720.jpg,"Segurança não é fingir que está tudo bem. É mostrar o número ruim, explicar o que ele significa e apresentar o próximo passo.

O cliente confia mais em quem fala a verdade com calma do que em quem só traz notícia boa.

Transparência com o número ruim é o que sustenta uma relação de confiança duradoura.

Leonardo Rezende
Especialista em dívidas empresariais

#advogado #dividasempresariais #gestaodepassivos #confianca #reconstrucao",novo4
info_721,info/info_721.jpg,"Controle financeiro é parecido com cuidar de uma casa: um pouco de atenção toda semana evita reforma grande depois.

Quem confere extrato, vencimentos e saldo com regularidade costuma chegar ao fim do mês com menos susto e mais tranquilidade para decidir.

Cuidar um pouco de cada vez é mais leve do que tentar resolver tudo de uma só vez.

Leonardo Rezende
Especialista em dívidas empresariais

#dividasempresariais #gestaodepassivos #empresarios #motivacao #perseveranca",novo4
info_722,info/info_722.jpg,"Explicar rápido demais dá sensação de eficiência, mas deixa o cliente com dúvida. Quando eu falo devagar, uso exemplos e confirmo se ficou claro, a conversa rende mais.

Tranquilidade na voz também é uma forma de cuidado com quem está preocupado.

Fale no seu ritmo: o cliente percebe quando existe atenção de verdade.

Leonardo Rezende
Especialista em dívidas empresariais

#advogado #dividasempresariais #gestaodepassivos #confianca #reconstrucao",novo4
info_723,info/info_723.jpg,"Reconstruir parece enorme quando se olha tudo de uma vez. Comece pelo que está ao alcance hoje: separar os papéis, listar quem você deve e quanto.

Um passo pequeno e concreto costuma tirar a pessoa do lugar. O resto vem depois, em ordem.

E se der, comece hoje mesmo, ainda que com poucos minutos e um papel qualquer.

Leonardo Rezende
Especialista em dívidas empresariais

#dividasempresariais #gestaodepassivos #empresarios #motivacao #perseveranca",novo4
info_724,info/info_724.jpg,"Muita gente espera ter tudo organizado para falar com o contador, e o tempo passa. O ideal é avisar cedo, contar o que já se sabe e completar as informações depois.

Contador bem informado planeja melhor e ajuda a evitar surpresa no meio do caminho.

Quem deixa o contador a par durante o ano costuma ter conversas mais tranquilas na hora de fechar.

Leonardo Rezende
Especialista em dívidas empresariais

#dividasempresariais #gestaodepassivos #empresarios #organizacaofinanceira #negociacaodedividas",novo4
info_725,info/info_725.jpg,"Quando um sócio foge do assunto, insistir em tom de cobrança costuma piorar. Vale começar com uma reunião curta, com poucos números e pauta combinada.

Se a conversa não andar, registrar por escrito os combinados e buscar orientação ajuda a proteger todos.

Sócio também precisa se sentir parte da solução, e isso começa com um jeito de conversar leve.

Leonardo Rezende
Especialista em dívidas empresariais

#dividasempresariais #gestaodepassivos #empresarios #organizacaofinanceira #negociacaodedividas",novo4
info_726,info/info_726.jpg,"Uma hora por semana, sempre no mesmo horário, costuma render mais do que um dia inteiro de desespero uma vez por mês.

Nessa hora, confira vencimentos, atualize a planilha e anote o próximo passo. Parece pouco, mas o hábito faz a dívida deixar de ser um assunto assustador.

Coloque a hora na agenda como se fosse um compromisso com um cliente importante.

Leonardo Rezende
Especialista em dívidas empresariais

#gestaodepassivos #dividasempresariais #empresarios #financasempresariais #fluxodecaixa",novo4
info_727,info/info_727.jpg,"Usar o cartão pessoal para tapar o buraco da empresa parece solução rápida, mas costuma sair caro e confunde o resultado do negócio.

Antes de decidir, calcule o custo total e converse com o credor sobre prazo. Muitas vezes há alternativa mais barata.

Se houver dúvida, pergunte ao credor e anote a resposta antes de qualquer pagamento.

Leonardo Rezende
Especialista em dívidas empresariais

#gestaodepassivos #dividasempresariais #empresarios #financasempresariais #fluxodecaixa",novo4
info_728,info/info_728.jpg,"Negociação difícil pede preparo e pausa. Chegar com os números na mão dá segurança, e respirar antes de responder evita palavras que a gente não queria dizer.

Se houver pressão, é legítimo pedir um tempo para analisar. Decisão boa costuma aguentar uma noite de sono.

Pausar não é fraqueza, é uma forma de decidir melhor com a cabeça no lugar.

Leonardo Rezende
Especialista em dívidas empresariais

#advogado #dividasempresariais #gestaodepassivos #confianca #reconstrucao",novo4
info_729,info/info_729.jpg,"Dívida na cabeça de madrugada cresce. No papel, ela ganha tamanho real: valor, credor, vencimento.

Escrever tudo numa folha é o primeiro passo para sair do medo e entrar no plano. Depois, conversar com alguém de confiança ajuda a escolher a ordem das ações.

Depois de escrever, vale conversar com alguém de confiança e escolher o primeiro passo.

Leonardo Rezende
Especialista em dívidas empresariais

#advogado #dividasempresariais #gestaodepassivos #confianca #reconstrucao",novo4
info_730,info/info_730.jpg,"Reconstruir costuma começar de um jeito simples: ver o quadro completo. Contratos, saldos e vencimentos reunidos num só lugar mostram onde está o peso e por onde começar.

Com esse mapa, os próximos passos ficam mais claros e a conversa com os credores muda de patamar.

Reconstruir é uma sequência de passos pequenos, e cada um deles conta.

Leonardo Rezende
Especialista em dívidas empresariais

#dividasempresariais #gestaodepassivos #empresarios #motivacao #perseveranca",novo4
info_731,info/info_731.jpg,"Assinaturas, pacotes e débitos recorrentes passam despercebidos no extrato. R$ 300 por mês parecem pouco, mas viram R$ 3.600 em um ano.

Uma revisão a cada três meses mostra o que ainda faz sentido manter e libera dinheiro sem precisar vender mais.

Faça a revisão com o extrato aberto, sem pressa, e cancele só o que realmente não usa.

Leonardo Rezende
Especialista em dívidas empresariais

#gestaodepassivos #dividasempresariais #empresarios #financasempresariais #fluxodecaixa",novo4
info_732,info/info_732.jpg,"Uma coluna a mais na planilha muda a forma de decidir: de um lado, o que você previu; do outro, o que de fato aconteceu.

A diferença mostra onde o plano falha, se foi a venda, o custo ou o prazo de recebimento. Com isso, o próximo mês fica mais realista.

Registre os números todo mês, e o aprendizado vai se acumulando com o tempo.

Leonardo Rezende
Especialista em dívidas empresariais

#gestaodepassivos #dividasempresariais #empresarios #financasempresariais #fluxodecaixa",novo4
info_733,info/info_733.jpg,"Entrou dinheiro na conta, mas quanto dele já tem dono? Imposto, folha, aluguel e parcelas vencem de qualquer jeito.

Subtrair esses valores primeiro mostra o que realmente sobra para investir, guardar ou negociar. É uma conta simples que evita sustos.

Esse exercício leva poucos minutos e muda a forma de olhar para o dinheiro que entra.

Leonardo Rezende
Especialista em dívidas empresariais

#gestaodepassivos #dividasempresariais #empresarios #financasempresariais #fluxodecaixa",novo4
info_734,info/info_734.jpg,"Para organizar as dívidas, cinco colunas bastam: credor, valor, vencimento, taxa e garantia. Preencha uma linha por contrato.

Com isso na tela, dá para comparar, priorizar e levar uma visão clara para a conversa com banco, sócio ou advogado.

Mantenha a planilha simples e atualizada, ela vale mais do que uma completa e abandonada.

Leonardo Rezende
Especialista em dívidas empresariais

#dividasempresariais #gestaodepassivos #empresarios #organizacaofinanceira #negociacaodedividas",novo4
info_735,info/info_735.jpg,"Meia hora por dia parece pouco. Em um mês, são 15 horas de estudo, organização ou planejamento.

Quem usa esse tempo para entender o próprio caixa costuma tomar decisões com mais firmeza. A constância é o que faz a diferença.

Quem protege esse tempo todo dia percebe, mais cedo ou mais tarde, o efeito na rotina.

Leonardo Rezende
Especialista em dívidas empresariais

#dividasempresariais #gestaodepassivos #empresarios #motivacao #perseveranca",novo4
info_736,info/info_736.jpg,"Cada parcela paga no prazo vira um ponto no histórico. Doze delas formam um ano de pontualidade, algo que quem analisa crédito costuma observar.

Reconstruir a confiança é isso: um pagamento por vez, sem pressa e sem atalho.

Pontualidade é uma forma silenciosa de falar com quem concede crédito.

Leonardo Rezende
Especialista em dívidas empresariais

#dividasempresariais #gestaodepassivos #empresarios #motivacao #perseveranca",novo4
info_737,info/info_737.jpg,"Uma hora por semana de organização soma 52 horas em um ano. É mais de uma semana inteira de trabalho dedicada a conhecer números, vencimentos e contratos.

Quem faz isso costuma ter menos susto e mais clareza na hora de decidir.

Pequenas rotinas semanais são as que mais sustentam uma empresa no longo prazo.

Leonardo Rezende
Especialista em dívidas empresariais

#dividasempresariais #gestaodepassivos #empresarios #motivacao #perseveranca",novo4
info_738,info/info_738.jpg,"Retirar dinheiro do caixa sempre que dá vontade esconde o resultado real da empresa. Uma retirada fixa, combinada com antecedência, dá previsão e facilita enxergar o que realmente sobra.

É uma regra simples que protege o negócio e a vida pessoal do dono.

Escolha uma data fixa para essa retirada e comunique ao sócio e ao contador.

Leonardo Rezende
Especialista em dívidas empresariais

#gestaodepassivos #dividasempresariais #empresarios #financasempresariais #fluxodecaixa",novo4
info_739,info/info_739.jpg,"Fugir do telefone costuma aumentar a ansiedade. Atender com calma, anotar o que foi dito e pedir a proposta por escrito deixa a conversa mais segura.

Com o papel na mão, dá para analisar sem pressa e responder no seu tempo.

Registrar a data, o nome e o combinado também ajuda muito na hora de conferir depois.

Leonardo Rezende
Especialista em dívidas empresariais

#dividasempresariais #gestaodepassivos #empresarios #organizacaofinanceira #negociacaodedividas",novo4
info_740,info/info_740.jpg,"Contador procurado só na época do imposto trabalha no escuro e na correria. Quando recebe os extratos todo mês, ele enxerga melhor o negócio e orienta antes que o problema apareça.

É uma rotina simples que melhora as decisões do ano inteiro.

Peça ao contador que reserve um horário fixo por mês para olhar esses números com você.

Leonardo Rezende
Especialista em dívidas empresariais

#dividasempresariais #gestaodepassivos #empresarios #organizacaofinanceira #negociacaodedividas",novo4
info_741,info/info_741.jpg,"Quando alguém chega aflito, a tentação é responder rápido. Mas o cliente precisa, primeiro, sentir que foi ouvido. Só depois a explicação faz sentido.

Ouvir até o fim, perguntar e resumir o que entendi costuma abrir espaço para uma conversa franca.

A confiança se constrói na escuta, e a explicação ganha sentido quando vem depois dela.

Leonardo Rezende
Especialista em dívidas empresariais

#advogado #dividasempresariais #gestaodepassivos #confianca #reconstrucao",novo4
info_742,info/info_742.jpg,"Olhar só para o valor total da dívida paralisa. Quando a mesma dívida aparece com plano, prazo e próximo passo, ela deixa de ser um monstro e vira uma tarefa.

O tamanho continua o mesmo, mas a forma de enxergar muda muito.

Quem dá nome a cada etapa, tem a sensação de controle de volta e fica mais calmo.

Leonardo Rezende
Especialista em dívidas empresariais

#dividasempresariais #gestaodepassivos #empresarios #motivacao #perseveranca",novo4
info_743,info/info_743.jpg,"Dia difícil pede uma tarefa pequena, não uma decisão enorme. Conferir um saldo, responder um e-mail, organizar um papel.

A sensação de andar, mesmo devagar, sustenta quem está reconstruindo. Constância pesa mais que intensidade.

Tarefas pequenas também são progresso, e o progresso devolve a vontade de continuar.

Leonardo Rezende
Especialista em dívidas empresariais

#dividasempresariais #gestaodepassivos #empresarios #motivacao #perseveranca",novo4
info_744,info/info_744.jpg,"Sucesso que só aparece por fora costuma ser frágil. O que sustenta de verdade é caixa organizado, compromissos em dia e a tranquilidade de dormir sem susto.

É um tipo de resultado que não rende foto, mas rende estabilidade.

Esse tipo de resultado é discreto, mas é o que sustenta uma empresa em tempos difíceis.

Leonardo Rezende
Especialista em dívidas empresariais

#dividasempresariais #gestaodepassivos #empresarios #motivacao #perseveranca",novo4
info_745,info/info_745.jpg,"Não existe número mágico, mas existe rotina. Olhar o caixa ao menos uma vez por semana, sempre no mesmo dia, ajuda a perceber mudanças cedo.

Se a empresa movimenta muito, vale olhar com mais frequência. O que conta é registrar o que foi visto e agir a tempo.

Adapte a frequência ao tamanho do seu negócio e mantenha o registro sempre à mão.

Leonardo Rezende
Especialista em dívidas empresariais

#gestaodepassivos #dividasempresariais #empresarios #financasempresariais #fluxodecaixa",novo4
info_746,info/info_746.jpg,"Dívida que é de todos costuma não ser de ninguém. Definir quem levanta os números e quem fala com os credores evita retrabalho e conversa atravessada.

Uma reunião curta, em horário fixo, mantém todo mundo alinhado e os combinados registrados.

Quando cada um sabe o que faz, a conversa com o credor fica mais firme e organizada.

Leonardo Rezende
Especialista em dívidas empresariais

#dividasempresariais #gestaodepassivos #empresarios #organizacaofinanceira #negociacaodedividas",novo4
info_747,info/info_747.jpg,"Esconder o aperto costuma alimentar boato. Falar com a equipe, sem alarme e sem exagero, ajuda a manter a confiança.

Explique o que muda, por quanto tempo e o que está sendo feito. Gente bem informada tende a colaborar mais.

Uma comunicação honesta e simples costuma proteger a confiança e o ambiente de trabalho.

Leonardo Rezende
Especialista em dívidas empresariais

#dividasempresariais #gestaodepassivos #empresarios #organizacaofinanceira #negociacaodedividas",novo4
info_748,info/info_748.jpg,"Segurança não vem de frases bonitas. Vem de falar claro, sem pressa e sem promessa, de explicar o caminho e de assumir os limites do que dá para fazer.

Quando o combinado é cumprido, a confiança cresce sem precisar de esforço extra.

Escute mais do que fale: muitas vezes o cliente só precisa de espaço para organizar o pensamento.

Leonardo Rezende
Especialista em dívidas empresariais

#advogado #dividasempresariais #gestaodepassivos #confianca #reconstrucao",novo4
info_749,info/info_749.jpg,"Calma total é difícil, mas dá para ter clareza. E clareza começa com números reunidos e uma ordem para as conversas.

Quando existe plano, mesmo simples, a cabeça se organiza e o medo diminui. Um passo pequeno por dia já muda o ritmo.

Se a calma não vem de uma vez, ela costuma chegar em partes, conforme o plano toma forma.

Leonardo Rezende
Especialista em dívidas empresariais

#advogado #dividasempresariais #gestaodepassivos #confianca #reconstrucao",novo4
info_750,info/info_750.jpg,"O medo faz a decisão parecer maior do que é. Dividir em etapas ajuda: primeiro levantar dados, depois comparar opções, por fim escolher.

Cada etapa concluída traz um pouco mais de segurança. E conversar com alguém de confiança também alivia o peso.

Se travar, volte para a etapa anterior e conclua uma coisa de cada vez.

Leonardo Rezende
Especialista em dívidas empresariais

#dividasempresariais #gestaodepassivos #empresarios #motivacao #perseveranca",novo4
info_751,info/info_751.jpg,"Reconstruir não depende de um gesto heroico. Depende de constância: cumprir o que foi combinado, acompanhar o caixa e conversar cedo quando algo muda.

Os resultados aparecem aos poucos. Quem aguenta o ritmo costuma chegar mais longe.

Se algo mudar no caminho, converse antes que a situação aperte e ajuste o plano com calma.

Leonardo Rezende
Especialista em dívidas empresariais

#dividasempresariais #gestaodepassivos #empresarios #motivacao #perseveranca",novo4
