id,arquivo,legenda,origem,frase
tw_001,tw/tw_001.jpg,"Perder uma causa, um contrato ou um cliente dói, mas é ali que está a informação mais valiosa. Sente, reveja o que falhou: prazo, documento, estratégia. No ganho fácil quase ninguém revisa nada, e é assim que o mesmo erro volta.

Leonardo Rezende
Especialista em dívidas empresariais

#aprendizado #aprendercomerros #evolucao #empreendedorismo #advocacia",pronto,"Aprender com o processo perdido vale mais do que comemorar o ganho fácil. Quem estuda a derrota evolui. Quem esquece, repete."
tw_002,tw/tw_002.jpg,"Reconhecimento costuma ser o último item de uma lista de coisas feitas sem plateia: entrega no prazo, estudo fora do horário, cuidado com o detalhe. Se você quer ser lembrado, comece perguntando o que anda fazendo que mereça a lembrança.

Leonardo Rezende
Especialista em dívidas empresariais

#carreira #profissionalismo #reconhecimento #gestaodepassivos #mentalidade",pronto,Existe um tipo de profissional que: espera ser reconhecido sem entregar. Espera ser promovido sem estudar. Espera ser lembrado sem se destacar.
tw_003,tw/tw_003.jpg,"Quem empreende conhece essa fase: caixa apertado, retorno que não vem e vontade de largar tudo. Muitas vezes é justamente nela que o esforço acumulado começa a aparecer. Antes de desistir, revise o plano, ajuste o que for preciso e dê mais um passo.

Leonardo Rezende
Especialista em dívidas empresariais

#persistencia #resiliencia #nuncadesista #dividasempresariais #gestaoempresarial",pronto,Os melhores resultados da sua vida provavelmente vão chegar quando você já estiver quase desistindo. Aguente um pouco mais.
tw_004,tw/tw_004.jpg,"No meio de boleto, prazo e cobrança, o olhar vai direto para o que está faltando. Anotar o que deu certo na semana não resolve o problema, mas devolve clareza para você decidir com a cabeça menos pesada.

Leonardo Rezende
Especialista em dívidas empresariais

#gratidao #equilibrio #mentalidadepositiva #advocacia #empresario",pronto,Gratidão não é só uma palavra bonita. É treino diário de enxergar o que já deu certo antes de reclamar do que falta.
tw_005,tw/tw_005.jpg,"O começo atrai muita gente, e o meio do caminho filtra. Quem continua entregando depois que a empolgação passa vira referência quase sem querer. Não é sobre ser o mais rápido, é sobre ainda estar de pé.

Leonardo Rezende
Especialista em dívidas empresariais

#constancia #perseveranca #foconotrabalho #mentalidade #financaspj",pronto,"Seja a pessoa que ainda está ali quando todo mundo cansou. Nesse mercado, quase ninguém chega a esse ponto."
tw_006,tw/tw_006.jpg,"Vale para a rotina e vale muito para as contas da empresa. Uma parcela atrasada ou um contrato sem revisar parece pouco hoje, mas cresce com multa, juros e preocupação. Olhar para o problema cedo dá mais opções do que olhar tarde.

Leonardo Rezende
Especialista em dívidas empresariais

#procrastinacao #produtividade #organizacao #dividasempresariais #gestaodepassivos",pronto,"Quanto mais você adia, mais pesado fica. Tarefa pequena adiada vira problema grande. Resolva hoje, enquanto ainda é pequeno."
tw_007,tw/tw_007.jpg,"Tratar bem o cliente grande é fácil. O teste é como você fala com o estagiário, o entregador, o funcionário novo ou o devedor que atrasou. Reputação se constrói muito nesses momentos em que ninguém está medindo.

Leonardo Rezende
Especialista em dívidas empresariais

#etica #respeito #carater #empresario #gestaodepassivos",pronto,A forma como você trata quem não pode te dar nada diz quase tudo sobre você.
tw_008,tw/tw_008.jpg,"Ninguém aplaude a conferência de prazos ou a terceira revisão de um documento. Mas é isso que evita o erro que sai caro. Quem cuida da parte chata com seriedade ganha a confiança de quem depende do seu trabalho.

Leonardo Rezende
Especialista em dívidas empresariais

#trabalhobemfeito #prazos #reputacao #financaspj #dividasempresariais",pronto,"Trabalhe no que ninguém quer trabalhar. Os prazos, os detalhes, a revisão. É nessa parte invisível que se constrói a reputação."
tw_009,tw/tw_009.jpg,"Nem toda crítica merece resposta, e nem toda crítica merece ir para o lixo. Separe o tom da mensagem. Se por trás de um tom ruim existe um ponto real, aproveite. O resto, deixe passar sem gastar energia.

Leonardo Rezende
Especialista em dívidas empresariais

#feedback #criticas #evolucao #empreendedorismo #advocacia",pronto,"Quando alguém te criticar, pergunte: há alguma verdade nisso? Se houver, melhore. Se não houver, ignore e siga."
tw_010,tw/tw_010.jpg,"Descanso não é prêmio de quem terminou tudo, é parte do trabalho. Só que, na hora de trabalhar, nada de empurrar a tarefa com justificativa. Pausa com horário e foco com horário rendem mais do que viver meio dentro, meio fora.

Leonardo Rezende
Especialista em dívidas empresariais

#equilibrio #descanso #produtividade #gestaodepassivos #mentalidade",pronto,Aprenda a descansar sem culpa. E a trabalhar sem desculpa. Equilíbrio é isso.
tw_011,tw/tw_011.jpg,"Quase nenhuma empresa sai do aperto num único movimento. É conferir o caixa toda semana, renegociar uma dívida por vez, cumprir o que foi combinado. Dia razoável repetido pesa mais do que um dia perfeito isolado.

Leonardo Rezende
Especialista em dívidas empresariais

#constancia #rotina #disciplina #dividasempresariais #gestaoempresarial",pronto,"Você não precisa de uma grande virada. Precisa de uma sequência de dias razoáveis, mantida por muito tempo."
tw_012,tw/tw_012.jpg,"Muita coisa não sai do papel porque a gente imagina o projeto inteiro de uma vez. Reduza: dez minutos organizando as contas, uma página do contrato lida. Começando pequeno, fica difícil achar desculpa para não começar.

Leonardo Rezende
Especialista em dívidas empresariais

#comecarpequeno #habitos #foco #advocacia #empresario",pronto,Ninguém precisa de coragem para começar pequeno. Dez minutos de foco. Uma página lida. Um passo dado. O pequeno que se repete derruba o grande que se adia.
tw_013,tw/tw_013.jpg,"Dizer não para a reunião sem pauta, para o cliente que não cabe no negócio, para o projeto que desvia do objetivo. Só dá para cortar assim quando você tem clareza do que importa. Sem ela, tudo vira urgente e o dia acaba sem rumo.

Leonardo Rezende
Especialista em dívidas empresariais

#clareza #prioridades #foco #mentalidade #financaspj",pronto,Quem sabe o que quer corta o resto sem culpa. Quem não sabe vive de obrigações e justificativas.
tw_014,tw/tw_014.jpg,"É fácil olhar o concorrente e se sentir atrás, porque você enxerga o resultado dele e não os bastidores. Meça seu progresso contra você mesmo de seis meses atrás. Esse número é honesto e mostra o que precisa ajustar.

Leonardo Rezende
Especialista em dívidas empresariais

#comparacao #autoconhecimento #evolucao #gestaoempresarial #empreendedorismo",pronto,"A comparação rouba a alegria e o foco. Compare só com a versão de você que ainda não existe, mas que está em construção."
tw_015,tw/tw_015.jpg,"Errar uma vez é do jogo: uma decisão de crédito mal pensada, um contrato assinado com pressa. O problema é recusar a rever o que aconteceu só para não admitir. Anote o erro, ajuste o processo e siga em frente.

Leonardo Rezende
Especialista em dívidas empresariais

#aprendercomerros #humildade #evolucao #empresario #gestaodepassivos",pronto,Errar faz parte. Repetir o mesmo erro por orgulho é escolha. Evoluir é aprender na primeira queda o que a segunda poderia ensinar.
tw_016,tw/tw_016.jpg,"Imagine você daqui a um mês abrindo a caixa de e-mail ou a pasta de contas. Se hoje deixou tudo em ordem, ele agradece. Se deixou para depois, vai lidar com o acúmulo. Disciplina é decidir quem vai carregar o peso.

Leonardo Rezende
Especialista em dívidas empresariais

#disciplina #organizacao #futuro #financaspj #dividasempresariais",pronto,Disciplina é um favor que você faz ao seu eu do futuro. Cada tarefa feita hoje é um problema a menos amanhã.
tw_017,tw/tw_017.jpg,"O cansaço vai aparecer, e a cabeça vai tentar negociar para você parar. Quem decidiu antes, com clareza, o que vai fazer, discute menos com a preguiça na hora H. Por isso vale definir a meta com calma, num dia em que você não está exausto.

Leonardo Rezende
Especialista em dívidas empresariais

#decisao #determinacao #forcadevontade #empreendedorismo #advocacia",pronto,"O corpo cede antes da mente. A mente cede antes da decisão. Se a decisão não cede, o resto acompanha."
tw_018,tw/tw_018.jpg,"Todo mundo lê o resumo. Poucos leem o contrato inteiro, estudam o balanço, entendem de onde vem cada número. Quem faz isso percebe o que os outros não viram, e na hora de decidir isso pesa bastante.

Leonardo Rezende
Especialista em dívidas empresariais

#profundidade #estudo #foconotrabalho #gestaodepassivos #mentalidade",pronto,"A profundidade é um superpoder. Num mundo de superficialidade, quem mergulha sai na frente."
tw_019,tw/tw_019.jpg,"Pagar o imposto correto, cumprir com o funcionário, assumir o erro diante do cliente: tudo isso custa agora. Atalho barato costuma voltar como multa, processo ou perda de confiança, e aí o trabalho é dobrado.

Leonardo Rezende
Especialista em dívidas empresariais

#etica #integridade #decisoes #dividasempresariais #gestaoempresarial",pronto,"Faça o que é certo, mesmo quando for caro. A fatura do certo é paga uma vez. A fatura do errado vem em parcelas pelo resto da vida."
tw_020,tw/tw_020.jpg,"Vale para audiência, reunião com banco e negociação com fornecedor. Quando você já pensou nas perguntas difíceis e nas respostas possíveis, a conversa assusta menos. Calma não é dom, é resultado de ter estudado antes.

Leonardo Rezende
Especialista em dívidas empresariais

#preparo #estudo #negociacao #advocacia #gestaodepassivos",pronto,Quem estuda sempre chega à audiência com a calma de quem já ensaiou todos os cenários. A tranquilidade é filha do preparo.
tw_021,tw/tw_021.jpg,"Perder bem não é aceitar sorrindo, é analisar sem se justificar. O que eu poderia ter feito diferente? Em que ponto errei a leitura? Quem faz essas perguntas sai da derrota com um método novo. Quem culpa os outros sai com o mesmo problema.

Leonardo Rezende
Especialista em dívidas empresariais

#aprendizado #resiliencia #derrota #mentalidade #financaspj",pronto,Aprender a perder é uma das maiores habilidades da vida. Quem perde bem aprende rápido. Quem perde mal repete o ciclo.
tw_022,tw/tw_022.jpg,"Empresário endividado, profissional atrasado nos estudos, negócio parado: em todos os casos o ponto de partida precisa estar claro. Olhar os números como eles são, sem maquiar, é o que permite montar um caminho realista.

Leonardo Rezende
Especialista em dívidas empresariais

#aceitacao #evolucao #recomecar #dividasempresariais #mentalidade",pronto,"O primeiro passo para a evolução é aceitar o ponto onde você está. Sem negar, sem se envergonhar, sem se vitimizar. Só aceitar, e então andar."
tw_023,tw/tw_023.jpg,"Passar o dia vendo o que o concorrente faz cansa e não melhora sua entrega. Concentre-se no seu serviço, no seu cliente e no seu jeito de trabalhar. Quem faz bem feito costuma achar seu lugar, mesmo com muita gente por perto.

Leonardo Rezende
Especialista em dívidas empresariais

#concorrencia #foco #posicionamento #empresario #gestaodepassivos",pronto,O mundo tem espaço para todo mundo que se dedica de verdade. A concorrência é só barulho de quem ainda não encontrou o seu caminho.
tw_024,tw/tw_024.jpg,"Talento ajuda, mas o que sustenta um negócio ou uma carreira é voltar toda semana e fazer de novo, inclusive no mês ruim. Quem não para acumula experiência, contatos e acertos que quem desistiu não chega a ter.

Leonardo Rezende
Especialista em dívidas empresariais

#persistencia #constancia #determinacao #financaspj #dividasempresariais",pronto,Você não precisa ser extraordinário. Precisa ser difícil de parar.
tw_025,tw/tw_025.jpg,"Vinte e quatro horas todo mundo tem. A diferença está no que sobra delas depois de redes sociais, reunião à toa e tarefa sem prioridade. Anote durante uma semana para onde seu tempo vai. Costuma surpreender.

Leonardo Rezende
Especialista em dívidas empresariais

#gestaodotempo #produtividade #tempo #empreendedorismo #advocacia",pronto,Pense menos em quanto tempo você tem. Pense mais em quanto desse tempo você realmente usou com consciência.
tw_026,tw/tw_026.jpg,"Ninguém enxerga o ponto exato em que a coisa vira, por isso é arriscado parar achando que já tentou o suficiente. Antes de encerrar um projeto, pergunte: eu testei outro caminho ou só repeti o mesmo?

Leonardo Rezende
Especialista em dívidas empresariais

#persistencia #tentativas #resiliencia #gestaodepassivos #mentalidade",pronto,"A diferença entre quem consegue e quem desiste, muitas vezes, é uma tentativa. Uma só. E ninguém sabe qual é antes de fazer."
tw_027,tw/tw_027.jpg,"Autocrítica não é se bater. É olhar o mês e constatar: perdi dois prazos, gastei sem controle, adiei uma conversa difícil. Depois escolher um ajuste e colocá-lo em prática. Simples assim, sem drama.

Leonardo Rezende
Especialista em dívidas empresariais

#autocritica #autoconhecimento #melhoriacontinua #dividasempresariais #gestaoempresarial",pronto,"A autocrítica honesta é um dos maiores presentes que você pode se dar. Sem dramatizar, sem se destruir, só enxergar e ajustar."
tw_028,tw/tw_028.jpg,"Vale para qualquer profissão: se preocupar em parecer bom toma o lugar de ficar bom. Na advocacia, o caso não se resolve com pose, e sim com leitura, pesquisa e preparo. Quem estuda de verdade nem precisa se esforçar tanto para aparecer.

Leonardo Rezende
Especialista em dívidas empresariais

#vaidade #estudo #humildade #advocacia #mentalidade",pronto,A vaidade é inimiga do advogado. O estudo é aliado. Troque o primeiro pelo segundo todos os dias.
tw_029,tw/tw_029.jpg,"Esperar o cenário perfeito para organizar as finanças da empresa ou retomar os estudos é um jeito de nunca começar. Essa fase não chega sozinha. Ela vai sendo construída pelas pequenas decisões de hoje.

Leonardo Rezende
Especialista em dívidas empresariais

#planejamento #procrastinacao #acao #mentalidade #financaspj",pronto,Pare de adiar a vida que você quer para a fase em que tudo estiver tranquilo. A tranquilidade é consequência do que você faz agora.
tw_030,tw/tw_030.jpg,"Resultado depende de coisas que nem sempre estão na sua mão, como mercado, cliente e economia. Esforço depende de você. Se a cobrança diária for sobre o que dá para controlar, como ligações feitas, estudo e revisão, o resultado tende a acompanhar.

Leonardo Rezende
Especialista em dívidas empresariais

#esforco #metas #foco #gestaoempresarial #empreendedorismo",pronto,Existe um tipo de pessoa que: se cobra resultado todo dia. Mas só se cobra esforço de vez em quando. Inverta a ordem e veja o que muda.
tw_031,tw/tw_031.jpg,"Muita coisa precisa de prazo para amadurecer: um negócio, uma negociação, uma reputação. Só que o tempo não faz nada sem você. Esperar sem agir é apenas deixar os dias passarem. O que constrói é agir um pouco, todo dia.

Leonardo Rezende
Especialista em dívidas empresariais

#paciencia #tempo #constancia #empresario #gestaodepassivos",pronto,Dê tempo ao tempo. Mas não deixe o tempo sozinho. Faça a sua parte todos os dias enquanto ele trabalha.
tw_032,tw/tw_032.jpg,"Todo mundo cumpre compromisso com cliente. Poucos cumprem o que prometeram a si mesmos: acordar no horário, estudar meia hora, fechar o caixa da semana. Quando você falha sempre nesses combinados, vai perdendo a confiança em si.

Leonardo Rezende
Especialista em dívidas empresariais

#disciplina #autorrespeito #compromisso #financaspj #dividasempresariais",pronto,Disciplina é uma forma de respeito. Você respeita a si mesmo quando cumpre o que combinou com você.
tw_033,tw/tw_033.jpg,"Dá para passar meses vendo vídeo sobre gestão financeira e continuar sem saber quanto a empresa deve. Escolha uma coisa que você já aprendeu e aplique ainda esta semana. Um passo executado ensina mais do que dez aulas assistidas.

Leonardo Rezende
Especialista em dívidas empresariais

#aprendizado #pratica #acao #empreendedorismo #advocacia",pronto,Não precisa de mais conteúdo. Precisa colocar em prática o que já assistiu. Aprender sem aplicar é só entretenimento.
tw_034,tw/tw_034.jpg,"Se você não rende em casa, tente outro lugar. Se a tarde é improdutiva, passe a tarefa difícil para a manhã. Pequenas trocas de cenário quebram o piloto automático e costumam ajudar mais do que esperar a motivação aparecer.

Leonardo Rezende
Especialista em dívidas empresariais

#ambiente #rotina #habitos #gestaodepassivos #mentalidade",pronto,"Mudar o ambiente muda o comportamento. Troque de lugar, de horário, de rotina. Às vezes, a mudança que você precisa começa fora da cabeça."
tw_035,tw/tw_035.jpg,"Tem dia em que ninguém quer abrir a planilha, ligar para o credor ou escrever o documento. Quem espera ter vontade vive em ritmo irregular. Fazer um pouco, mesmo no automático, mantém o dia andando e o ritmo não quebra.

Leonardo Rezende
Especialista em dívidas empresariais

#disciplina #motivacao #produtividade #dividasempresariais #gestaoempresarial",pronto,"Se você só age quando está animado, é refém do seu humor. Disciplina é ser dono do próprio dia, mesmo sem ânimo."
tw_036,tw/tw_036.jpg,"No escritório, na loja ou na obra, a pressão de prazo e de cliente chega antes de qualquer manual. O que ajuda é ter método, pedir ajuda cedo e conversar com quem já passou por isso. Com o tempo, a gente aprende a lidar.

Leonardo Rezende
Especialista em dívidas empresariais

#pressao #carreira #resiliencia #advocacia #empresario",pronto,"Ninguém é ensinado a lidar com a pressão da profissão. Aprende-se no susto, na prática e no erro. Mas aprende-se, se houver disposição."
tw_037,tw/tw_037.jpg,"Olhe para o seu círculo profissional: quem te cobra, quem só reclama, quem te ensina algo novo. A gente absorve o ritmo e a visão de mundo de quem está perto. Aproxime-se de quem puxa o seu padrão para cima.

Leonardo Rezende
Especialista em dívidas empresariais

#networking #ambiente #companhias #mentalidade #financaspj",pronto,"Escolha bem com quem passa o tempo. Você vira, devagar e sem perceber, a média das pessoas ao seu redor."
tw_038,tw/tw_038.jpg,"Na véspera, deixe anotadas as três tarefas principais e os documentos separados. No dia seguinte, mesmo cansado, você só executa, sem precisar decidir nada. A estrutura carrega o que a energia não dá conta.

Leonardo Rezende
Especialista em dívidas empresariais

#rotina #organizacao #habitos #gestaoempresarial #empreendedorismo",pronto,"Em dia de pouca energia, aposte na estrutura. Lista pronta, roupa separada, horário marcado. Quem depende só da vontade perde para o sono."
tw_039,tw/tw_039.jpg,"Planilha de metas bonita não paga conta. O que muda a empresa é o que acontece toda segunda, toda quarta e todo fim de mês. Se a rotina não sustenta o plano, ele vira só um desejo escrito.

Leonardo Rezende
Especialista em dívidas empresariais

#rotina #planejamento #metas #empresario #gestaodepassivos",pronto,Planos dizem o que você quer. Rotina diz o que você vai conseguir.
tw_040,tw/tw_040.jpg,"No primeiro mês, quem faz um pouco por dia parece estar atrás de quem faz muito num dia só. No sexto mês, o quadro costuma ser outro. Constância é lenta no começo, e por isso muita gente desiste dela cedo demais.

Leonardo Rezende
Especialista em dívidas empresariais

#constancia #consistencia #persistencia #financaspj #dividasempresariais",pronto,A constância tem um defeito: ela não impressiona no começo. Mas tem uma qualidade que nenhum talento tem: ela não para.
tw_041,tw/tw_041.jpg,"Trocar de tarefa toda hora gasta energia a cada troca, e o resultado é um dia cheio e sem entrega. Experimente fechar as abas, silenciar as conversas e terminar uma coisa por vez. No fim, a lista encolhe.

Leonardo Rezende
Especialista em dívidas empresariais

#foco #multitarefa #produtividade #empreendedorismo #advocacia",pronto,"Dez abas abertas, cinco conversas, três tarefas. No fim do dia, nenhuma concluída. Fazer um de cada vez é mais rápido do que parece."
tw_042,tw/tw_042.jpg,"Quantas vezes você disse que ia renegociar aquela dívida, revisar aquele contrato ou fazer aquela ligação? A intenção não resolve nada, só dá a sensação de que algo está sendo feito. Marque um horário e faça.

Leonardo Rezende
Especialista em dívidas empresariais

#acao #execucao #procrastinacao #gestaodepassivos #mentalidade",pronto,"A vida recompensa a ação, não a intenção. Quem apenas pensa em fazer continua exatamente no mesmo lugar."
tw_043,tw/tw_043.jpg,"Esconder um problema do sócio, do banco ou do cliente exige lembrar a versão que você contou e sustentá-la. A conversa franca é desconfortável por alguns minutos, mas costuma evitar um desgaste bem maior depois.

Leonardo Rezende
Especialista em dívidas empresariais

#verdade #etica #transparencia #dividasempresariais #gestaoempresarial",pronto,Quem se compromete com a verdade dorme melhor. Mentiras exigem memória e manutenção. A verdade só pede coragem uma vez.
tw_044,tw/tw_044.jpg,"Já tem plano suficiente na gaveta. Escolha uma ação de quinze minutos, como separar os extratos ou responder aquela mensagem pendente, e faça hoje. Amanhã, outra. É assim que plano deixa de ser só plano.

Leonardo Rezende
Especialista em dívidas empresariais

#habitos #acao #rotina #advocacia #empresario",pronto,"Você não precisa de mais um plano. Precisa de uma tarefa pequena feita hoje e de outra amanhã. A vida muda no que se repete, não no que se planeja."
tw_045,tw/tw_045.jpg,"Quase ninguém se sente pronto para abrir o negócio, assumir o cargo ou encarar a conversa com o credor. Você aprende fazendo e ajustando no caminho. Se esperar segurança total, ela só vem depois que você começar.

Leonardo Rezende
Especialista em dívidas empresariais

#comecar #coragem #acao #mentalidade #financaspj",pronto,Não espere se sentir pronto. Pronto é quem começa. O resto é plateia da própria vida.
tw_046,tw/tw_046.jpg,"Correr na direção errada só te deixa longe do destino mais rápido. Antes de pegar um empréstimo ou fechar um contrato, reserve um tempo e pergunte se aquilo te leva para onde você quer ir. Dez minutos de reflexão evitam semanas de retrabalho.

Leonardo Rezende
Especialista em dívidas empresariais

#planejamento #decisoes #estrategia #gestaodepassivos #empresario",pronto,Quem sabe parar para pensar ganha de quem só sabe correr. Direção antes de velocidade.
tw_047,tw/tw_047.jpg,"Teve prejuízo, perdeu cliente, ficou devendo. Isso é fato do passado e não decide quem você vai ser. O que vem depois, como você reage, o que ajusta e as decisões que toma, é o que escreve o próximo capítulo.

Leonardo Rezende
Especialista em dívidas empresariais

#responsabilidade #decisoes #superacao #empresario #gestaodepassivos",pronto,Você não é o que aconteceu com você. É o que você faz depois que aconteceu. Ninguém define seu futuro além das suas próprias decisões.
tw_048,tw/tw_048.jpg,"Esforço intenso por três dias e depois sumir não constrói nada. A constância é a versão mais discreta: fazer a parte menor do dia, mesmo no dia ruim, sem anunciar que está sofrendo. É isso que sustenta o resultado a longo prazo.

Leonardo Rezende
Especialista em dívidas empresariais

#constancia #esforco #disciplina #financaspj #dividasempresariais",pronto,"Esforço é quando você faz até cansar. Constância é quando você faz mesmo cansado, sem fazer drama."
tw_049,tw/tw_049.jpg,"Cada estudo feito e cada um pulado, cada conta conferida e cada uma ignorada entram nessa soma, e o resultado de hoje é o retrato disso. A conta continua aberta: o que você escolher hoje também entra nela.

Leonardo Rezende
Especialista em dívidas empresariais

#habitos #evolucao #esforco #empreendedorismo #advocacia",pronto,A pessoa de hoje é a soma dos pequenos esforços que ela repetiu. E também dos pequenos esforços que ela evitou.
tw_050,tw/tw_050.jpg,"Perfeição trava, porque nunca está bom o bastante para entregar. Honestidade com os fatos, esforço regular e abertura para recomeçar quando algo dá errado já formam uma base bem sólida, na vida e no negócio.

Leonardo Rezende
Especialista em dívidas empresariais

#recomecar #honestidade #evolucao #gestaodepassivos #mentalidade",pronto,"A vida não pede que você seja perfeito. Pede que seja honesto, esforçado e disposto a recomeçar."
tw_051,tw/tw_051.jpg,"Antes de empurrar uma tarefa, pergunte se o você de amanhã vai gostar disso. Pagar a conta no prazo, responder o e-mail importante, arquivar o documento no lugar certo. São gestos pequenos que poupam muita dor de cabeça lá na frente.

Leonardo Rezende
Especialista em dívidas empresariais

#disciplina #organizacao #planejamento #dividasempresariais #gestaoempresarial",pronto,Faça hoje o que seu eu de amanhã vai agradecer. E evite o que ele vai ter que consertar.
tw_052,tw/tw_052.jpg,"Cada notificação que você atende é uma decisão sobre onde colocar a atenção, e quase sempre não foi você quem decidiu. Defina horários para olhar mensagens e proteja blocos de trabalho sem interrupção.

Leonardo Rezende
Especialista em dívidas empresariais

#atencao #foco #concentracao #advocacia #empresario",pronto,Atenção é o recurso mais caro do século. Quem controla a própria atenção controla a própria vida.
tw_053,tw/tw_053.jpg,"No dia a dia você só vê a repetição. Por isso vale registrar: anote como estava há seis meses, quantos clientes tinha, quanto devia, o que sabia fazer. Ao comparar com hoje, o avanço aparece.

Leonardo Rezende
Especialista em dívidas empresariais

#progresso #evolucao #constancia #mentalidade #financaspj",pronto,"O progresso quase nunca parece progresso enquanto acontece. Parece rotina, repetição e dúvida. Só olhando para trás você enxerga o quanto andou."
tw_054,tw/tw_054.jpg,"Prometer muito e entregar tudo pela metade desgasta a confiança do cliente. Prefira assumir menos e entregar com capricho. Uma entrega bem feita é a melhor propaganda que existe, porque o próprio cliente comenta.

Leonardo Rezende
Especialista em dívidas empresariais

#trabalhobemfeito #qualidade #reputacao #gestaoempresarial #empreendedorismo",pronto,Escolha uma coisa só e faça direito. Um trabalho bem feito constrói mais reputação do que dez entregas medianas.
tw_055,tw/tw_055.jpg,"Olhar só para o resultado, como faturamento ou ganho de causa, deixa a gente ansioso, porque ele depende de muita coisa. Evoluir depende de você: estudar mais, melhorar processos, corrigir falhas. Coloque sua energia aí.

Leonardo Rezende
Especialista em dívidas empresariais

#evolucao #crescimento #melhoriacontinua #empresario #gestaodepassivos",pronto,Vencer é consequência. Evoluir é a causa. Cuide da causa que a consequência vem.
tw_056,tw/tw_056.jpg,"Cobrança em excesso paralisa, e cobrança nenhuma deixa tudo solto. Um jeito de achar o meio: defina metas semanais realistas, confira no fim da semana e ajuste sem drama. Assim a cobrança vira bússola, não castigo.

Leonardo Rezende
Especialista em dívidas empresariais

#autocobranca #equilibrio #metas #financaspj #dividasempresariais",pronto,Quem se cobra demais perde o sono. Quem se cobra de menos perde o rumo. Encontre o ponto em que cobrança vira energia.
tw_057,tw/tw_057.jpg,"Nem todo bom trabalho é notado na mesma semana. O cliente que você atendeu com atenção hoje pode te indicar daqui a um ano. Faça bem feito por padrão, não por plateia. Com o tempo, o padrão aparece.

Leonardo Rezende
Especialista em dívidas empresariais

#reconhecimento #trabalhobemfeito #paciencia #empreendedorismo #advocacia",pronto,Faça o seu melhor sem esperar reconhecimento imediato. O tempo se encarrega de revelar quem estava trabalhando de verdade.
tw_058,tw/tw_058.jpg,"Um negócio que fechou ou uma dívida que saiu do controle é um capítulo, não o fim da história. O risco é você se rotular como incapaz. Entenda o que levou àquele resultado, guarde o aprendizado e use na próxima decisão.

Leonardo Rezende
Especialista em dívidas empresariais

#fracasso #recomecar #aprendizado #dividasempresariais #empreendedorismo",pronto,O fracasso de hoje pode ser a base de um acerto de amanhã. Desde que você não o transforme em sentença.
tw_059,tw/tw_059.jpg,"A dúvida aparece quando o esforço já está alto e o resultado ainda não veio. É normal e não quer dizer que o caminho está errado. Em vez de abandonar, reveja o plano com calma e veja se precisa de ajuste ou só de mais tempo.

Leonardo Rezende
Especialista em dívidas empresariais

#persistencia #duvida #resiliencia #dividasempresariais #gestaoempresarial",pronto,Aguente a fase da dúvida. Todo trabalho que valeu a pena passou por ela.
tw_060,tw/tw_060.jpg,"Uma empresa que cresce sente a pressão no caixa, na equipe e nos processos. Um profissional que evolui sente o peso de aprender algo novo. Desconforto nem sempre é sinal de erro, às vezes é só o custo de sair do lugar.

Leonardo Rezende
Especialista em dívidas empresariais

#crescimento #desafios #evolucao #advocacia #empresario",pronto,"Se está difícil, talvez você esteja exatamente onde precisa estar. O que cresce nunca é confortável enquanto cresce."
tw_061,tw/tw_061.jpg,"Quem te ensinou algo no começo da carreira merece ser lembrado. Quem está ao seu lado merece respeito. E quem está começando agora merece a paciência que você gostaria de ter recebido. Esse ciclo fortalece a profissão inteira.

Leonardo Rezende
Especialista em dívidas empresariais

#mentoria #carreira #humildade #mentalidade #financaspj",pronto,Aprenda com quem já chegou. Respeite quem ainda está no caminho. Ajude quem está começando. Esse é o ciclo de uma boa trajetória.
tw_062,tw/tw_062.jpg,"Cliente, cargo e contrato podem ir embora. O conhecimento que você construiu estudando e errando fica com você e abre portas em outros lugares. Por isso estudar é um investimento que ninguém pode levar de você.

Leonardo Rezende
Especialista em dívidas empresariais

#conhecimento #estudo #aprendizado #gestaoempresarial #empreendedorismo",pronto,Tem uma coisa que ninguém consegue tirar de você: o que você aprendeu com o seu próprio esforço.
tw_063,tw/tw_063.jpg,"Em qualquer área técnica é assim: sempre aparece um caso diferente que obriga a pesquisar. Se você encara como chato, cansa. Se encara com curiosidade, cada caso vira chance de saber mais. Isso muda o dia a dia.

Leonardo Rezende
Especialista em dívidas empresariais

#estudo #curiosidade #direito #advocacia #mentalidade",pronto,O estudo nunca termina no direito. Cada processo traz um tema novo. Quem encara isso com curiosidade nunca se cansa.
tw_064,tw/tw_064.jpg,"Agenda, planilha, caderno, aplicativo: tem gente que troca de ferramenta todo mês e nunca cria o hábito. Um método comum, aplicado com regularidade, funciona melhor do que o método perfeito que ninguém usa. Escolha um e comece.

Leonardo Rezende
Especialista em dívidas empresariais

#metodo #execucao #produtividade #financaspj #dividasempresariais",pronto,"Há pessoas que passam a vida procurando o método perfeito. Enquanto isso, quem aplica o método comum já chegou três vezes."
tw_065,tw/tw_065.jpg,"Experimente deixar o celular longe nas primeiras horas de trabalho ou desligar as notificações que não são essenciais. Responder tudo na hora dá sensação de produtividade, mas quebra o seu foco. Quem decide quando olhar é você.

Leonardo Rezende
Especialista em dívidas empresariais

#celular #distracoes #foco #empreendedorismo #advocacia",pronto,Seu celular tem tudo para te distrair. Você tem tudo para ser mais do que uma notificação. Escolha quem manda no seu dia.
tw_066,tw/tw_066.jpg,"Notícia ruim o dia inteiro, conversa que só reclama, mensagem que não é urgente: tudo isso entra e ocupa espaço. Escolher o que merece a sua atenção é cuidar do seu tempo e da sua cabeça para o que realmente importa.

Leonardo Rezende
Especialista em dívidas empresariais

#atencao #prioridades #clarezamental #gestaodepassivos #mentalidade",pronto,O seu dia é construído pelas coisas que você permite entrar nele. Filtrar é uma forma de cuidar.
tw_067,tw/tw_067.jpg,"Um revés no negócio pesa, e é normal sentir. Mas ficar parado lamentando só aumenta o prejuízo, seja de tempo, de caixa ou de ânimo. Dê o próximo passo possível, mesmo pequeno, e vá ajustando no caminho.

Leonardo Rezende
Especialista em dívidas empresariais

#resiliencia #superacao #recomecar #dividasempresariais #gestaoempresarial",pronto,"Cair dói. Ficar no chão dói mais. Levante, limpe e siga, mesmo que ainda doa."
tw_068,tw/tw_068.jpg,"Prazo, combinado com cliente, número de contrato: tudo isso precisa estar anotado em algum lugar que não seja a sua cabeça. Memória falha, principalmente no aperto. Um registro simples e atualizado evita erro caro.

Leonardo Rezende
Especialista em dívidas empresariais

#organizacao #processos #prazos #advocacia #empresario",pronto,"Não confie na memória. Anote, registre, organize. Disciplina de processo vale mais do que cabeça boa."
tw_069,tw/tw_069.jpg,"Escolher uma prioridade significa dizer não para outras coisas, e isso incomoda. Mas sem escolha, o dia é tomado pelo que grita mais alto. Liste o que realmente importa nesta semana e proteja um horário para cada item.

Leonardo Rezende
Especialista em dívidas empresariais

#prioridades #gestaodotempo #decisao #mentalidade #financaspj",pronto,"Você tem tempo para tudo que prioriza. O que você chama de falta de tempo, muitas vezes, é falta de coragem para escolher."
tw_070,tw/tw_070.jpg,"Vale para qualquer texto importante, de um contrato a um e-mail para o banco. Leia o material inteiro, escreva, deixe descansar e revise. A diferença entre um documento comum e um bom está quase sempre nos detalhes.

Leonardo Rezende
Especialista em dívidas empresariais

#peticao #revisao #atencaoaosdetalhes #advocacia #gestaoempresarial",pronto,"Todo advogado aprende cedo: petição boa não nasce de inspiração. Nasce de leitura atenta, revisão e muita paciência com os detalhes."
tw_071,tw/tw_071.jpg,"No meio do processo você ainda erra, ainda não tem o resultado e ainda parece amador em algumas coisas. É desconfortável, mas é passagem obrigatória. Quem aceita estar em construção chega mais longe do que quem desiste para não se expor.

Leonardo Rezende
Especialista em dívidas empresariais

#processo #evolucao #paciencia #empresario #gestaodepassivos",pronto,Todo mundo quer a versão final de si mesmo. Poucos aceitam a versão incompleta que existe no meio do caminho.
tw_072,tw/tw_072.jpg,"Na fase difícil, o motivo original segura a gente. Na fácil, o risco é relaxar e se perder de novo. Por isso vale manter a rotina e a revisão dos números, não importa como o mês esteja.

Leonardo Rezende
Especialista em dívidas empresariais

#constancia #motivacao #perseveranca #financaspj #dividasempresariais",pronto,"Quando for difícil, lembre por que começou. Quando for fácil, lembre que é só por enquanto. Nos dois casos, continue."
tw_073,tw/tw_073.jpg,"Em negócio e em carreira a gente se compara demais com os outros. Mas a vitória mais importante costuma ser silenciosa: fazer a ligação naquele dia em que dava vontade de deixar para lá, encarar a tarefa difícil, olhar de frente para o problema.

Leonardo Rezende
Especialista em dívidas empresariais

#superacao #determinacao #disciplina #empreendedorismo #advocacia",pronto,Sua maior vitória não será derrotar alguém. Será ter vencido a versão de você que queria desistir.
tw_074,tw/tw_074.jpg,"Quem quer evitar qualquer chance de erro acaba não tentando, e no negócio isso significa abrir mão de oportunidades. Avalie o risco, planeje o que fizer sentido e aceite que parte do caminho inclui falhar e ajustar.

Leonardo Rezende
Especialista em dívidas empresariais

#risco #coragem #tentativas #gestaodepassivos #mentalidade",pronto,Não existe vitória sem tentativa. Nem tentativa sem risco. Nem risco sem possibilidade de falhar. Aceite os três.
tw_075,tw/tw_075.jpg,"Sorte costuma aparecer para quem está por perto quando a oportunidade surge: o profissional conhecido pelo bom trabalho, o empresário organizado que consegue aproveitar uma chance. Fazer o certo prepara o terreno.

Leonardo Rezende
Especialista em dívidas empresariais

#sorte #preparacao #constancia #dividasempresariais #gestaoempresarial",pronto,"Se você faz o certo todos os dias, a sorte começa a te procurar. Não o contrário."
tw_076,tw/tw_076.jpg,"Fechar o caixa toda sexta, conferir contratos, atender o mesmo tipo de pedido de novo. Parece sem graça, mas é essa repetição que dá solidez ao negócio. O topo é a soma de muitos anos de trabalho comum bem feito.

Leonardo Rezende
Especialista em dívidas empresariais

#longoprazo #rotina #constancia #advocacia #empresario",pronto,Muita gente sonha com o topo. Pouca gente sonha com o terceiro ano de uma tarefa repetitiva. Mas é nele que o topo se decide.
tw_077,tw/tw_077.jpg,"O abandono de um hábito começa pequeno: pular um dia, empurrar um prazo, deixar uma conta para depois. Cada exceção parece inofensiva, mas abre espaço para a próxima. Fique de olho na primeira desculpa.

Leonardo Rezende
Especialista em dívidas empresariais

#habitos #disciplina #procrastinacao #mentalidade #financaspj",pronto,Ninguém cai de uma vez. Primeiro vem o “só hoje não”. Depois o “amanhã eu recupero”. Depois o “deixa pra lá”.
tw_078,tw/tw_078.jpg,"Responder mensagem, apagar incêndio e participar de reunião enche a agenda, mas nem sempre avança o que importa. No fim da semana, pergunte o que andou de verdade. Se a resposta for pouco, ajuste o foco.

Leonardo Rezende
Especialista em dívidas empresariais

#produtividade #foco #constancia #gestaoempresarial #empreendedorismo",pronto,"Há quem confunda movimento com progresso. Estar ocupado todo dia não é o mesmo que estar avançando. Constância é direção, não agitação."
tw_079,tw/tw_079.jpg,"No começo, estudar toda manhã ou conferir as contas toda semana exige força de vontade. Com a repetição, vira parte de quem você é e deixa de ser luta. Por isso vale insistir nas primeiras semanas, que são as mais pesadas.

Leonardo Rezende
Especialista em dívidas empresariais

#constancia #habitos #identidade #empresario #gestaodepassivos",pronto,Constância é fazer a mesma coisa certa até ela deixar de ser esforço e virar identidade.
tw_080,tw/tw_080.jpg,"Cumprir o que prometeu ao cliente, ao funcionário e ao fornecedor constrói uma credibilidade que não se compra. Em momento de aperto, quem tem essa fama encontra mais boa vontade para conversar e negociar.

Leonardo Rezende
Especialista em dívidas empresariais

#coerencia #credibilidade #etica #financaspj #dividasempresariais",pronto,Coerência é raro. Quem faz o que diz e diz o que faz atravessa qualquer crise com a cabeça erguida.
tw_081,tw/tw_081.jpg,"Querer crescer é ótimo. O sinal de alerta é quando você passa a ignorar regra, relação ou a própria saúde para chegar lá. Um teste simples: se tivesse que contar a todos como chegou, ficaria tranquilo?

Leonardo Rezende
Especialista em dívidas empresariais

#ambicao #etica #crescimento #empreendedorismo #advocacia",pronto,Ambição saudável é querer mais sem pisar em ninguém. Ambição doentia é querer mais a qualquer preço. Saiba em qual das duas você está.
tw_082,tw/tw_082.jpg,"Toda habilidade profissional nasce mal feita. O primeiro texto sai ruim, o segundo sai menos ruim, e assim vai. Quem insiste, pede opinião e corrige ganha segurança. Não saber no começo é normal. O importante é continuar.

Leonardo Rezende
Especialista em dívidas empresariais

#aprendizado #pratica #iniciocarreira #advocacia #mentalidade",pronto,"Ninguém nasce sabendo petição inicial, réplica ou recurso. Quem sabe hoje errou muito ontem. O segredo é não parar de escrever."
tw_083,tw/tw_083.jpg,"Pode ser ligar para um credor, fechar uma proposta ou organizar a pasta de documentos. Uma tarefa-chave resolvida cedo costuma destravar as outras. Antes de abrir o e-mail, escolha a sua e comece por ela.

Leonardo Rezende
Especialista em dívidas empresariais

#prioridades #produtividade #planejamento #dividasempresariais #gestaoempresarial",pronto,"Antes de começar o dia, responda: qual é a única coisa que, se eu fizer hoje, torna o resto mais fácil? Faça essa primeiro."
tw_084,tw/tw_084.jpg,"A agenda mostra o que você valoriza de verdade. Se está cheia de reunião sem pauta e com pouco espaço para o que traz resultado, vale rever. Reserve horários fixos para as atividades que fazem seu negócio ou sua carreira andar.

Leonardo Rezende
Especialista em dívidas empresariais

#agenda #gestaodotempo #prioridades #advocacia #empresario",pronto,"O sucesso está escondido na sua agenda. Olhe para ela e responda: o que, ali, está te levando adiante?"
tw_085,tw/tw_085.jpg,"Tarefa que fica só na cabeça pesa e atrapalha o foco. Coloque tudo no papel e depois risque o que não faz diferença. O que sobra é o que de fato precisa de você, e fica mais fácil começar.

Leonardo Rezende
Especialista em dívidas empresariais

#organizacao #planejamento #listadetarefas #mentalidade #financaspj",pronto,"Uma mente organizada funciona melhor. Escreva as tarefas, tire do papel as que não importam e execute as outras."
tw_086,tw/tw_086.jpg,"Nas redes parece que todo mundo chega rápido, mas o que você vê é o resultado, não os anos de bastidor lendo casos e refazendo trabalho. O reconhecimento vem depois. Construa primeiro a competência que vai sustentar o seu nome.

Leonardo Rezende
Especialista em dívidas empresariais

#competencia #estudo #reconhecimento #advocacia #mentalidade",pronto,"Vivemos em uma época em que: todo advogado quer ser reconhecido, mas poucos aceitam os anos de estudo silencioso. Reconhecimento é consequência de competência acumulada."
tw_087,tw/tw_087.jpg,"Falar demais do plano dá a sensação de que você já fez algo e pode tirar a pressão de executar. Faça primeiro, mostre depois. Quando o trabalho aparece pronto, ele fala por você sem precisar de promessa.

Leonardo Rezende
Especialista em dívidas empresariais

#discricao #execucao #foco #empresario #gestaodepassivos",pronto,"Cresça em silêncio. Se for para anunciar, que seja o resultado, nunca o plano."
tw_088,tw/tw_088.jpg,"Quem não controla a agenda vive respondendo à urgência dos outros. Quem planeja o tempo consegue encaixar o que é importante antes que o dia acabe. Começar dominando uma hora por dia já faz diferença.

Leonardo Rezende
Especialista em dívidas empresariais

#gestaodotempo #planejamento #autonomia #financaspj #dividasempresariais",pronto,A pessoa que domina o próprio tempo domina o próprio destino. O contrário também é verdade.
tw_089,tw/tw_089.jpg,"Reputação, carteira de clientes, saúde financeira da empresa: nada disso se monta rápido. Justamente por ser lento, costuma ser mais sólido e resistir melhor quando vem uma crise. Atalho gera pressa, e pressa gera fragilidade.

Leonardo Rezende
Especialista em dívidas empresariais

#paciencia #solidez #longoprazo #empreendedorismo #advocacia",pronto,O que se constrói com paciência não se perde com facilidade.
tw_090,tw/tw_090.jpg,"Quem recomeça um negócio, uma carreira ou a vida financeira leva junto a experiência, os contatos e os erros que já conhece. Isso tem valor. Você não está no zero, está no começo de uma versão mais preparada.

Leonardo Rezende
Especialista em dívidas empresariais

#recomecar #resiliencia #aprendizado #gestaodepassivos #mentalidade",pronto,Recomeçar não é voltar à estaca zero. É começar de novo com tudo o que aprendeu até aqui.
tw_091,tw/tw_091.jpg,"Trabalhar muito numa semana e sumir na seguinte faz você perder o embalo toda vez. Um ritmo moderado, mantido sempre, acumula mais do que picos de intensidade. Procure um padrão que você consiga sustentar.

Leonardo Rezende
Especialista em dívidas empresariais

#constancia #foco #ritmo #dividasempresariais #gestaoempresarial",pronto,"Se seu esforço é intermitente, seu resultado também será. Quem liga e desliga o foco vive recomeçando."
tw_092,tw/tw_092.jpg,"Dez minutos no domingo evitam a surpresa da segunda de manhã. Olhe os compromissos, veja os vencimentos da semana e escolha as três prioridades. Chegar na segunda sabendo por onde começar muda o clima da semana toda.

Leonardo Rezende
Especialista em dívidas empresariais

#planejamentosemanal #prazos #organizacao #advocacia #empresario",pronto,"Todo domingo à noite, pare um minuto. Organize a semana, anote os prazos e defina as prioridades. Quem planeja o domingo conduz a segunda."
tw_093,tw/tw_093.jpg,"Lei, mercado, tecnologia e ferramentas mudam o tempo todo. Reserve um pedaço da rotina para ler, atualizar e testar coisas novas, mesmo que sejam vinte minutos por dia. Esse hábito mantém o seu trabalho em dia.

Leonardo Rezende
Especialista em dívidas empresariais

#atualizacao #aprendizado #desenvolvimento #mentalidade #financaspj",pronto,O mundo muda rápido. Quem para de aprender fica obsoleto. Quem aprende todo dia fica relevante.
tw_094,tw/tw_094.jpg,"Não existe atalho para saber de verdade. Pode levar meses, às vezes anos, mas o conhecimento construído na prática te acompanha em qualquer cenário. Quem foge dessa demora costuma pagar depois com retrabalho.

Leonardo Rezende
Especialista em dívidas empresariais

#dominio #aprendizado #paciencia #gestaoempresarial #empreendedorismo",pronto,Aprender demora. Praticar demora. Dominar demora mais ainda. Mas é o único caminho que não te deixa na mão.
tw_095,tw/tw_095.jpg,"Fôlego é importante, mas sem organização ele acaba. Controle de prazos, rotina de revisão e divisão de tarefas fazem a corrida render. Serve para o advogado e para qualquer profissional com muita demanda e pouco tempo.

Leonardo Rezende
Especialista em dívidas empresariais

#metodo #prazos #produtividade #advocacia #empresario",pronto,"Advogar é uma maratona que se corre em audiências, prazos e noites mal dormidas. Quem tem fôlego sobrevive. Quem tem método prospera."
tw_096,tw/tw_096.jpg,"Cada vez que você diz que vai fazer algo e faz, mesmo que pequeno, ganha crédito consigo mesmo. Com o tempo, começar fica automático, porque você sabe que cumpre. Comece com promessas pequenas, que dê para manter.

Leonardo Rezende
Especialista em dívidas empresariais

#confianca #disciplina #habitos #financaspj #dividasempresariais",pronto,"Quando você cumpre pequenas promessas a si mesmo, constrói algo raro: confiança interna. E quem confia em si não precisa de motivação para começar."
tw_097,tw/tw_097.jpg,"Pense em quando você deixou uma tarefa pela metade ou entregou um trabalho mal feito só para acabar logo. Dá aquele incômodo depois. O esforço extra raramente deixa essa sensação. Vale lembrar disso na hora do cansaço.

Leonardo Rezende
Especialista em dívidas empresariais

#esforco #determinacao #autocobranca #empreendedorismo #advocacia",pronto,Você vai se arrepender de muita coisa na vida. Mas quase nunca de ter se esforçado um pouco mais.
tw_098,tw/tw_098.jpg,"Cada coisa aberta consome um pouco de atenção, inclusive a opinião de quem não vai arcar com as suas decisões. Faça uma limpeza: feche o que não usa, silencie o que não precisa e ouça poucos conselheiros bons.

Leonardo Rezende
Especialista em dívidas empresariais

#concentracao #simplicidade #atencao #gestaodepassivos #mentalidade",pronto,Menos abas abertas. Menos notificações. Menos opinião alheia. Mais cabeça livre para o que de fato faz diferença.
tw_099,tw/tw_099.jpg,"Toda vez que você pega o celular no meio de uma tarefa, treina a distração. Toda vez que termina um bloco de trabalho sem interromper, treina a concentração. Observe o seu dia e perceba qual dos dois está ganhando.

Leonardo Rezende
Especialista em dívidas empresariais

#concentracao #habitos #distracoes #dividasempresariais #gestaoempresarial",pronto,O hábito de se distrair é construído da mesma forma que o hábito de se concentrar. Um dos dois cresce todos os dias. Qual você está alimentando?
tw_100,tw/tw_100.jpg,"Ser o mais experiente do grupo pode ser confortável e te manter parado. Estar perto de gente que sabe mais exige humildade, mas acelera o aprendizado. Busque ambientes que te desafiem, mesmo que você não seja o destaque.

Leonardo Rezende
Especialista em dívidas empresariais

#evolucao #humildade #ambiente #advocacia #empresario",pronto,A evolução não pede que você seja o melhor da sala. Pede que você esteja disposto a ficar na sala certa.
tw_101,tw/tw_101.jpg,"Quem começa a estudar um assunto acha que sabe bastante. Quando avança, enxerga o tamanho do que ainda não domina. No negócio é igual: o empresário que percebe suas lacunas é o que revisa contrato, confere número e pergunta antes de decidir.

Leonardo Rezende
Especialista em dívidas empresariais

#aprendizado #evolucao #humildade #empreendedorismo #gestaodepassivos",pronto,"Quanto mais você aprende, mais percebe o quanto falta aprender. Isso não é sinal de fraqueza. É sinal de evolução."
tw_102,tw/tw_102.jpg,"Prometer uma virada gigante é fácil. Difícil é cumprir o combinado com você mesmo às seis da manhã. Comece por uma coisa pequena, como acordar no horário que definiu, e deixe que ela vire base para as mudanças maiores.

Leonardo Rezende
Especialista em dívidas empresariais

#disciplina #rotina #produtividade #gestaodepassivos #dividasempresariais",pronto,Muita gente quer mudar o mundo e não consegue mudar o horário em que acorda. Mude o pequeno e o grande se encaixa.
tw_103,tw/tw_103.jpg,"Querer um faturamento maior, um cliente melhor ou mais respeito do mercado é legítimo. Só que cada um desses pedidos tem uma contrapartida em esforço, qualidade e preparo. Vale olhar com honestidade para o que você entrega hoje antes de cobrar o resto.

Leonardo Rezende
Especialista em dívidas empresariais

#autorresponsabilidade #crescimentoprofissional #mentalidade #dividasempresariais #advocacia",pronto,"Antes de pedir mais da vida, pergunte: o que eu estou entregando para merecer mais?"
tw_104,tw/tw_104.jpg,"Dia pesado costuma ser decidido nos primeiros vinte minutos. Se você começa arrumando algo pequeno e já resolve uma tarefa, o corpo entra no modo trabalho. Não precisa de motivação, só de um primeiro passo simples.

Leonardo Rezende
Especialista em dívidas empresariais

#preguica #produtividade #rotina #advocacia #mentalidade",pronto,Quando bater a preguiça: arrume a cama. Organize a mesa. Faça a primeira tarefa. O resto do dia costuma seguir o ritmo do começo.
tw_105,tw/tw_105.jpg,"Aquele profissional que parece ter estourado do nada geralmente passou anos estudando e errando sem ninguém ver. Quando o resultado aparece, o público só enxerga a parte final. Se você está na fase invisível, ela faz parte do processo.

Leonardo Rezende
Especialista em dívidas empresariais

#preparacao #bastidores #constancia #mentalidade #gestaoempresarial",pronto,"A pessoa que treina em silêncio durante anos não vira sensação de uma hora para outra. Só parece, para quem não viu os anos."
tw_106,tw/tw_106.jpg,"Dá para tomar boas decisões de gestão com três horas de sono? Até dá, mas a conta chega em atenção, paciência e erro bobo. Cuidar do corpo é parte do trabalho de quem precisa render todo dia.

Leonardo Rezende
Especialista em dívidas empresariais

#saude #disciplina #rendimento #gestaoempresarial #empresario",pronto,"Disciplina também é cuidar do corpo. Dormir bem, se alimentar direito e se movimentar não é luxo. É a base de qualquer rendimento."
tw_107,tw/tw_107.jpg,"Já vi muita gente começar uma semana em chamas e na outra desaparecer. Nas finanças da empresa funciona do mesmo jeito: conferir o caixa um pouco todo dia vale mais do que uma faxina gigante a cada seis meses.

Leonardo Rezende
Especialista em dívidas empresariais

#constancia #regularidade #organizacao #empresario #financaspj",pronto,Quem dá o máximo hoje e some amanhã perde para quem dá o suficiente todos os dias.
tw_108,tw/tw_108.jpg,"Nas primeiras semanas de um hábito novo, tudo exige esforço e parece que nada anda. Com repetição, ele deixa de depender da sua vontade e passa a fazer parte do dia. Isso vale para anotar despesa, revisar prazo ou estudar um pouco.

Leonardo Rezende
Especialista em dívidas empresariais

#habitos #disciplina #constancia #financaspj #empreendedorismo",pronto,"O hábito é como uma bola de neve. No começo é pequena e pesa. Depois de um tempo, cresce sozinha e leva você junto."
tw_109,tw/tw_109.jpg,"Nem todo esforço termina em decisão favorável, e isso faz parte da advocacia. Mesmo assim, quem estudou o caso e se apresentou com segurança sai com o trabalho bem feito. É o preparo que sustenta a carreira no longo prazo.

Leonardo Rezende
Especialista em dívidas empresariais

#advocacia #preparo #postura #empreendedorismo #gestaodepassivos",pronto,Tem dia em que o juiz não concorda. Tem dia em que a tese não pega. Mas a postura de quem se preparou ninguém tira.
tw_110,tw/tw_110.jpg,"Responder mensagem, apagar incêndio e abrir planilha sem objetivo dá sensação de trabalho. Mas no fim do dia, o que de fato andou? Antes de começar, escolha o que precisa ficar pronto e proteja esse espaço.

Leonardo Rezende
Especialista em dívidas empresariais

#foco #gestaodotempo #produtividade #gestaodepassivos #dividasempresariais",pronto,Tem gente que passa o dia ocupada e a vida parada. Ocupar o tempo é fácil. Usar o tempo com intenção é o que exige foco.
tw_111,tw/tw_111.jpg,"Na empresa, é comum ver bons projetos largados na metade porque o resultado demorou mais que o esperado. Quase sempre o que faltou foi continuar. Capacidade ajuda, mas quem fica no jogo por mais tempo tem mais chances de aprender e acertar.

Leonardo Rezende
Especialista em dívidas empresariais

#persistencia #permanencia #resiliencia #dividasempresariais #advocacia",pronto,Muita gente não fracassa por falta de capacidade. Fracassa por falta de permanência.
tw_112,tw/tw_112.jpg,"Arredondar um número a seu favor, prometer um prazo que você sabe que não cumpre, esconder um erro porque ninguém percebeu. São escolhas pequenas e invisíveis. É justamente nelas que sua reputação é construída.

Leonardo Rezende
Especialista em dívidas empresariais

#carater #etica #integridade #advocacia #mentalidade",pronto,O caráter se revela quando ninguém está olhando. E quando a conveniência pede uma pequena desonestidade. Ali se decide quem você é.
tw_113,tw/tw_113.jpg,"O jeito que deu certo há cinco anos pode já não servir para a empresa de hoje. Mudar processo, preço ou forma de atender dá receio, mas ficar parado também tem custo. Evoluir é manter o que importa e revisar o resto.

Leonardo Rezende
Especialista em dívidas empresariais

#mudanca #evolucao #inovacao #mentalidade #gestaoempresarial",pronto,"Para evoluir, é preciso largar o que já funcionou. Muita gente se apega ao antigo por medo de perder o que construiu."
tw_114,tw/tw_114.jpg,"Quem tenta e erra sai com informação nova: o que não funcionou, onde ajustar. Quem nem tenta fica com a dúvida, e ela costuma pesar mais que o erro. Errar com aprendizado é bem diferente de não fazer.

Leonardo Rezende
Especialista em dívidas empresariais

#fracasso #aprendizado #coragem #gestaoempresarial #empresario",pronto,Fracassar sem tentar é pior do que tentar e falhar. A primeira não ensina nada. A segunda ensina tudo.
tw_115,tw/tw_115.jpg,"Parece detalhe, mas é nele que muita coisa se perde. Um documento lido às pressas esconde cláusula importante, e um prazo guardado de cabeça é o primeiro que escapa. Anote tudo, confira duas vezes e confie no registro, não na memória.

Leonardo Rezende
Especialista em dívidas empresariais

#prazos #atencao #advocacia #empresario #financaspj",pronto,Nenhum recurso é grande demais para ser lido com cuidado. Nenhum prazo é pequeno demais para ser anotado.
tw_116,tw/tw_116.jpg,"Muita gente quer método avançado sem ter conseguido manter o simples por um mês. Registrar as contas, cumprir o horário, responder o que está pendente. Teste o básico por trinta dias antes de procurar algo sofisticado.

Leonardo Rezende
Especialista em dívidas empresariais

#basico #disciplina #evolucao #financaspj #empreendedorismo",pronto,"Antes de buscar o próximo nível, pergunte: você já fez o básico todos os dias por trinta dias seguidos? Se não, o problema não é o nível. É o básico."
tw_117,tw/tw_117.jpg,"Nem todo progresso aparece logo. Às vezes o negócio está arrumando a base, como organizar finanças, limpar processos e formar equipe, e por fora parece parado. Dê tempo suficiente e acompanhe os sinais que ainda não são visíveis.

Leonardo Rezende
Especialista em dívidas empresariais

#paciencia #resultado #constancia #empreendedorismo #gestaodepassivos",pronto,"Se você começou e ainda não viu resultado, não pare. Raiz também cresce debaixo da terra antes de aparecer qualquer folha."
tw_118,tw/tw_118.jpg,"Quem escreve peça ou contrato sabe como um número trocado ou uma palavra errada muda o sentido de tudo. A terceira leitura é a que pega o que as duas primeiras deixaram passar. Revisar dá trabalho, mas custa menos que corrigir depois.

Leonardo Rezende
Especialista em dívidas empresariais

#revisao #atencaoaosdetalhes #advocacia #gestaodepassivos #dividasempresariais",pronto,Revisar uma peça três vezes parece exagero. Até o dia em que um erro de digitação muda uma tese.
tw_119,tw/tw_119.jpg,"Quando você conhece o processo de ponta a ponta, não precisa fingir firmeza. Ela vem sozinha. Se bateu aquele frio na barriga antes de uma audiência, olhe para o que ainda não foi estudado e comece por aí.

Leonardo Rezende
Especialista em dívidas empresariais

#preparo #seguranca #advocacia #dividasempresariais #mentalidade",pronto,"A segurança de quem advoga vem de ter lido, revisado e conferido. Insegurança é, quase sempre, falta de preparo."
tw_120,tw/tw_120.jpg,"Ninguém lembra do dia em que pagou a conta em dia, respondeu o cliente ou fechou a planilha. Mas é essa soma de dias normais, feitos com cuidado, que dá sustentação a uma empresa. O resultado grande costuma ser a parte visível de muita rotina bem feita.

Leonardo Rezende
Especialista em dívidas empresariais

#constancia #rotina #sucesso #advocacia #mentalidade",pronto,O sucesso é um acúmulo de dias comuns bem vividos. Nenhum deles parece especial na hora.
tw_121,tw/tw_121.jpg,"Olhar a meta inteira de uma vez pode paralisar, principalmente quando ela é grande, como sair de uma dívida ou fazer a empresa crescer. Divida em passos pequenos e foque no seguinte. É assim que a distância vai diminuindo.

Leonardo Rezende
Especialista em dívidas empresariais

#metas #planejamento #persistencia #mentalidade #gestaoempresarial",pronto,"Quem corre uma maratona não pensa nos quarenta quilômetros. Pensa no próximo passo. Com sua meta, é a mesma coisa."
tw_122,tw/tw_122.jpg,"Quem rende de verdade geralmente tem dias bem parecidos: mesmos horários, mesmas prioridades, poucas distrações. Não tem nada de glamoroso nisso, e ainda bem. A graça está no que se acumula depois de meses.

Leonardo Rezende
Especialista em dívidas empresariais

#rotina #foco #consistencia #gestaoempresarial #empresario",pronto,A rotina de quem vence é entediante vista de fora. É a repetição silenciosa de quem não se distrai do essencial.
tw_123,tw/tw_123.jpg,"Abrir uma negociação difícil, olhar a situação das dívidas de frente, mudar o rumo da empresa: o medo vem junto. Esperar ele sumir pode levar anos. Dá para agir com ele do lado, um passo de cada vez.

Leonardo Rezende
Especialista em dívidas empresariais

#coragem #medo #acao #empresario #financaspj",pronto,Quem entra em ação com medo é corajoso. Quem espera o medo passar nunca entra em ação.
tw_124,tw/tw_124.jpg,"Fazer várias coisas ao mesmo tempo dá a impressão de render, mas cada uma recebe só um pedaço da atenção. Os erros aumentam e o tempo gasto também. Experimente tirar o celular da mesa por uma hora e compare o que sai.

Leonardo Rezende
Especialista em dívidas empresariais

#distracao #foco #produtividade #financaspj #empreendedorismo",pronto,Existe um tipo de pessoa que: trabalha com o celular ao lado. Estuda com a televisão ligada. Conversa olhando para outra tela. E acha que está sendo produtiva.
tw_125,tw/tw_125.jpg,"Cansaço e pressão distorcem a visão do problema. Decidir vender, demitir ou desistir no pior momento do dia costuma gerar arrependimento. Dormir antes de uma decisão grande dá clareza e quase nunca atrapalha.

Leonardo Rezende
Especialista em dívidas empresariais

#decisoes #descanso #equilibrio #empreendedorismo #gestaodepassivos",pronto,"Existem dias em que você vai querer largar tudo. Nesses dias, não tome decisão. Descanse, respire e decida no dia seguinte."
tw_126,tw/tw_126.jpg,"Estudar, aprender um ofício melhor, cuidar da saúde e da forma de pensar são ganhos que ficam com você, qualquer que seja o cenário do mercado. Dá para perder cliente ou contrato, mas o que você sabe fazer continua com você.

Leonardo Rezende
Especialista em dívidas empresariais

#autodesenvolvimento #estudo #investimento #gestaodepassivos #dividasempresariais",pronto,"O melhor investimento que você pode fazer é em você mesmo. Ele não se desvaloriza, não se perde e ninguém pode tirar."
tw_127,tw/tw_127.jpg,"É fácil ter disciplina quando tem gente olhando ou quando o dia está empolgante. A prova real é a terça sem graça, em que ninguém cobra nada. Seu hábito nessa hora mostra o profissional que você está virando.

Leonardo Rezende
Especialista em dívidas empresariais

#disciplina #bastidores #rotina #dividasempresariais #advocacia",pronto,"O que você faz numa terça-feira comum, às seis da manhã, sem plateia e sem aplauso, diz mais sobre você do que qualquer discurso."
tw_128,tw/tw_128.jpg,"Dá para ler muito, fazer curso e ouvir quem já passou pelo problema. Ainda assim, o jeito de ganhar tarimba é viver as situações, errar e corrigir. Cada queda, se você aprende com ela, vira parte da sua experiência.

Leonardo Rezende
Especialista em dívidas empresariais

#experiencia #resiliencia #aprendizado #advocacia #mentalidade",pronto,"Não existe atalho para a experiência. Existe o caminho longo, as quedas e a decisão de levantar toda vez."
tw_129,tw/tw_129.jpg,"Falar o que o cliente quer ouvir é o caminho mais curto e o menos honesto. O trabalho sério começa pelo estudo do caso e por uma conversa clara sobre o que pode dar certo e o que pode não dar. Prometer menos e entregar mais é o que sustenta a confiança.

Leonardo Rezende
Especialista em dívidas empresariais

#advocacia #etica #atendimento #mentalidade #gestaoempresarial",pronto,O advogado que se esforça de verdade: estuda o caso antes de opinar. Explica o risco antes de prometer. E entrega mais do que combinou.
tw_130,tw/tw_130.jpg,"Tem conteúdo de sobra sobre como organizar finanças, vender mais e se planejar. O que falta, na maioria dos casos, é pegar uma dica e aplicar já. Escolha uma coisa que você já sabe e ainda não fez, e faça hoje.

Leonardo Rezende
Especialista em dívidas empresariais

#execucao #acao #produtividade #gestaoempresarial #empresario",pronto,"Vivemos em uma época em que: todo mundo conhece o caminho, mas pouca gente caminha. Todo mundo sabe o que fazer, mas poucos fazem. Informação nunca foi o problema. Execução é."
tw_131,tw/tw_131.jpg,"Cada vez que a rede social ganha dez minutos que eram de uma tarefa importante, o futuro perde um pedacinho. Sozinho, ele é pequeno. Ao longo de um ano, vira uma conta enorme. Vale olhar com sinceridade para onde o seu tempo escorre.

Leonardo Rezende
Especialista em dívidas empresariais

#distracao #tempo #foco #empresario #financaspj",pronto,Quem faz da distração um hábito não tem tempo para o próprio futuro.
tw_132,tw/tw_132.jpg,"Dizer não para um cliente que paga mal, para um pedido de última hora ou para um compromisso que não faz sentido protege o que importa. Quem aceita tudo acaba sem tempo para o essencial. Limite é uma forma de organização.

Leonardo Rezende
Especialista em dívidas empresariais

#limites #prioridades #autoconhecimento #financaspj #empreendedorismo",pronto,A pessoa que entende de limite é a pessoa que sabe o que quer. Quem aceita tudo não tem prioridade.
tw_133,tw/tw_133.jpg,"Abrir mão de um gasto pequeno e repetido, de uma hora de sono a mais ou de uma distração hoje pode comprar tranquilidade lá na frente. No mundo das dívidas, quem já viu o efeito dos pequenos gastos acumulando sabe bem do que se trata.

Leonardo Rezende
Especialista em dívidas empresariais

#financas #disciplina #planejamento #empreendedorismo #gestaodepassivos",pronto,Pequenos sacrifícios diários constroem grandes liberdades futuras. Pequenos luxos diários constroem grandes prisões.
tw_134,tw/tw_134.jpg,"Quando um plano falha, é tentador jogar tudo fora e começar outro. Mas boa parte do que você construiu continua útil. Descubra o que deu errado, corrija aquele ponto e siga. Trocar de projeto o tempo todo é o que impede de chegar.

Leonardo Rezende
Especialista em dívidas empresariais

#persistencia #estrategia #recomeco #gestaodepassivos #dividasempresariais",pronto,"Seu maior inimigo não é a dificuldade. É a vontade de recomeçar do zero toda vez que algo dá errado. Ajuste a rota, mas não reinicie a viagem."
tw_135,tw/tw_135.jpg,"Esperar vontade para trabalhar é a receita para render pouco. Quem tem horário, tarefa e processo definidos produz mesmo no dia sem ânimo. Quando a inspiração aparece, ela só ajuda.

Leonardo Rezende
Especialista em dívidas empresariais

#rotina #inspiracao #disciplina #dividasempresariais #advocacia",pronto,Quem tem rotina não depende de inspiração. Inspiração é visita. Rotina mora na sua casa.
tw_136,tw/tw_136.jpg,"Querer crescer é ótimo, mas quem não escuta ninguém acaba tomando decisões ruins. Por outro lado, ser humilde demais e não querer mais nada deixa a pessoa parada. Quem une os dois pede ajuda, aprende e continua buscando mais.

Leonardo Rezende
Especialista em dívidas empresariais

#ambicao #humildade #lideranca #advocacia #mentalidade",pronto,A ambição sem humildade vira arrogância. A humildade sem ambição vira acomodação. O equilíbrio dos dois é raro e poderoso.
tw_137,tw/tw_137.jpg,"Colocar uma ideia no papel obriga a organizar o raciocínio e mostra onde ele está falho. Isso serve para uma petição, mas também para uma proposta ou um e-mail de negociação. Leia bastante, escreva com frequência e perceba a diferença.

Leonardo Rezende
Especialista em dívidas empresariais

#escrita #leitura #advocacia #mentalidade #gestaoempresarial",pronto,"A advocacia me ensinou que quem escreve bem pensa melhor. E quem pensa melhor argumenta melhor. Escreva mais, leia mais."
tw_138,tw/tw_138.jpg,"Sem apoio, não adianta gastar energia tentando provar algo. Com aplauso, o risco é relaxar e achar que já deu certo. Nos dois cenários, o que sustenta o resultado é continuar fazendo a parte que cabe a você.

Leonardo Rezende
Especialista em dívidas empresariais

#trabalho #foco #constancia #gestaoempresarial #empresario",pronto,"Quando ninguém acredita, trabalhe em silêncio. Quando todos acreditam, trabalhe em dobro. Em ambos os casos, o trabalho é o mesmo."
tw_139,tw/tw_139.jpg,"Uma empresa não se organiza em um fim de semana, e uma dívida não cresce em um dia só. Tudo é feito de decisões diárias, boas ou ruins. Prestar atenção no que você faz hoje é a forma mais prática de cuidar do futuro.

Leonardo Rezende
Especialista em dívidas empresariais

#diaadia #constancia #planejamento #empresario #financaspj",pronto,"Nada substitui o dia a dia bem vivido. Nem talento, nem sorte, nem dinheiro. É a soma de hoje que decide o amanhã."
tw_140,tw/tw_140.jpg,"De nada adianta montar uma agenda impecável que você abandona na terça. Prefira algo pequeno que dê para manter: quinze minutos de planilha, uma hora de estudo. O que se repete é o que vira resultado.

Leonardo Rezende
Especialista em dívidas empresariais

#rotina #repeticao #consistencia #financaspj #empreendedorismo",pronto,"Uma rotina simples, feita todo dia, vale mais do que uma rotina perfeita feita às vezes. O que transforma não é a intensidade. É a repetição."
tw_141,tw/tw_141.jpg,"Técnica nova e ferramenta bacana animam, mas de pouco servem se o básico está falhando. Sono, comida, movimento e estudo mantêm a cabeça funcionando. É chato repetir todo dia, e é por isso que tanta gente pula essa parte.

Leonardo Rezende
Especialista em dívidas empresariais

#basico #saude #rendimento #empreendedorismo #gestaodepassivos",pronto,"Dormir bem, comer direito, treinar, estudar. O básico que ninguém quer repetir é o que sustenta qualquer rendimento."
tw_142,tw/tw_142.jpg,"O conforto de fazer sempre do mesmo jeito é real, e o preço dele aparece devagar: o mercado muda e você não acompanha. Experimentar algo novo causa desconforto, mas é por ali que a empresa e a carreira continuam se mexendo.

Leonardo Rezende
Especialista em dívidas empresariais

#zonadeconforto #crescimento #mudanca #gestaodepassivos #dividasempresariais",pronto,A zona de conforto é um lugar bonito. Mas nada cresce lá. Quem fica por muito tempo vira decoração.
tw_143,tw/tw_143.jpg,"Para quem vê de fora, é mais um número na pilha. Para o dono da empresa que está sendo cobrado, é o negócio de uma vida e a tranquilidade da família. Trabalhar com esse olhar muda a atenção que se dá a cada detalhe.

Leonardo Rezende
Especialista em dívidas empresariais

#advocacia #responsabilidade #compromisso #dividasempresariais #mentalidade",pronto,Não existe causa pequena para quem leva a profissão a sério. Cada processo é a única esperança de alguém.
tw_144,tw/tw_144.jpg,"Responder tudo cansa e raramente resolve. Quem amadurece aprende a escolher onde gastar fôlego: o que afeta o trabalho, a família e as decisões importantes. O resto pode passar sem resposta, e a vida segue mais leve.

Leonardo Rezende
Especialista em dívidas empresariais

#maturidade #inteligenciaemocional #equilibrio #advocacia #mentalidade",pronto,Maturidade é perceber que nem toda opinião precisa de resposta. Nem toda provocação merece réplica. Nem toda batalha merece energia.
tw_145,tw/tw_145.jpg,"É comum desejar o resultado e fugir do preço dele. Quem acorda cedo precisa começar a se preparar na noite anterior. Veja qual rotina sustenta aquilo que você quer e escolha por onde começar, sem esperar cobrança de ninguém.

Leonardo Rezende
Especialista em dívidas empresariais

#rotina #autodisciplina #habitos #mentalidade #gestaoempresarial",pronto,"Todo mundo quer acordar cedo, mas ninguém quer dormir cedo. Todo mundo quer um corpo melhor, mas ninguém quer a rotina que ele exige. O resultado mora no que você faz quando ninguém está cobrando."
tw_146,tw/tw_146.jpg,"Reclamar do prazo da Justiça, do cliente que atrasa ou do banco que não responde é normal por alguns minutos. Se virar hábito, consome a energia que serviria para resolver o que depende de você. Reclamou? Agora escolha o próximo passo.

Leonardo Rezende
Especialista em dívidas empresariais

#foco #evolucao #produtividade #gestaoempresarial #empresario",pronto,O tempo que você gasta se queixando da demora é o mesmo que poderia estar gastando em evolução.
tw_147,tw/tw_147.jpg,"Quase toda conquista começa com um desconforto bobo: levantar quando dá vontade de ficar. Não é sobre acordar às cinco, e sim sobre cumprir o que você decidiu para o seu dia. A primeira vitória é sair de baixo do cobertor.

Leonardo Rezende
Especialista em dívidas empresariais

#disciplina #acordarcedo #rotina #empresario #financaspj",pronto,A cama é macia. O despertador é chato. A vida que você quer fica do outro lado dos dois.
tw_148,tw/tw_148.jpg,"Diploma e título abrem portas, mas quem confia o seu caso a um advogado quer saber se ele entrega. Peça clara, prazo respeitado e cliente bem informado são o que constrói nome com o tempo, sem precisar de propaganda.

Leonardo Rezende
Especialista em dívidas empresariais

#advocacia #reputacao #prazos #financaspj #empreendedorismo",pronto,O melhor currículo de um advogado é o histórico de peças bem escritas e prazos cumpridos.
tw_149,tw/tw_149.jpg,"Ninguém decide perder duas horas no celular. Começa com um minuto para olhar uma notificação e, de repente, a tarde sumiu. Perceba o momento em que a pausa vira fuga e deixe o aparelho longe nas horas de foco.

Leonardo Rezende
Especialista em dívidas empresariais

#distracao #foco #atencao #empreendedorismo #gestaodepassivos",pronto,A distração é gentil. Ela chega com ar de pausa e vai levando o seu dia aos poucos.
tw_150,tw/tw_150.jpg,"Planos grandes demais costumam ser abandonados no primeiro imprevisto. Um ritmo moderado, mantido por meses, entrega mais do que um arranque que termina na sexta. Em dúvida, escolha a versão que você consegue repetir.

Leonardo Rezende
Especialista em dívidas empresariais

#consistencia #ritmo #planejamento #gestaodepassivos #dividasempresariais",pronto,A consistência derrota a intensidade. Todas as vezes. Quem tenta fazer tudo de uma vez cansa em uma semana.
tw_151,tw/tw_151.jpg,"Quando você conhece o seu trabalho e sabe o que está fazendo, a necessidade de impressionar diminui. Numa negociação, por exemplo, quem chega com documento e número na mão fala com calma e é ouvido do mesmo jeito.

Leonardo Rezende
Especialista em dívidas empresariais

#preparo #calma #postura #dividasempresariais #advocacia",pronto,Quem tem paz não precisa provar nada. Quem tem preparo não precisa gritar.
tw_152,tw/tw_152.jpg,"O direito está sempre em movimento, com leis novas e decisões que mudam o entendimento. Por isso, o estudo não pode ter fim. Vale para o advogado e para o empresário: o que valia para a sua empresa no ano passado pode já ter mudado.

Leonardo Rezende
Especialista em dívidas empresariais

#direito #estudo #atualizacao #advocacia #mentalidade",pronto,"O jurídico exige humildade. A lei muda, a jurisprudência muda e a tese de ontem pode não valer hoje. Quem para de estudar fica desatualizado em um ano."
tw_153,tw/tw_153.jpg,"Antes de propor qualquer solução, deixe a pessoa contar a história inteira. Num detalhe que parecia solto, como uma conversa por mensagem ou um contrato antigo, pode estar o ponto que muda todo o caso. Escutar é a primeira parte do trabalho.

Leonardo Rezende
Especialista em dívidas empresariais

#atendimento #escuta #advocacia #mentalidade #gestaoempresarial",pronto,Atender bem um cliente começa por ouvi-lo até o fim. Muita estratégia boa nasce de uma informação que ele nem sabia que era importante.
tw_154,tw/tw_154.jpg,"Empresário com dez urgências na cabeça costuma terminar o dia sem ter fechado nenhuma. Liste o que pesa, escolha o que mais pesa e vá até o fim antes de pular para o seguinte. Um item concluído já alivia a pilha.

Leonardo Rezende
Especialista em dívidas empresariais

#prioridades #foco #gestaodotempo #gestaoempresarial #empresario",pronto,"Quando tudo é prioridade, nada é prioridade. Escolha uma, execute, depois escolha outra."
tw_155,tw/tw_155.jpg,"Responder o e-mail simples é mais gostoso do que enfrentar o contrato complicado que você vem adiando. O certo costuma ser aquilo que dá preguiça. Fazer assim mesmo, sem esperar ânimo, é o que forma o seu perfil profissional.

Leonardo Rezende
Especialista em dívidas empresariais

#carater #disciplina #responsabilidade #empresario #financaspj",pronto,"Todo mundo acorda com vontade de fazer o que é fácil. Quem faz o que é certo, faz com menos vontade e mais caráter."
tw_156,tw/tw_156.jpg,"Ter facilidade para algo ajuda a começar, só que não segura ninguém lá dentro. Quem aparece todo dia, estuda e entrega o combinado vai permanecendo, enquanto quem confiou só no dom acaba ficando para trás.

Leonardo Rezende
Especialista em dívidas empresariais

#constancia #talento #persistencia #financaspj #empreendedorismo",pronto,O talento abre a porta. A constância mantém você dentro da sala.
tw_157,tw/tw_157.jpg,"Na empresa, isso começa por saber quanto entra, quanto sai e onde o dinheiro está parando. Sem registro, a decisão vira palpite. Anote os números, reveja de tempos em tempos e ajuste. É assim que dá para saber se está melhorando.

Leonardo Rezende
Especialista em dívidas empresariais

#gestao #indicadores #evolucao #empreendedorismo #gestaodepassivos",pronto,"Não dá para melhorar o que não se mede. Anote, avalie, ajuste. Evoluir é um processo, não um acaso."
tw_158,tw/tw_158.jpg,"Que tal olhar a agenda da última semana e comparar com o que você diz querer? Se o objetivo é organizar a empresa e as horas foram para outras coisas, o problema é de alinhamento. Ajuste o calendário primeiro, o resto vem depois.

Leonardo Rezende
Especialista em dívidas empresariais

#objetivos #alinhamento #planejamento #gestaodepassivos #dividasempresariais",pronto,A verdade é que muita gente: sabe o que quer. Mas passa a semana inteira fazendo outra coisa. Alinhe o que você faz com o que você deseja.
tw_159,tw/tw_159.jpg,"Você não controla totalmente o faturamento do mês, mas controla o que faz todos os dias: prospectar, revisar, estudar, organizar. Cobrar de si mesmo o que está ao seu alcance leva ao resultado com mais frequência.

Leonardo Rezende
Especialista em dívidas empresariais

#rotina #resultado #autocobranca #dividasempresariais #advocacia",pronto,"Antes de cobrar resultado, cobre rotina. Resultado é consequência. Rotina é escolha."
tw_160,tw/tw_160.jpg,"A vontade é ótima para fazer plano, só que o dia a dia exige algo mais firme. Quando uma tarefa vira hábito, você nem discute se vai fazer, simplesmente faz. Foque em criar o hábito, porque a vontade vem e vai.

Leonardo Rezende
Especialista em dívidas empresariais

#habitos #vontade #disciplina #advocacia #mentalidade",pronto,O hábito faz o que a vontade promete. A vontade diz: vou começar. O hábito diz: já comecei.
tw_161,tw/tw_161.jpg,"São três regras bem pequenas, e quem as segue ganha confiança em si mesmo. Fechar o que você abre e voltar mesmo depois de falhar vale mais do que qualquer plano elaborado. Comece por uma promessa que seja fácil de cumprir hoje.

Leonardo Rezende
Especialista em dívidas empresariais

#palavra #comprometimento #constancia #mentalidade #gestaoempresarial",pronto,Regras simples para qualquer fase da vida: cumpra o que prometeu a si mesmo. Termine o que começou. Volte no dia seguinte.
tw_162,tw/tw_162.jpg,"Um curso, um livro ou uma conversa com alguém mais experiente sempre rendem alguma coisa. O risco está em se acomodar e achar que o que você sabe basta. O mercado e a lei seguem mudando, e quem para de aprender fica para trás.

Leonardo Rezende
Especialista em dívidas empresariais

#aprendizado #estudo #mentalidade #gestaoempresarial #empresario",pronto,Aprender nunca é perda de tempo. Perda de tempo é achar que já aprendeu o suficiente.
tw_163,tw/tw_163.jpg,"Dá para pedir comida e resposta em segundos, mas nenhum aplicativo entrega experiência. Isso também vale para sair de uma dívida ou construir uma empresa sólida. Quem aceita esse prazo longo para de se frustrar e passa a construir.

Leonardo Rezende
Especialista em dívidas empresariais

#paciencia #competencia #maturidade #empresario #financaspj",pronto,"Vivemos em uma época em que: tudo é imediato, menos o que realmente vale a pena. Entrega chega em uma hora, mas competência leva anos. Aceitar isso é metade da maturidade."
tw_164,tw/tw_164.jpg,"Cada interrupção cobra um tempo para você voltar ao ponto onde estava. Reserve blocos do dia para o que é importante, com notificação desligada e porta fechada, se for possível. Duas horas assim valem uma tarde cheia de cortes.

Leonardo Rezende
Especialista em dívidas empresariais

#foco #atencao #produtividade #financaspj #empreendedorismo",pronto,Duas horas de trabalho focado rendem mais do que oito de trabalho interrompido. Proteger a atenção é parte do trabalho.
tw_165,tw/tw_165.jpg,"Uma publicação viral dá visibilidade por um dia, mas é o trabalho bem feito, repetido por anos, que faz o cliente indicar você. Se tiver de escolher, invista no que cria reputação, mesmo que demore a aparecer.

Leonardo Rezende
Especialista em dívidas empresariais

#reputacao #carreira #credibilidade #empreendedorismo #gestaodepassivos",pronto,O reconhecimento profissional é lento e permanente. O aplauso fácil é rápido e passageiro. Trabalhe para o primeiro.
tw_166,tw/tw_166.jpg,"Ninguém nasce sabendo, e o começo é desconfortável para todo mundo. O que adianta a curva é perguntar, observar quem tem mais estrada e aceitar correção sem se ofender. Humildade no início encurta bastante o caminho.

Leonardo Rezende
Especialista em dívidas empresariais

#carreira #mentoria #humildade #gestaodepassivos #dividasempresariais",pronto,Todo profissional respeitado já foi iniciante. E todo iniciante respeitado soube ouvir quem já estava no caminho.
tw_167,tw/tw_167.jpg,"Não dá para dizer sim para tudo. Cada compromisso ocupa um pedaço desses três recursos, e o que sobra é o que você tem para o que de fato importa. Pense nisso antes de aceitar a próxima reunião ou o próximo projeto.

Leonardo Rezende
Especialista em dívidas empresariais

#energia #atencao #prioridades #dividasempresariais #advocacia",pronto,Sua energia é limitada. Seu tempo é limitado. Sua atenção também é. Seja seletivo com os três.
tw_168,tw/tw_168.jpg,"Reconhecer que errou com um cliente, um sócio ou um fornecedor costuma resolver mais rápido do que defender o erro. Quem admite o problema abre espaço para consertar. Teimar só aumenta o tamanho do prejuízo.

Leonardo Rezende
Especialista em dívidas empresariais

#humildade #erros #responsabilidade #advocacia #mentalidade",pronto,Vivemos em um tempo em que: pedir desculpas é visto como fraqueza. E manter um erro por orgulho é visto como força. É exatamente o contrário.
tw_169,tw/tw_169.jpg,"Esperar demais é difícil, principalmente quando as contas apertam. Mas decisão tomada com pressa, como pegar crédito caro ou aceitar um acordo ruim, costuma custar mais. Planeje com calma e dê tempo ao processo.

Leonardo Rezende
Especialista em dívidas empresariais

#pressa #disciplina #paciencia #mentalidade #gestaoempresarial",pronto,A pressa quer resultado hoje. A disciplina aceita o resultado no tempo certo. Quem entende isso para de se frustrar.
tw_170,tw/tw_170.jpg,"Pular um dia não zera o que você construiu. O que importa é retomar na manhã seguinte, sem se punir demais. Quem espera ser perfeito desiste no primeiro tropeço, enquanto quem aceita falhar continua.

Leonardo Rezende
Especialista em dívidas empresariais

#constancia #perfeicao #recomecar #gestaoempresarial #empresario",pronto,"Constância não é perfeição. É falhar, voltar e continuar. Quantas vezes forem necessárias."
tw_171,tw/tw_171.jpg,"Ficar esperando o capital ideal, a equipe certa ou o momento perfeito pode paralisar anos. Pegue o que está ao seu alcance hoje e dê o primeiro passo. No caminho você descobre o que realmente faz falta.

Leonardo Rezende
Especialista em dívidas empresariais

#acao #comeco #procrastinacao #empresario #financaspj",pronto,Pare de procurar o que falta. Comece pelo que você já tem. A ação resolve mais dúvida do que o pensamento.
tw_172,tw/tw_172.jpg,"Comparar o seu resultado com o de outro empresário ou advogado costuma desanimar, porque cada um tem uma história diferente. Olhe para o seu ponto de partida e veja o que avançou. Esse é o placar que importa.

Leonardo Rezende
Especialista em dívidas empresariais

#evolucao #melhoriacontinua #mentalidade #financaspj #empreendedorismo",pronto,Você não precisa ser o melhor. Precisa ser melhor do que foi ontem. É uma competição que só você disputa.
tw_173,tw/tw_173.jpg,"Abrir dez abas, atender telefone e escrever um relatório ao mesmo tempo gera trabalho com erro. Trate uma tarefa por vez, termine e passe para a próxima. Fica mais rápido do que parece e com muito menos retrabalho.

Leonardo Rezende
Especialista em dívidas empresariais

#foco #multitarefa #produtividade #empreendedorismo #gestaodepassivos",pronto,Quem faz tudo ao mesmo tempo não faz nada direito. Foco profundo em uma tarefa vale mais do que atenção rasa em dez.
tw_174,tw/tw_174.jpg,"Calma não significa lentidão. Significa fazer cada etapa com atenção, sem pular nenhuma, e manter o ritmo sem longas paradas. Quem tem pressa acaba refazendo, e quem trabalha com cabeça fria costuma chegar antes.

Leonardo Rezende
Especialista em dívidas empresariais

#calma #execucao #ritmo #gestaodepassivos #dividasempresariais",pronto,A pressa é inimiga do resultado. A calma é amiga da execução. Trabalhe com calma e sem pausa.
tw_175,tw/tw_175.jpg,"Um dia produtivo impressiona, mas uma sequência de dias razoáveis constrói de verdade. Não precisa render o máximo todo dia. Basta aparecer, fazer a sua parte e marcar mais um dia na conta.

Leonardo Rezende
Especialista em dívidas empresariais

#constancia #presenca #habitos #dividasempresariais #advocacia",pronto,Não é sobre quanto você fez em um dia. É sobre quantos dias seguidos você apareceu.
tw_176,tw/tw_176.jpg,"A maioria começa bem e abandona na segunda semana. Por isso, simplesmente manter o combinado já coloca você à frente. Não precisa ser genial, basta ser mais regular do que quem desistiu.

Leonardo Rezende
Especialista em dívidas empresariais

#rotina #vantagem #consistencia #advocacia #mentalidade",pronto,A sua rotina é a sua maior vantagem. Porque quase ninguém consegue mantê-la.
tw_177,tw/tw_177.jpg,"Tem discussão que não vai a lugar nenhum porque a outra pessoa nunca quis ouvir de verdade. Nesses casos, explique uma vez, com calma, e siga. Seu tempo rende mais com quem está disposto a conversar.

Leonardo Rezende
Especialista em dívidas empresariais

#tempo #limites #maturidade #mentalidade #gestaoempresarial",pronto,Seu tempo é seu bem mais valioso. Não o desperdice tentando convencer quem já decidiu não entender.
tw_178,tw/tw_178.jpg,"O esforço em dia animado qualquer um faz. O que separa quem evolui é o que acontece quando o corpo pede para parar. Nesses dias, mesmo uma versão menor do compromisso já mantém o hábito vivo.

Leonardo Rezende
Especialista em dívidas empresariais

#treino #estudo #disciplina #gestaoempresarial #empresario",pronto,Treino de verdade é o que você faz no dia em que não queria treinar. Estudo de verdade é o que você faz no dia em que queria estar descansando.
tw_179,tw/tw_179.jpg,"Pagar uma dívida aos poucos, organizar a empresa ou terminar uma formação cansa agora, mas alivia depois. Pense no que você quer ter daqui a cinco anos e veja se o que faz hoje caminha nessa direção.

Leonardo Rezende
Especialista em dívidas empresariais

#planejamento #futuro #esforco #empresario #financaspj",pronto,O esforço de hoje é a tranquilidade de amanhã. Escolha com sabedoria quem você quer ser daqui a cinco anos.
tw_180,tw/tw_180.jpg,"Imprevisto, cobrança e mudança de plano vão acontecer. Dá para respirar antes de responder e pensar no que realmente resolve. Reagir no impulso costuma piorar o problema e o seu dia.

Leonardo Rezende
Especialista em dívidas empresariais

#inteligenciaemocional #calma #autocontrole #financaspj #empreendedorismo",pronto,"Quem controla a própria reação controla a própria paz. Não dá para evitar tudo que chega, mas dá para escolher o que fazer com o que chega."
tw_181,tw/tw_181.jpg,"Uma empresa mais organizada, um profissional mais seguro, uma pessoa mais paciente: tudo isso se forma aos poucos, por pequenos ajustes que passam despercebidos. Se não percebe a mudança hoje, compare com seis meses atrás.

Leonardo Rezende
Especialista em dívidas empresariais

#evolucao #progresso #paciencia #empreendedorismo #gestaodepassivos",pronto,"Ninguém evolui de uma vez. Evolui por camadas, e quase nenhuma é visível."
tw_182,tw/tw_182.jpg,"Reputação, carteira de clientes e caixa saudável não surgem em poucas semanas. Quando algo está levando tempo, pode ser que seja justamente algo sólido. Confira se o processo está certo e deixe o tempo trabalhar.

Leonardo Rezende
Especialista em dívidas empresariais

#paciencia #construcao #longoprazo #gestaodepassivos #dividasempresariais",pronto,"Se está demorando, é sinal de que você está construindo algo que não se constrói rápido."
tw_183,tw/tw_183.jpg,"Quando alguém alcança um resultado, é mais confortável chamar de sorte do que investigar o caminho. Se você olhar com atenção, vai ver anos de estudo, erro e repetição. Aprender com a trajetória de quem chegou é mais útil que admirar de longe.

Leonardo Rezende
Especialista em dívidas empresariais

#admiracao #aprendizado #mentalidade #dividasempresariais #advocacia",pronto,Existe um tipo de pessoa que: só admira quem chegou. Nunca estuda como o outro chegou. E depois diz que foi sorte.
tw_184,tw/tw_184.jpg,"Quem anda devagar e não para costuma passar de quem corre e desiste. Num projeto longo, como reestruturar uma empresa, o que pesa é a continuidade. Ritmo menor, porém contínuo, ainda é avanço.

Leonardo Rezende
Especialista em dívidas empresariais

#persistencia #ritmo #continuidade #advocacia #mentalidade",pronto,Não é a velocidade que leva você longe. É o fato de não parar no meio do caminho.
tw_185,tw/tw_185.jpg,"Muita empresa boa começou numa mesa emprestada, com um cliente e uma ideia. Esperar a estrutura perfeita costuma ser um jeito elegante de adiar. Comece pequeno, aprenda com a prática e vá aumentando.

Leonardo Rezende
Especialista em dívidas empresariais

#comecar #acao #empreendedorismo #mentalidade #gestaoempresarial",pronto,"Quem quer, começa com o que tem. Quem não quer, espera ter tudo. Os dois chegam em lugares bem diferentes."
tw_186,tw/tw_186.jpg,"Aquele boleto para renegociar, a papelada para organizar, a conversa difícil com o sócio: tudo que você empurra hoje volta mais pesado depois. Resolver agora é um favor que você faz a quem vai viver as consequências, que é você mesmo.

Leonardo Rezende
Especialista em dívidas empresariais

#procrastinacao #acao #futuro #gestaoempresarial #empresario",pronto,Seu eu do futuro está torcendo para que você faça agora o que está pensando em adiar.
tw_187,tw/tw_187.jpg,"Esperar o primeiro dia do mês ou a próxima segunda para começar é um jeito de ganhar tempo para não agir. Se é importante, a melhor data é a mais próxima. Nem que seja um passo pequeno, comece ainda hoje.

Leonardo Rezende
Especialista em dívidas empresariais

#procrastinacao #comecar #mudanca #empresario #financaspj",pronto,Quem sempre começa na segunda-feira: geralmente recomeça na outra segunda. E na outra. A mudança não precisa de data bonita. Precisa de hoje.
tw_188,tw/tw_188.jpg,"Quem empreende convive com pressão, e ela afeta decisões, sono e relacionamentos. Reservar tempo para descansar, conversar e desacelerar é manutenção, e não luxo. Trate o cuidado com a mente como compromisso na agenda.

Leonardo Rezende
Especialista em dívidas empresariais

#saudeemocional #equilibrio #bemestar #financaspj #empreendedorismo",pronto,"Todo mundo quer ser feliz, mas poucos cuidam da própria mente. Saúde emocional é rotina, não evento. Cuide dela com a mesma seriedade com que cuida do trabalho."
tw_189,tw/tw_189.jpg,"Insistir no mesmo método que já se mostrou ruim é teimosia. Persistir é manter o destino e mudar o caminho quando preciso. Se algo não funciona, olhe os números, ajuste o plano e siga adiante.

Leonardo Rezende
Especialista em dívidas empresariais

#persistencia #estrategia #resiliencia #empreendedorismo #gestaodepassivos",pronto,Persistir não é teimosia. É ajustar a estratégia sem abandonar o objetivo.
tw_190,tw/tw_190.jpg,"Foco não é fazer mais coisas, é cortar o que não ajuda. Cada reunião desnecessária, mensagem fora de hora ou projeto paralelo que você dispensa libera espaço para o que importa. Pergunte o que dá para ficar de fora hoje.

Leonardo Rezende
Especialista em dívidas empresariais

#foco #prioridades #simplicidade #gestaodepassivos #dividasempresariais",pronto,"Foco é o ato diário de decidir o que ignorar. Quanto mais você ignora, mais você avança."
tw_191,tw/tw_191.jpg,"Não existe uma jogada única que resolva dívida, empresa ou carreira. O que costuma funcionar é uma sequência de ações pequenas, repetidas por muito tempo. Quem busca a solução mágica perde tempo que poderia estar andando.

Leonardo Rezende
Especialista em dívidas empresariais

#repeticao #persistencia #ritmo #dividasempresariais #advocacia",pronto,Uma gota não fura a pedra pela força. Fura pela repetição. Quem entende isso para de procurar o golpe e começa a manter o ritmo.
tw_192,tw/tw_192.jpg,"O cansaço do trabalho se resolve com descanso. Já o peso de ter deixado algo pela metade vai ficando e não some com sono. Se você carrega algo que abandonou, talvez seja a hora de retomar, ainda que em formato menor.

Leonardo Rezende
Especialista em dívidas empresariais

#cansaco #desistir #recomecar #advocacia #mentalidade",pronto,Há duas formas de cansar: cansar de trabalhar. Cansar de desistir. A primeira passa com uma boa noite de sono. A segunda só passa com mudança.
tw_193,tw/tw_193.jpg,"Fazer a mesma tarefa mil vezes no automático só fixa o erro. Prestar atenção enquanto faz, corrigir e tentar de novo é o que aperfeiçoa. Quando for repetir algo, esteja inteiro nela.

Leonardo Rezende
Especialista em dívidas empresariais

#atencao #habilidade #pratica #mentalidade #gestaoempresarial",pronto,O que você repete com atenção vira habilidade. O que você repete distraído vira vício. A diferença está em estar presente.
tw_194,tw/tw_194.jpg,"Empresa que cresce rápido demais, sem controle de caixa e sem processo, tende a se endividar de forma perigosa. Crescer no ritmo que a estrutura aguenta dá mais segurança e menos susto lá na frente.

Leonardo Rezende
Especialista em dívidas empresariais

#crescimento #solidez #planejamento #gestaoempresarial #empresario",pronto,Quem constrói devagar constrói para ficar. Quem constrói com pressa constrói para cair.
tw_195,tw/tw_195.jpg,"Tem gente que fala muito do que vai fazer e entrega pouco. E tem quem estuda, treina e só aparece quando está pronto. Na hora H, o que conta é o preparo, que dispensa propaganda.

Leonardo Rezende
Especialista em dívidas empresariais

#preparo #humildade #bastidores #empresario #financaspj",pronto,O silêncio de quem se prepara é mais poderoso do que o barulho de quem se exibe.
tw_196,tw/tw_196.jpg,"Gastar energia vigiando concorrente ou colega não melhora o seu trabalho. Use esse tempo para aperfeiçoar o seu serviço e atender melhor quem já confia em você. Seu foco rende mais quando aponta para a sua própria evolução.

Leonardo Rezende
Especialista em dívidas empresariais

#foco #crescimento #concorrencia #financaspj #empreendedorismo",pronto,"Evite alimentar rivalidades inúteis. Quem quer crescer olha para frente, não para o lado."
tw_197,tw/tw_197.jpg,"Um bom dia, um obrigado e uma resposta respeitosa, mesmo em negociação difícil, não custam nada e abrem portas. Na correria, essa gentileza costuma ser a primeira a sumir. Vale lembrar dela justamente nos dias apertados.

Leonardo Rezende
Especialista em dívidas empresariais

#educacao #respeito #relacionamento #empreendedorismo #gestaodepassivos",pronto,Educação não custa nada. Mas é a primeira coisa que as pessoas esquecem quando estão com pressa.
tw_198,tw/tw_198.jpg,"Preparo de última hora deixa lacunas que o outro lado percebe. Chamar o resultado de azar é fugir da conversa sobre o que poderia ter sido feito antes. Antecipar o estudo é a melhor forma de diminuir surpresas.

Leonardo Rezende
Especialista em dívidas empresariais

#preparo #advocacia #responsabilidade #gestaodepassivos #dividasempresariais",pronto,Existe um tipo de profissional que: lê o processo na véspera. Estuda a tese na pressa. E depois chama de azar o resultado.
tw_199,tw/tw_199.jpg,"Esperar a mesa limpa, o sistema pronto e a agenda vazia é um jeito de não começar. Na prática, você vai arrumando enquanto faz. Dê o primeiro passo mesmo desorganizado e ajuste conforme enxerga o que precisa.

Leonardo Rezende
Especialista em dívidas empresariais

#organizacao #comecar #procrastinacao #dividasempresariais #advocacia",pronto,Pare de esperar o dia em que tudo vai estar organizado. Esse dia não existe. Comece bagunçado e organize no caminho.
tw_200,tw/tw_200.jpg,"Parar para respirar é parte do trabalho. A diferença está no que acontece depois: você volta com energia para o que precisa ser resolvido, ou continua evitando o problema? Se ainda assim o assunto fica esperando, talvez fosse fuga.

Leonardo Rezende
Especialista em dívidas empresariais

#descanso #equilibrio #produtividade #advocacia #mentalidade",pronto,Descanse quando precisar. Mas não confunda descanso com fuga. Descanso recarrega. Fuga adia.
tw_201,tw/tw_201.jpg,"Responder e-mail, arrumar planilha, organizar a mesa: tudo parece trabalho, mas a tarefa que pesa continua parada. Pergunte a si mesmo qual é a coisa que você está evitando e comece por ela, nem que sejam dez minutos. Na empresa, costuma ser aquela conta que ninguém quer abrir.

Leonardo Rezende
Especialista em dívidas empresariais

#procrastinacao #produtividade #foconotrabalho #empreendedorismo #mentalidade",pronto,Procrastinar é uma forma sutil de se enganar. Fingir que está ocupado é mais fácil do que admitir que está fugindo.
tw_202,tw/tw_202.jpg,"Muita gente para justamente perto de onde as coisas começam a andar. Num negócio, isso aparece quando o empresário larga o controle financeiro no primeiro mês difícil. Quem segue organizando, mesmo devagar, fica com a vantagem de quem não saiu do jogo.

Leonardo Rezende
Especialista em dívidas empresariais

#persistencia #nuncadesista #resiliencia #empreendedorismo #gestaodepassivos",pronto,"Quando todo mundo desistir, o ponto de partida deles será o seu ponto de chegada. Basta aguentar um pouco mais do que a média."
tw_203,tw/tw_203.jpg,"Pense naquele dia em que você estava exausto e mesmo assim fechou o fluxo de caixa ou ligou para renegociar uma parcela. Duas semanas depois ninguém lembra do cansaço, só do problema que deixou de existir. O que você empurra com a barriga continua te cobrando.

Leonardo Rezende
Especialista em dívidas empresariais

#disciplina #responsabilidade #autocobranca #empreendedorismo #dividasempresariais",pronto,O cansaço passa. O orgulho de ter feito o que precisava ser feito fica. O arrependimento de não ter feito também.
tw_204,tw/tw_204.jpg,"Esperando resposta de banco, prazo de processo ou cliente que vai pagar? Dá para separar documentos, atualizar números e preparar o próximo passo enquanto isso. Paciência de verdade tem agenda cheia. Quem só espera costuma ser pego de surpresa quando a resposta chega.

Leonardo Rezende
Especialista em dívidas empresariais

#paciencia #planejamento #organizacao #gestaodepassivos #advocacia",pronto,Paciência não é esperar sentado. É trabalhar enquanto espera.
tw_205,tw/tw_205.jpg,"Pressa constante geralmente é sinal de falta de planejamento, não de excesso de trabalho. Se toda semana é apagar incêndio, vale parar uma tarde e descobrir o que está causando os incêndios. Quase sempre dá para reorganizar e ganhar tempo no resto do mês.

Leonardo Rezende
Especialista em dívidas empresariais

#planejamento #gestaodotempo #organizacao #empreendedorismo #gestaoempresarial",pronto,"Se você está sempre com pressa, talvez esteja sempre fazendo a coisa errada. Pare, reorganize e comece de novo com calma."
tw_206,tw/tw_206.jpg,"Na audiência, quem perde a calma costuma perder o argumento junto. O mesmo vale numa negociação com banco: respirar, ouvir e responder com o que está documentado. Conhecer a lei abre a porta, mas é o equilíbrio que sustenta a conversa lá dentro.

Leonardo Rezende
Especialista em dívidas empresariais

#autocontrole #inteligenciaemocional #audiencia #advocacia #mentalidade",pronto,Um bom advogado domina a lei. Um grande advogado domina a si mesmo. Autocontrole decide mais audiências do que se imagina.
tw_207,tw/tw_207.jpg,"Vontade é ótima quando aparece, mas não dá para depender dela para pagar fornecedor, revisar contrato ou estudar um caso. Faça a lista do que precisa, não do que apetece, e comece pelo primeiro item. No começo incomoda, depois vira rotina.

Leonardo Rezende
Especialista em dívidas empresariais

#disciplina #compromisso #foco #empreendedorismo #mentalidade",pronto,"Faça o que precisa ser feito, não o que dá vontade. O resto do mundo está ocupado demais fazendo o contrário."
tw_208,tw/tw_208.jpg,"Atraso com fornecedor, parcela que não cabe no mês, problema com sócio: quanto mais a conversa é adiada, maior ela fica. Chamar a pessoa, expor a situação e propor um caminho cedo custa bem menos do que explicar tudo no final.

Leonardo Rezende
Especialista em dívidas empresariais

#maturidade #comunicacao #negociacao #dividasempresariais #gestaodepassivos",pronto,Maturidade é escolher a conversa difícil em vez do silêncio confortável. Resolver cedo evita sofrer muito.
tw_209,tw/tw_209.jpg,"De nada adianta ter planilha e calendário se a cabeça passa o dia em outro lugar. Antes de começar, defina uma única coisa para resolver e deixe o resto de lado por um tempo. A agenda só funciona quando a atenção acompanha.

Leonardo Rezende
Especialista em dívidas empresariais

#disciplinamental #foco #concentracao #mentalidade #empreendedorismo",pronto,"Disciplina mental é a base de todas as outras. Antes de controlar a agenda, controle o pensamento."
tw_210,tw/tw_210.jpg,"Se cobrar é importante, mas se todo erro vira autopunição, você trava. Um bom critério: olhe o que deu errado, ajuste o processo e siga em frente. Empresário que se esgota em três meses dificilmente sustenta o negócio por três anos.

Leonardo Rezende
Especialista em dívidas empresariais

#equilibrio #autocobranca #saudemental #empreendedorismo #mentalidade",pronto,"Quem aprende a se cobrar sem se destruir rende mais, sofre menos e dura mais. Exigência com equilíbrio é o ponto certo."
tw_211,tw/tw_211.jpg,"Os primeiros anos são de pouco reconhecimento, muito estudo e honorário apertado. Quem passa por essa fase aprendendo com cada caso constrói uma base difícil de tirar. Serve também para quem abre empresa: o começo é a parte que mais testa a vontade de continuar.

Leonardo Rezende
Especialista em dívidas empresariais

#carreira #resistencia #persistencia #advocacia #empreendedorismo",pronto,A advocacia é uma profissão de resistência. Quem aguenta os primeiros cinco anos de dificuldade costuma ter uma carreira inteira pela frente.
tw_212,tw/tw_212.jpg,"Uma lista de vinte tarefas deixa você ocupado o dia todo sem mexer no que muda o resultado. Escolha duas ou três que realmente movem o negócio e faça de manhã. O resto cabe no que sobrar, e muitas vezes nem precisava existir.

Leonardo Rezende
Especialista em dívidas empresariais

#foco #prioridades #produtividade #empreendedorismo #gestaoempresarial",pronto,"O foco não está em fazer mais. Está em fazer o que importa, antes do que não importa."
tw_213,tw/tw_213.jpg,"A dúvida dos outros a gente aprende a ignorar, a sua própria é mais difícil. Nessas horas, volte ao que já está funcionando e dê só o próximo passo pequeno, sem tentar decidir o ano inteiro. Mantendo o movimento, o caminho vai ficando mais claro.

Leonardo Rezende
Especialista em dívidas empresariais

#perseveranca #confianca #nuncadesista #mentalidade #empreendedorismo",pronto,"Siga firme. Mesmo quando as pessoas duvidam. Mesmo quando você duvida. Quem continua, chega."
tw_214,tw/tw_214.jpg,"Tem lição de gestão que nenhum curso entrega: como um mês fraco puxa o outro, como o cliente reage a atraso, como o banco responde a uma conversa bem feita. Quem desiste cedo perde essa escola. Ficar não é insistir no erro, é aprender com ele.

Leonardo Rezende
Especialista em dívidas empresariais

#experiencia #aprendizado #tempo #empreendedorismo #gestaodepassivos",pronto,Tem coisa que só o tempo ensina. E o tempo só ensina quem fica.
tw_215,tw/tw_215.jpg,"Olhar o passo do concorrente só gera ansiedade. O que pesa é o ritmo que você consegue manter por meses. Um pouco por dia, sem pular semana, leva mais longe do que um sprint seguido de um mês parado.

Leonardo Rezende
Especialista em dívidas empresariais

#ritmo #constancia #evolucao #mentalidade #empreendedorismo",pronto,Seu ritmo é o seu ritmo. Não precisa ser o mais rápido. Precisa não parar.
tw_216,tw/tw_216.jpg,"Um dia ruim mostra onde o seu processo quebra: o que você faz mal quando está sob pressão, onde falta controle. Em vez de só reclamar, anote o que travou. Isso vira um ajuste concreto para a próxima vez.

Leonardo Rezende
Especialista em dívidas empresariais

#aprendizado #resiliencia #autoconhecimento #mentalidade #gestaoempresarial",pronto,Dias ruins ensinam o que dias bons não conseguem. Aproveite para entender sua força e seus limites.
tw_217,tw/tw_217.jpg,"Cliente, banco e fornecedor querem saber se a entrega foi feita, não quantas voltas você deu. Isso até alivia, porque o tempo que levou fica só com você. Se está atrasado em relação ao que planejou, replaneje e siga, sem se punir.

Leonardo Rezende
Especialista em dívidas empresariais

#resultado #persistencia #entrega #empreendedorismo #mentalidade",pronto,Ninguém pergunta quanto tempo você levou para chegar. Todo mundo pergunta se você chegou. Continue andando.
tw_218,tw/tw_218.jpg,"Num processo, a parte que conhece melhor o contrato e o prazo leva vantagem, não importa quem parece mais esperto. Nos negócios é igual: o empresário que lê o que assina e confere os números protege mais o caixa do que o que confia só no instinto.

Leonardo Rezende
Especialista em dívidas empresariais

#estudo #preparo #talento #advocacia #dividasempresariais",pronto,Quem confia só no talento esquece que a lei é cobrada por quem estudou mais.
tw_219,tw/tw_219.jpg,"Quando você sabe qual é o objetivo do trimestre, fica mais fácil dizer não à reunião que não leva a nada, ao sócio que traz ideia nova toda semana, à oportunidade que desvia o foco. Uma meta escrita funciona como filtro.

Leonardo Rezende
Especialista em dívidas empresariais

#direcao #foco #metas #empreendedorismo #gestaoempresarial",pronto,Quem sabe a que veio não se perde em qualquer convite. Direção filtra o que merece atenção.
tw_220,tw/tw_220.jpg,"Dá para discordar de um sócio ou de um cliente sem transformar a conversa em disputa. Na maioria das vezes o que se quer é resolver, não ganhar. Escolher onde gastar energia faz diferença no fim do mês, principalmente com o caixa já pesado.

Leonardo Rezende
Especialista em dívidas empresariais

#inteligenciaemocional #paz #relacionamentos #mentalidade #empreendedorismo",pronto,Nem tudo que você sente precisa virar discussão. Nem toda discussão precisa ter vencedor. Paz também é uma conquista.
tw_221,tw/tw_221.jpg,"Quem paga as contas em dia e mantém a documentação organizada dorme mais tranquilo. A rotina que parece chata hoje evita o aperto de amanhã. Visto assim, disciplina deixa de ser peso e vira controle sobre o próprio tempo e dinheiro.

Leonardo Rezende
Especialista em dívidas empresariais

#disciplina #liberdadefinanceira #rotina #empreendedorismo #mentalidade",pronto,Disciplina não é castigo. É o único caminho conhecido para a liberdade.
tw_222,tw/tw_222.jpg,"O que se vê nas redes é o resultado, nunca o dia comum em que a pessoa fez o que precisava sem plateia. Disciplina é invisível: fechar o mês conferindo cada centavo, estudar quando dá preguiça, recusar o gasto fora do plano.

Leonardo Rezende
Especialista em dívidas empresariais

#disciplina #habitos #rotina #mentalidade #empreendedorismo",pronto,"Disciplina não aparece em foto. Aparece no despertador, na leitura, no treino e no não que você diz a si mesmo."
tw_223,tw/tw_223.jpg,"Qualquer um fala em constância, mas a prova só chega depois de meses. O tempo não se impressiona com plano bonito, olha o que foi feito semana após semana. Para saber onde você está, olhe seus registros, não as suas intenções.

Leonardo Rezende
Especialista em dívidas empresariais

#constancia #tempo #consistencia #mentalidade #empreendedorismo",pronto,O tempo é o melhor juiz da constância. Ele ignora discurso e premia quem ficou.
tw_224,tw/tw_224.jpg,"Lembre da vez em que quase fechou a empresa ou largou uma renegociação no meio, e mesmo assim voltou na segunda-feira. Aquele episódio provavelmente ensinou mais do que muita coisa que deu certo de primeira. Vale olhar para trás de vez em quando.

Leonardo Rezende
Especialista em dívidas empresariais

#superacao #resiliencia #persistencia #empreendedorismo #mentalidade",pronto,Já pensou em quantas vezes você quis desistir e não desistiu? Foram essas que construíram quem você é hoje.
tw_225,tw/tw_225.jpg,"Os primeiros resultados quase nunca vêm no ritmo que a gente imagina, e é aí que muita gente abandona. Um hábito financeiro novo, como separar o caixa da empresa do pessoal, leva semanas para encaixar. Passando dessa fase, o resto fica mais leve.

Leonardo Rezende
Especialista em dívidas empresariais

#habitos #persistencia #constancia #empreendedorismo #gestaofinanceira",pronto,A verdade é que a maioria desiste: antes do resultado aparecer. Antes do hábito se firmar. Antes de descobrir do que era capaz.
tw_226,tw/tw_226.jpg,"Tratar bem só quem pode te dar algo fecha portas sem você perceber. O funcionário, o fornecedor pequeno, o colega iniciante: todos fazem parte da sua rede. Relacionamento bom é o que ainda sustenta o negócio quando o dinheiro aperta.

Leonardo Rezende
Especialista em dívidas empresariais

#relacionamentos #respeito #humildade #empreendedorismo #mentalidade",pronto,Existe um tipo de pessoa que: só ajuda quem pode retribuir. Só ouve quem pode ser útil. Só respeita quem está acima. Cuidado: é uma forma silenciosa de pobreza.
tw_227,tw/tw_227.jpg,"Todo negócio tem imposto, inadimplência, mês ruim e cliente complicado. Contar com isso no planejamento não é pessimismo. Quem já espera as pedras monta uma reserva e um plano B, e passa por elas com menos susto.

Leonardo Rezende
Especialista em dívidas empresariais

#realismo #planejamento #resiliencia #empreendedorismo #gestaoempresarial",pronto,Aceite a dificuldade como parte do pacote. Quem sonha com um caminho sem pedras vive esperando um que não existe.
tw_228,tw/tw_228.jpg,"Atrás de toda empresa que deu certo tem contrato mal feito, cliente perdido e decisão errada que virou ajuste. Se você está numa fase de erros, não quer dizer que o caminho está errado. Pode ser só a parte do processo que ninguém conta.

Leonardo Rezende
Especialista em dívidas empresariais

#erros #aprendizado #bastidores #empreendedorismo #mentalidade",pronto,Todo mundo gosta de ouvir sobre o resultado. Pouca gente pergunta sobre as vezes em que deu errado antes. Foram elas que construíram o resultado.
tw_229,tw/tw_229.jpg,"Se alguém critica sempre quem não está na sala, imagine o que diz quando você sai. Na hora de escolher sócio, parceiro ou equipe, observe como a pessoa fala dos outros. Isso mostra bastante sobre a confiança que dá para ter.

Leonardo Rezende
Especialista em dívidas empresariais

#carater #confianca #relacionamentos #empreendedorismo #mentalidade",pronto,"Quem fala mal dos outros com facilidade, fala mal de você com a mesma facilidade. Cerque-se de quem escolhe o silêncio quando não tem nada bom a dizer."
tw_230,tw/tw_230.jpg,"Um dia de trabalho bem feito parece pouco, mas eles se somam. Um mês de contas organizadas e um trimestre de clientes bem atendidos já formam uma estrutura sólida. O que atrapalha é ficar mudando de ideia no meio da obra.

Leonardo Rezende
Especialista em dívidas empresariais

#dedicacao #constancia #construcao #empreendedorismo #gestaoempresarial",pronto,Cada dia de dedicação é um tijolo. Quem desiste no meio deixa uma parede torta. Quem continua constrói uma casa.
tw_231,tw/tw_231.jpg,"Falar bem ajuda, mas o mercado guarda o que ficou de pé: o contrato cumprido, a dívida paga, o cliente bem atendido. Antes de anunciar o que pretende fazer, pergunte se você já começou. Obra feita vale mais do que discurso.

Leonardo Rezende
Especialista em dívidas empresariais

#acao #atitude #legado #empreendedorismo #mentalidade",pronto,"Existem pessoas que preferem ser lembradas pelo que disseram. Outras, pelo que construíram. Faça parte do segundo grupo."
tw_232,tw/tw_232.jpg,"Atender WhatsApp, e-mail e planilha ao mesmo tempo faz tudo andar pela metade. Reserve uma hora para uma tarefa só, com o celular longe. Terminou? Passe para a próxima. No fim do dia a diferença é grande.

Leonardo Rezende
Especialista em dívidas empresariais

#foco #concentracao #produtividade #empreendedorismo #mentalidade",pronto,"Mente dispersa, resultado disperso. Mente focada, resultado direto. Escolha o tipo de dia que quer ter."
tw_233,tw/tw_233.jpg,"Mudança começa em coisa pequena, como uma hora sem notificação para olhar o orçamento ou estudar um assunto novo. Não precisa de plano gigante. Se uma hora por dia já parece difícil, esse é justamente o primeiro ponto a ajustar.

Leonardo Rezende
Especialista em dívidas empresariais

#foconotrabalho #atencao #mudanca #mentalidade #empreendedorismo",pronto,Muita gente quer mudar de vida. Poucas desligam o celular por uma hora para começar.
tw_234,tw/tw_234.jpg,"Querer faturar mais, quitar dívidas ou crescer é legítimo. O ponto é que cada meta pede algo em troca, seja controle, estudo ou renúncia. Para cada desejo, pergunte o que você está disposto a fazer de diferente.

Leonardo Rezende
Especialista em dívidas empresariais

#ambicao #metas #compromisso #empreendedorismo #dividasempresariais",pronto,Não há nada de errado em querer mais da vida. Errado é querer mais e não se dispor a fazer mais.
tw_235,tw/tw_235.jpg,"Quem lidera equipe sabe que o time copia o que o dono faz, não o que ele fala. Se você pede pontualidade e organização, precisa mostrar. No trabalho e em casa, o exemplo ensina mais rápido do que qualquer reunião.

Leonardo Rezende
Especialista em dívidas empresariais

#lideranca #exemplo #atitude #empreendedorismo #gestaoempresarial",pronto,"Menos discurso, mais exemplo. Pouca gente se convence com palavras. Muita gente se inspira com atitude."
tw_236,tw/tw_236.jpg,"Comparar sua empresa com o que aparece nas redes é injusto: você conhece os seus bastidores, mas só vê a vitrine do outro. Foque nos seus números e no seu ritmo. O que está na tela quase nunca mostra a dívida e o ajuste que vieram antes.

Leonardo Rezende
Especialista em dívidas empresariais

#comparacao #redessociais #processo #empreendedorismo #mentalidade",pronto,"A internet mostra o resultado dos outros. Nunca mostra as madrugadas, as dúvidas e os anos sem retorno. Não troque o seu processo pela vitrine de ninguém."
tw_237,tw/tw_237.jpg,"Promessa de resolver tudo rápido, seja de renda ou de dívida, costuma esconder algum risco. Resolver passivo de verdade passa por levantar contratos, conversar e acompanhar prazos. Dá trabalho, mas é um caminho que você consegue explicar e sustentar.

Leonardo Rezende
Especialista em dívidas empresariais

#atalhos #paciencia #processo #dividasempresariais #gestaodepassivos",pronto,"Vivemos em um tempo em que todo mundo quer atalho, mas poucos aceitam o caminho. Todo mundo quer o fim da estrada, mas ninguém quer a estrada."
tw_238,tw/tw_238.jpg,"Na prática, os casos que se resolvem são os de quem foi atrás de documento, de resposta e de acordo sem sumir. A fila é longa e cansa, mas quem fica costuma ser atendido. Persistir com método vale mais do que brilhar uma vez.

Leonardo Rezende
Especialista em dívidas empresariais

#persistencia #constancia #resultado #advocacia #empreendedorismo",pronto,Quem chega ao resultado quase nunca é o mais talentoso. É o que ficou até o fim da fila.
tw_239,tw/tw_239.jpg,"Deixar para amanhã aquele relatório ou aquela parcela parece alívio, mas o amanhã chega com o trabalho de ontem junto. Com dívida é parecido: juros e multa continuam correndo enquanto você adia. Resolver aos poucos sai mais leve do que de uma vez.

Leonardo Rezende
Especialista em dívidas empresariais

#procrastinacao #foco #gestaodotempo #dividasempresariais #gestaodepassivos",pronto,O que você não faz hoje por falta de foco não vira tempo livre. Vira tarefa acumulada. E tarefa acumulada pesa dobrado.
tw_240,tw/tw_240.jpg,"Experimente olhar sua semana e ver para onde as horas foram de verdade. Quase sempre sobra tempo para o que a gente decide que importa. Se uma tarefa é essencial para o negócio, ela precisa de horário marcado, não de sobra.

Leonardo Rezende
Especialista em dívidas empresariais

#prioridades #gestaodotempo #produtividade #empreendedorismo #mentalidade",pronto,"Não é falta de tempo. É falta de prioridade. Quem quer, arruma um jeito. Quem não quer, arruma uma desculpa."
tw_241,tw/tw_241.jpg,"Uma empresa que fatura alto mas vive no vermelho brilha por fora. Já a que cresce devagar, com caixa organizado e poucas dívidas, parece discreta e é bem mais firme. Antes de admirar ou copiar um negócio, olhe a saúde dele, não só o barulho.

Leonardo Rezende
Especialista em dívidas empresariais

#resultado #solidez #gestaofinanceira #empreendedorismo #dividasempresariais",pronto,Nem tudo que brilha é resultado. Nem tudo que é discreto é pequeno. Aprenda a enxergar o valor no silêncio.
tw_242,tw/tw_242.jpg,"No dia a dia da advocacia, cada caso ensina algo que o próximo vai usar. Derrota dói, mas mostra o que ajustar na estratégia. Vale para qualquer profissão: erro bem analisado vira método, erro ignorado se repete.

Leonardo Rezende
Especialista em dívidas empresariais

#aprendizado #evolucao #treino #advocacia #mentalidade",pronto,"Cada audiência é um treino. Cada petição é um treino. Cada derrota, uma aula cara e útil."
tw_243,tw/tw_243.jpg,"Paciência se treina como qualquer outra coisa: esperar a resposta sem ligar dez vezes, deixar um plano rodar alguns meses antes de julgar. Numa negociação com banco, por exemplo, quem tem calma analisa melhor e decide com menos erro.

Leonardo Rezende
Especialista em dívidas empresariais

#paciencia #habilidades #negociacao #gestaodepassivos #mentalidade",pronto,Ter paciência é uma habilidade. Quase ninguém treina. Por isso quase ninguém chega onde queria.
tw_244,tw/tw_244.jpg,"Mercado, lei e ferramentas mudam o tempo todo. Quem acha que já sabe tudo vai ficando para trás sem perceber. Continuar estudando e perguntando, mesmo com anos de experiência, é o que mantém a gente atualizado.

Leonardo Rezende
Especialista em dívidas empresariais

#humildade #aprendizado #crescimento #advocacia #mentalidade",pronto,Quem se acha pronto já parou de crescer. Quem se acha em construção ainda está no jogo.
tw_245,tw/tw_245.jpg,"Se você só mantém a rotina enquanto os números sobem, isso não é constância. Constância é seguir no mês em que nada se mexe. Acompanhe um indicador de processo, como contas conferidas por semana, e não apenas o resultado final.

Leonardo Rezende
Especialista em dívidas empresariais

#constancia #expectativa #processo #empreendedorismo #gestaoempresarial",pronto,"Se o seu esforço depende de resultado imediato, ele não é constância. É expectativa."
tw_246,tw/tw_246.jpg,"Ninguém gosta de conferir extrato, juntar nota ou acompanhar prazo. Mas esses passos são a base de qualquer resultado. Faça por respeito ao processo, mesmo sem gosto. A satisfação costuma aparecer quando as coisas começam a se encaixar.

Leonardo Rezende
Especialista em dívidas empresariais

#processo #disciplina #metodo #gestaodepassivos #empreendedorismo",pronto,Você não precisa gostar do processo. Precisa respeitar o processo. Gostar vem depois do resultado. Respeito vem antes.
tw_247,tw/tw_247.jpg,"Muita gente aguenta o pique por um mês, poucos mantêm por anos. Um ritmo sustentável, com descanso e rotina clara, protege a saúde e o negócio ao mesmo tempo. Quem chega lá não precisa ficar correndo atrás dos outros.

Leonardo Rezende
Especialista em dívidas empresariais

#ritmo #constancia #sustentabilidade #empreendedorismo #mentalidade",pronto,O maior luxo do mundo é conseguir manter um ritmo bom por muito tempo. Quem consegue raramente é ultrapassado.
tw_248,tw/tw_248.jpg,"Um teste simples: olhe o tempo de tela da semana e compare com as horas dedicadas ao que importa. Muitas vezes o tempo rende, só está indo para outro lugar. Trocar meia hora de rolagem por meia hora de estudo já muda bastante.

Leonardo Rezende
Especialista em dívidas empresariais

#tempodetela #produtividade #atencao #mentalidade #empreendedorismo",pronto,Vivemos em uma geração que consome mais do que produz. Opina mais do que estuda. Rola mais do que realiza. E ainda se pergunta por que o tempo não rende.
tw_249,tw/tw_249.jpg,"Quando um prazo aperta ou uma decisão grande está pendente, ruído só atrapalha. Avise a equipe, desligue as notificações e termine o que precisa ser entregue. Depois, com a tarefa resolvida, sobra tempo para conversar.

Leonardo Rezende
Especialista em dívidas empresariais

#foconotrabalho #prazos #concentracao #advocacia #empreendedorismo",pronto,"Há momentos em que a melhor decisão é fechar a porta, abaixar o volume e fazer. Sem público, sem plateia, sem comentário."
tw_250,tw/tw_250.jpg,"Pagar em dia, registrar tudo, estudar o contrato, ser pontual. Nada disso é especial isoladamente, mas feito por anos faz toda a diferença. Quando alguém chama o seu resultado de sorte, normalmente não viu a rotina que existe por trás.

Leonardo Rezende
Especialista em dívidas empresariais

#constancia #habitos #evolucao #empreendedorismo #mentalidade",pronto,Pessoas comuns que fazem as coisas certas por muito tempo viram pessoas extraordinárias. Não existe segredo além disso.
tw_251,tw/tw_251.jpg,"Não dá para saber qual caso vai mudar tudo, então o jeito é tratar cada um com cuidado. Para o cliente, o processo dele é sempre o mais importante. Em qualquer área, o capricho de hoje é o que as pessoas lembram depois.

Leonardo Rezende
Especialista em dívidas empresariais

#dedicacao #trabalhobemfeito #carreira #advocacia #responsabilidade",pronto,"Dedique-se à profissão como se cada caso fosse o mais importante da sua carreira. Um dia, um deles será."
tw_252,tw/tw_252.jpg,"Às vezes o que separa você da meta é só organização: documentos soltos, contas misturadas, prioridades trocadas. Antes de achar que está longe, faça o levantamento do que realmente falta. Pode ser bem menos do que parece.

Leonardo Rezende
Especialista em dívidas empresariais

#organizacao #metas #foco #gestaodepassivos #dividasempresariais",pronto,Você pode estar mais perto do que imagina. O que atrasa muita gente não é a distância. É o tempo perdido com o que não leva a lugar nenhum.
tw_253,tw/tw_253.jpg,"Abrir mensagem e rede social logo ao acordar coloca você a reboque do que os outros querem. Comece pela tarefa mais importante, mesmo que por vinte minutos, antes de olhar qualquer tela. Faz diferença no resto do dia.

Leonardo Rezende
Especialista em dívidas empresariais

#rotinamatinal #atencao #produtividade #mentalidade #empreendedorismo",pronto,"Um bom dia começa com uma escolha: a quem entregar a atenção primeiro. Se for para o celular, o dia é dele."
tw_254,tw/tw_254.jpg,"Dez páginas por dia dão mais de três mil por ano. Uma conta conferida por dia deixa o financeiro em ordem no fim do trimestre. Passos pequenos cansam menos e são bem mais fáceis de sustentar do que grandes arrancadas.

Leonardo Rezende
Especialista em dívidas empresariais

#pequenospassos #constancia #habitos #empreendedorismo #mentalidade",pronto,"Cada página lida, cada tarefa concluída, cada hora de foco: parece pouco. Mas pouco, todos os dias, vira muito."
tw_255,tw/tw_255.jpg,"Cansaço faz parte, e parar para recuperar é necessário. O risco é transformar a pausa em abandono. Combine consigo uma data de volta, como segunda cedo, e deixe a primeira tarefa já definida para ficar fácil retomar.

Leonardo Rezende
Especialista em dívidas empresariais

#descanso #constancia #retomada #empreendedorismo #mentalidade",pronto,"Você vai cansar. Todo mundo cansa. A questão é se você descansa e volta, ou descansa e desaparece."
tw_256,tw/tw_256.jpg,"Vale olhar com honestidade o que você quer e o que está fazendo para chegar lá. Se as duas coisas não combinam, ajuste uma delas: ou muda a rotina, ou muda a expectativa. Querer sem fazer não paga a conta.

Leonardo Rezende
Especialista em dívidas empresariais

#honestidade #compromisso #atitude #empreendedorismo #mentalidade",pronto,"A verdade é que a maioria de nós quer o resultado de quem treina, com a rotina de quem descansa. Quer o resultado de quem estuda, com a atenção de quem rola o feed. A conta não fecha."
tw_257,tw/tw_257.jpg,"Esperar o plano perfeito para começar costuma adiar tudo. Comece com o que tem, em pequena escala, e vá corrigindo. Numa empresa, testar uma mudança de preço ou de cobrança por um mês ensina mais do que meses de planilha.

Leonardo Rezende
Especialista em dívidas empresariais

#acao #aprendizado #execucao #empreendedorismo #gestaoempresarial",pronto,"Quem faz, aprende errando. Quem espera, só aprende na teoria. Ação imperfeita ganha de planejamento eterno."
tw_258,tw/tw_258.jpg,"Delegar é importante, mas entender o que você assina e o que acontece nos seus processos não dá para delegar. Leia o contrato, pergunte o que não entendeu e acompanhe os andamentos. Quem conhece o assunto decide melhor e é mais difícil de enganar.

Leonardo Rezende
Especialista em dívidas empresariais

#estudo #aprendizado #conhecimento #advocacia #dividasempresariais",pronto,"Não terceirize o seu aprendizado. Leia o processo, estude a lei, escreva a peça. Quem faz com as próprias mãos entende de verdade."
tw_259,tw/tw_259.jpg,"Saber onde você erra, o que te tira do sério e como reage sob pressão evita conflito desnecessário. Quem se conhece negocia com mais segurança, porque não precisa provar nada a ninguém. Anote seus padrões e use a seu favor.

Leonardo Rezende
Especialista em dívidas empresariais

#autoconhecimento #inteligenciaemocional #negociacao #mentalidade #empreendedorismo",pronto,"Quanto mais você se conhece, menos precisa se defender. Autoconhecimento é uma armadura silenciosa."
tw_260,tw/tw_260.jpg,"Reclamar da taxa, do cliente ou do mercado alivia por um instante, mas não resolve nada. Ao lado de cada reclamação, escreva uma ação possível, mesmo pequena. Aos poucos o foco sai do problema e vai para o que está ao seu alcance.

Leonardo Rezende
Especialista em dívidas empresariais

#solucoes #atitude #protagonismo #empreendedorismo #mentalidade",pronto,Quem reclama todo dia vive no problema. Quem age todo dia vive na solução. Escolha onde quer morar.
tw_261,tw/tw_261.jpg,"Pular uma compra por impulso, guardar parte do caixa, fechar o computador no horário. Cada pequeno não de hoje abre espaço para um sim maior depois, como uma dívida quitada ou uma reserva formada. É uma troca, e vale pensar nela com calma.

Leonardo Rezende
Especialista em dívidas empresariais

#disciplina #educacaofinanceira #autocontrole #dividasempresariais #empreendedorismo",pronto,Disciplina é dizer não ao prazer de agora. Para poder dizer sim à vida que você quer depois.
tw_262,tw/tw_262.jpg,"Já vi muita empresa crescer depressa demais, com empréstimo em cima de empréstimo, e não aguentar o primeiro tombo. Crescer no ritmo do caixa rende menos manchete e mais segurança. Pense nisso antes de pegar crédito para expandir.

Leonardo Rezende
Especialista em dívidas empresariais

#crescimentosustentavel #credito #planejamento #dividasempresariais #gestaodepassivos",pronto,Uma coisa que o tempo me ensinou: o que cresce rápido costuma murchar rápido. O que cresce devagar costuma durar.
tw_263,tw/tw_263.jpg,"Tratar bem o gerente, o fornecedor e o cliente muda o tom de qualquer negociação. Numa renegociação, quem chega respeitoso e organizado costuma ser ouvido com mais atenção. Educação não resolve tudo, mas facilita muita coisa.

Leonardo Rezende
Especialista em dívidas empresariais

#educacao #respeito #relacionamentos #gestaodepassivos #empreendedorismo",pronto,Ser educado é grátis. Mas já abriu portas que dinheiro nenhum abriu.
tw_264,tw/tw_264.jpg,"Boa parte do que você faz agora é invisível: organizar documento, manter registro, estudar. Ninguém aplaude, mas com o tempo isso aparece na solidez do negócio e na sua reputação. Siga construindo mesmo sem reconhecimento.

Leonardo Rezende
Especialista em dívidas empresariais

#construcao #longoprazo #reputacao #empreendedorismo #mentalidade",pronto,"O que está construindo hoje, só você sabe. Daqui a cinco anos, todos vão ver."
tw_265,tw/tw_265.jpg,"Um prazo que passa por um dia ou uma cláusula lida por cima podem custar caro. Antes de assinar ou protocolar qualquer coisa, releia com calma e confira datas, valores e nomes. Cinco minutos de revisão poupam muita dor de cabeça.

Leonardo Rezende
Especialista em dívidas empresariais

#atencaoaosdetalhes #prazos #contratos #advocacia #dividasempresariais",pronto,"A advocacia me ensinou que o detalhe decide. Uma data, uma assinatura, uma cláusula. Quem vai com pressa perde justamente o que mais importava."
tw_266,tw/tw_266.jpg,"Em alguns meses você faz tudo certo e os números não se mexem. Mesmo assim, hábitos estão se formando e a base está sendo preparada. Anote o que você está fazendo para enxergar o progresso que ainda não aparece na conta.

Leonardo Rezende
Especialista em dívidas empresariais

#processo #paciencia #evolucao #empreendedorismo #mentalidade",pronto,Tem fase da vida em que nada parece mudar. É nessa fase que mais se muda por dentro. O resultado só aparece depois que o processo termina de trabalhar.
tw_267,tw/tw_267.jpg,"Perder um cliente grande, ver uma cobrança chegar, fechar o mês no negativo: dói de verdade, e não precisa fingir que está tudo bem. O que conta é, passado o choque, sentar, olhar os números e definir o próximo passo.

Leonardo Rezende
Especialista em dívidas empresariais

#resiliencia #superacao #forcaemocional #dividasempresariais #empreendedorismo",pronto,"Resiliência não é não cair. É cair, doer, chorar se for preciso e se levantar mesmo assim."
tw_268,tw/tw_268.jpg,"Faltou um dia de estudo ou deixou o controle financeiro de lado? Acontece. O que separa quem avança é não deixar um deslize virar uma semana inteira. Volte no dia seguinte, sem cobrança exagerada, e retome de onde parou.

Leonardo Rezende
Especialista em dívidas empresariais

#disciplina #recomeco #habitos #empreendedorismo #mentalidade",pronto,Uma pessoa disciplinada não é aquela que nunca falha. É aquela que volta no dia seguinte.
tw_269,tw/tw_269.jpg,"Trabalhar sem pausa derruba a qualidade das decisões, e decisão ruim numa empresa custa caro. Mas descanso sem fim também trava. Coloque o descanso na agenda, com hora para começar e terminar, como qualquer compromisso.

Leonardo Rezende
Especialista em dívidas empresariais

#descanso #equilibrio #produtividade #empreendedorismo #mentalidade",pronto,"Disciplina também é saber a hora de parar. Quem não descansa, quebra. Quem só descansa, estaciona."
tw_270,tw/tw_270.jpg,"Existe um meio-termo: começar cedo e revisar com calma. Quem deixa tudo para o último dia entrega correndo, e quem demora demais perde o prazo. Para qualquer obrigação, seja imposto, defesa ou parcela, comece com folga e capriche.

Leonardo Rezende
Especialista em dívidas empresariais

#prazos #procrastinacao #organizacao #advocacia #dividasempresariais",pronto,Quem trabalha com o direito sabe: a pressa é inimiga da peça bem feita. Mas a procrastinação é inimiga do prazo.
tw_271,tw/tw_271.jpg,"Nervoso antes de uma audiência é normal. O que ajuda é ter tudo organizado: pontos principais, documentos na ordem, perguntas ensaiadas. Isso vale também para reunião com banco ou investidor. Quem se preparou fala com mais segurança.

Leonardo Rezende
Especialista em dívidas empresariais

#preparo #audiencia #calma #advocacia #gestaodepassivos",pronto,"Antes de entrar na sala de audiência, respire. Revise seus pontos, confirme seus documentos e entre tranquilo. Preparo é a melhor calma."
tw_272,tw/tw_272.jpg,"O cliente que chega com uma dívida ou um processo vem preocupado. Se eu demonstro nervosismo, ele fica ainda mais. Por isso o primeiro passo é manter a calma, explicar com clareza o que está acontecendo e organizar os próximos passos.

Leonardo Rezende
Especialista em dívidas empresariais

#autocontrole #atendimento #confianca #advocacia #dividasempresariais",pronto,Ser advogado é aprender a acalmar a si mesmo para acalmar quem confia em você. Autocontrole é parte da técnica.
tw_273,tw/tw_273.jpg,"Quando ninguém está olhando, você erra mais, testa mais e corrige sem vergonha. É assim que o aprendizado acontece. Reserve um tempo para estudar ou praticar sem mostrar para ninguém, e só divulgue quando tiver algo sólido.

Leonardo Rezende
Especialista em dívidas empresariais

#treino #evolucao #bastidores #mentalidade #empreendedorismo",pronto,Quem treina sem plateia treina com mais verdade. A plateia faz você performar. O silêncio faz você evoluir.
tw_274,tw/tw_274.jpg,"Força não é aparentar que está tudo bem. Em fase de aperto financeiro, sentir o peso é normal. O que ajuda é fazer o que está ao alcance naquele dia: uma ligação, um documento, uma conta. Um passo de cada vez já é caminho.

Leonardo Rezende
Especialista em dívidas empresariais

#forcaemocional #resiliencia #superacao #dividasempresariais #empreendedorismo",pronto,"Pessoas fortes não são as que nunca choram. São as que, mesmo chorando, voltam ao trabalho."
tw_275,tw/tw_275.jpg,"Querer ver mudança grande em três semanas leva à frustração. A evolução, seja na carreira, nas finanças ou na empresa, aparece em trimestres e anos. Divida a meta em etapas e comemore o progresso intermediário.

Leonardo Rezende
Especialista em dívidas empresariais

#evolucao #longoprazo #metas #empreendedorismo #mentalidade",pronto,Evolução é um jogo de longo prazo. Quem joga como se fosse de curto prazo perde o fôlego no meio do caminho.
tw_276,tw/tw_276.jpg,"Quando um plano não funciona de primeira, a tentação é abandonar. Antes disso, veja o que dá para ajustar: preço, método, horário, estratégia. O objetivo continua o mesmo, só o caminho muda. Dê tempo suficiente para o ajuste mostrar efeito.

Leonardo Rezende
Especialista em dívidas empresariais

#ajustes #persistencia #planejamento #empreendedorismo #gestaoempresarial",pronto,"Ainda não deu certo? Talvez ainda não tenha dado tempo. Revise a rota, não o compromisso."
tw_277,tw/tw_277.jpg,"Sem meta definida, todo gasto e todo convite parecem boa ideia. Com meta clara, como quitar uma dívida em doze meses, fica fácil recusar o que desvia. Escreva seu objetivo com número e prazo e deixe num lugar visível.

Leonardo Rezende
Especialista em dívidas empresariais

#objetivos #clareza #metas #dividasempresariais #empreendedorismo",pronto,"Quando o objetivo é claro, o não fica fácil. Quando é vago, qualquer sim parece atraente."
tw_278,tw/tw_278.jpg,"Às vezes o cliente quer uma saída rápida, e o melhor é explicar que ela não existe ou que tem risco. Dizer isso exige coragem, mas é o que mantém a confiança. Estudar sempre e assumir o que se faz é a base do trabalho.

Leonardo Rezende
Especialista em dívidas empresariais

#responsabilidade #etica #estudo #advocacia #direito",pronto,"O que a advocacia exige de verdade: estudo constante, responsabilidade total e coragem para dizer não ao caminho fácil."
tw_279,tw/tw_279.jpg,"Se eu digo que algo é certo e depois não acontece, perco a confiança da pessoa. Por isso falo sempre dos riscos e do que pode dar errado, além do que pode dar certo. Para quem empreende vale igual: prometa só o que dá para entregar.

Leonardo Rezende
Especialista em dívidas empresariais

#transparencia #confianca #atendimento #advocacia #empreendedorismo",pronto,A confiança do cliente se constrói com transparência. Prometer demais é o caminho mais curto para perdê-la.
tw_280,tw/tw_280.jpg,"Quando o cansaço bate, pensar no projeto inteiro pesa demais. Reduza para o próximo passo: abrir o arquivo, mandar uma mensagem, conferir uma conta. Feito isso, o seguinte fica mais leve. Repetido todo dia, vira costume.

Leonardo Rezende
Especialista em dívidas empresariais

#habitos #pequenospassos #motivacao #empreendedorismo #mentalidade",pronto,"Você não vence o cansaço com desculpa. Vence com um próximo passo pequeno, repetido até virar costume."
tw_281,tw/tw_281.jpg,"Papelada, prazo, reunião chata, ajuste de planilha. O processo raramente rende foto, mas é onde o trabalho acontece. Se você está numa fase pouco glamourosa, mantenha o foco, porque é aqui que se constrói o que vem depois.

Leonardo Rezende
Especialista em dívidas empresariais

#processo #bastidores #trabalhobemfeito #empreendedorismo #advocacia",pronto,O processo nunca é bonito. Mas é ele que torna o resultado possível.
tw_282,tw/tw_282.jpg,"Segunda tem motivação, sexta tem alívio, mas é no meio da semana que a rotina é testada. Tente fazer o básico mesmo nos dias sem graça. São esses dias comuns que somam a maior parte do ano.

Leonardo Rezende
Especialista em dívidas empresariais

#constancia #rotina #disciplina #empreendedorismo #mentalidade",pronto,Constância é uma escolha silenciosa. Ninguém aplaude quem treina na terça-feira de manhã. Mas é na terça-feira de manhã que se decide o ano.
tw_283,tw/tw_283.jpg,"Esperar uma data redonda para começar é só mais uma forma de adiar. Dá para começar hoje com algo pequeno: uma conta organizada, uma hora de estudo, uma conversa pendente. Marcar o início para hoje tira o peso do recomeço.

Leonardo Rezende
Especialista em dívidas empresariais

#procrastinacao #mudanca #comecar #empreendedorismo #mentalidade",pronto,Existe um tipo de pessoa que: promete mudar no ano novo. Promete mudar no aniversário. Promete mudar depois das férias. Mas nunca promete mudar hoje.
tw_284,tw/tw_284.jpg,"A decisão tomada na véspera, com a primeira tarefa já definida, tira a negociação com a preguiça. De manhã você só executa. Funciona para pagar conta, ligar para uma cobrança ou estudar: decida antes, execute depois.

Leonardo Rezende
Especialista em dívidas empresariais

#rotinamatinal #decisoes #disciplina #empreendedorismo #mentalidade",pronto,"Ninguém sente vontade de acordar cedo. Quem acorda, acorda mesmo assim. A diferença está na decisão que vem antes da vontade."
tw_285,tw/tw_285.jpg,"Aquela conversa com o banco, a revisão de contratos antigos, a primeira vez falando em público: tudo incomoda, mas é onde se aprende. Escolha um desafio por mês, pequeno o bastante para encarar, e vá aumentando aos poucos.

Leonardo Rezende
Especialista em dívidas empresariais

#crescimento #desafios #zonadeconforto #empreendedorismo #gestaodepassivos",pronto,Ninguém evolui só quando está confortável. Crescimento mora no desconforto. Procure o que te desafia e não fuja dele.
tw_286,tw/tw_286.jpg,"Concorrente com dez anos de mercado tem uma estrutura que você ainda não tem, e tudo bem. Um bom parâmetro é a sua própria evolução: o caixa está mais organizado do que no mês passado? Aprendeu algo novo? Então está avançando.

Leonardo Rezende
Especialista em dívidas empresariais

#comparacao #evolucao #progresso #empreendedorismo #mentalidade",pronto,"Não se compare com quem começou antes. Compare-se com quem você era ontem. Se estiver um pouco à frente, está no caminho certo."
tw_287,tw/tw_287.jpg,"Errou um cálculo, perdeu um prazo, contratou mal? Em vez de se culpar, pergunte onde o processo falhou e o que muda para não repetir. Montar um checklist depois do erro ajuda bastante. A culpa gasta energia sem resolver nada.

Leonardo Rezende
Especialista em dívidas empresariais

#erros #aprendizado #mentalidadedecrescimento #empreendedorismo #gestaoempresarial",pronto,Treine sua mente para ver cada erro como informação. Informação serve para ajustar. Culpa só serve para paralisar.
tw_288,tw/tw_288.jpg,"Combinar um prazo de pagamento e cumprir, avisar com antecedência quando não dá: isso constrói um crédito que não está em nenhum contrato. Se vai atrasar, é melhor avisar cedo e propor uma nova data do que sumir.

Leonardo Rezende
Especialista em dívidas empresariais

#palavra #credibilidade #compromisso #dividasempresariais #empreendedorismo",pronto,A sua palavra é o seu maior patrimônio. Honre-a até quando for desconfortável.
tw_289,tw/tw_289.jpg,"Não dá para saber o quanto falta para o resultado, e é isso que torna difícil continuar. Por isso vale medir o progresso do processo: tarefas feitas, contatos realizados, contas conferidas. Isso mostra que o trabalho está acontecendo.

Leonardo Rezende
Especialista em dívidas empresariais

#persistencia #nuncadesista #processo #empreendedorismo #mentalidade",pronto,Ninguém vê o ano inteiro de trabalho por trás de um resultado. Todo mundo vê só o dia em que ele apareceu. Por isso tanta gente desiste um dia antes.
tw_290,tw/tw_290.jpg,"Antes de negociar uma dívida, saiba quanto pode pagar por mês, em quanto tempo e qual é o seu limite. Com isso definido, você recusa proposta ruim sem hesitar. Clareza sobre os próprios números dá firmeza à conversa.

Leonardo Rezende
Especialista em dívidas empresariais

#clareza #negociacao #objetivos #dividasempresariais #gestaodepassivos",pronto,Clareza é uma forma de poder. Quem sabe exatamente o que quer perde menos tempo com o que não quer.
tw_291,tw/tw_291.jpg,"Por trás de uma decisão favorável tem leitura de contrato, análise de documentos e muita revisão. O cliente costuma ver só o desfecho, por isso gosto de explicar as etapas. Resultado é fruto de trabalho, e entender isso ajuda a ter paciência.

Leonardo Rezende
Especialista em dívidas empresariais

#trabalhobemfeito #bastidores #estudo #advocacia #direito",pronto,"Muita gente enxerga o resultado final de uma sentença favorável. Poucos enxergam as semanas de estudo, pesquisa e escrita que a antecederam."
tw_292,tw/tw_292.jpg,"Acompanhar concorrente e colega pode inspirar, mas em excesso rouba tempo e ânimo. Defina um horário curto para olhar o mercado e volte para o seu trabalho. O seu progresso depende do que você entrega.

Leonardo Rezende
Especialista em dívidas empresariais

#comparacao #foco #produtividade #empreendedorismo #mentalidade",pronto,Ninguém evolui olhando a vida dos outros. Quem passa o dia observando o progresso alheio esquece de produzir o próprio.
tw_293,tw/tw_293.jpg,"A rotina de revisar e atualizar não rende aplauso, mas mantém o trabalho em dia com o que os tribunais estão decidindo. Em qualquer profissão, atualização constante evita agir com informação velha. Vale reservar horas fixas para isso.

Leonardo Rezende
Especialista em dívidas empresariais

#jurisprudencia #estudo #atualizacao #advocacia #direito",pronto,"Estudar jurisprudência, atualizar teses e reescrever peças: parece repetitivo. Mas é exatamente o que separa o advogado comum do advogado preparado."
tw_294,tw/tw_294.jpg,"Credibilidade se constrói com pequenos compromissos cumpridos. Se você disse que manda o documento até sexta, mande. Se não vai conseguir, avise. Com o tempo, o seu nome vira sinônimo de confiança, ou do contrário.

Leonardo Rezende
Especialista em dívidas empresariais

#credibilidade #compromisso #palavra #empreendedorismo #advocacia",pronto,Existe um tipo de pessoa que: fala muito sobre o que vai fazer. Faz pouco do que prometeu. E se surpreende quando ninguém mais acredita.
tw_295,tw/tw_295.jpg,"Motivação vai e volta, hábito segue mesmo sem vontade. Em vez de esperar o ânimo para conferir o caixa, defina um dia e um horário fixos na semana e transforme isso em rotina. Assim o plano funciona até nas semanas ruins.

Leonardo Rezende
Especialista em dívidas empresariais

#habitos #motivacao #rotina #empreendedorismo #gestaoempresarial",pronto,"Se o seu plano precisa de motivação diária para funcionar, ele está mal desenhado. Planos que duram dependem de hábito, não de ânimo."
tw_296,tw/tw_296.jpg,"Vinte minutos por dia de leitura sobre o seu mercado, sobre crédito ou sobre gestão somam mais do que uma maratona de fim de semana que você não repete. A repetição fixa o conhecimento, e um hábito diário é mais fácil de manter.

Leonardo Rezende
Especialista em dívidas empresariais

#estudo #aprendizado #habitos #advocacia #empreendedorismo",pronto,Estudar também é treino. Todo dia um pouco. Quem estuda pouco por muitos anos sabe mais do que quem estuda muito por alguns meses.
tw_297,tw/tw_297.jpg,"Por muito tempo ninguém repara no seu esforço, e isso desanima. Mas quando o negócio estabiliza ou a dívida começa a cair, o resultado fala por você. Até lá, mantenha o trabalho sem esperar elogio.

Leonardo Rezende
Especialista em dívidas empresariais

#constancia #disciplina #resultado #dividasempresariais #empreendedorismo",pronto,"O difícil de fazer todo dia é que não tem plateia. O bom de fazer todo dia é que, uma hora, o resultado vira a plateia."
tw_298,tw/tw_298.jpg,"Comece com vinte minutos sem interrupção, depois aumente para trinta, quarenta. Foco é uma capacidade que cresce com a prática. Deixe o celular em outra sala e feche as abas que não têm a ver com a tarefa.

Leonardo Rezende
Especialista em dívidas empresariais

#foco #concentracao #produtividade #mentalidade #empreendedorismo",pronto,Nada de grande se constrói com a mente dispersa. Treine o foco como se treina um músculo. Todo dia um pouco mais.
tw_299,tw/tw_299.jpg,"Todo hábito novo tem fases de resistência, seja organizar as contas toda sexta ou revisar o fluxo de caixa. Saber que a primeira e a terceira semana são as mais duras ajuda a não desistir. Depois, a rotina começa a andar sozinha.

Leonardo Rezende
Especialista em dívidas empresariais

#habitos #rotina #constancia #empreendedorismo #gestaofinanceira",pronto,"O mais difícil de qualquer hábito é a primeira semana. O segundo mais difícil é a terceira. Depois disso, o difícil é parar."
tw_300,tw/tw_300.jpg,"Tem empresário que acerta aos vinte e cinco anos e outro só depois dos cinquenta. Cada negócio tem o seu ritmo de maturação. Em vez de se cobrar por um prazo que não é seu, continue cuidando do básico: caixa, clientes e aprendizado.

Leonardo Rezende
Especialista em dívidas empresariais

#paciencia #crescimento #evolucao #empreendedorismo #mentalidade",pronto,Cada pessoa tem um tempo próprio de florescer. Respeite o seu e continue regando.
tw_301,tw/tw_301.jpg,"Ninguém tem tempo sobrando, a agenda já vem cheia. O que muda é o que você aceita tirar dela: a reunião sem pauta, a meia hora de celular, a tarefa que só você insiste em fazer. Anote onde suas horas vão por uma semana e corte o primeiro item da lista.

Leonardo Rezende
Especialista em dívidas empresariais

#gestaodotempo #produtividade #prioridades #empreendedorismo #gestaodepassivos",pronto,"A pergunta não é “como arrumo tempo?”. É “o que eu deixo de fazer para ter tempo?”. Quem responde com honestidade, muda de vida."
tw_302,tw/tw_302.jpg,"Motivação oscila, e a conta do mês não espera o seu humor. Se o trabalho só anda nos dias bons, o resultado fica pequeno. Defina um horário fixo para o que importa e comece mesmo sem vontade. Quase sempre a vontade chega depois que você começou.

Leonardo Rezende
Especialista em dívidas empresariais

#disciplina #rotina #habitos #empreendedorismo #mentalidade",pronto,"Quem treina só quando está motivado, treina pouco. Quem estuda só quando está animado, estuda pouco. Quem trabalha só quando está inspirado, trabalha pouco."
tw_303,tw/tw_303.jpg,"Num negócio, quem só concorda com você não ajuda a enxergar o furo no caixa, na cláusula do contrato ou na estratégia. Procure um sócio, um contador ou um colega que aponte o problema com educação. Crítica feita com respeito custa bem menos que o erro descoberto tarde.

Leonardo Rezende
Especialista em dívidas empresariais

#feedback #crescimento #criticaconstrutiva #empreendedorismo #advocacia",pronto,Cuidado com quem te diz que está tudo bem sempre. Crescimento exige crítica. Procure quem te fale a verdade com respeito.
tw_304,tw/tw_304.jpg,"Analisar um contrato com o celular apitando e três abas abertas é receita para algo passar batido. Atenção dividida gera erro pequeno, e erro pequeno vira retrabalho. Separe blocos de uma hora, com notificação desligada, para as tarefas que exigem cabeça.

Leonardo Rezende
Especialista em dívidas empresariais

#concentracao #foconotrabalho #atencao #advocacia #mentalidade",pronto,Concentração é uma forma de respeito pelo que você faz. Trabalho sério merece atenção inteira.
tw_305,tw/tw_305.jpg,"Na prática, é ler o documento até o fim, conferir datas e valores duas vezes e avisar o cliente do andamento sem ele precisar perguntar. Nada disso é glamouroso. Mas é o que evita a maior parte dos problemas que aparecem depois.

Leonardo Rezende
Especialista em dívidas empresariais

#advocacia #disciplina #trabalhobemfeito #atencaoaosdetalhes #dividasempresariais",pronto,"A advocacia é feita de pequenas disciplinas: ler tudo, conferir tudo, perguntar mais, responder antes de ser cobrado."
tw_306,tw/tw_306.jpg,"Comparar o seu começo com o meio de carreira de outra pessoa é injusto. A primeira venda, o primeiro contrato e a primeira audiência costumam sair tortos para todo mundo. O que conta é repetir, corrigir e repetir de novo.

Leonardo Rezende
Especialista em dívidas empresariais

#evolucao #iniciante #persistencia #empreendedorismo #mentalidade",pronto,Quem nunca foi iniciante não entende de evolução. Todo mundo que admiramos começou ruim. A diferença é que não parou.
tw_307,tw/tw_307.jpg,"Em semana pesada ninguém rende o ideal. Mas responder aquele e-mail importante, pagar a conta certa ou revisar uma página já mantém o fio da meada. Zerar o dia deixa a volta no dia seguinte muito mais difícil.

Leonardo Rezende
Especialista em dívidas empresariais

#constancia #rotina #minimo #empreendedorismo #gestaodepassivos",pronto,Tem dia em que o máximo que você consegue fazer é o mínimo. Faça o mínimo. O que não pode é zerar.
tw_308,tw/tw_308.jpg,"Quem está no meio de uma fase difícil, com a empresa apertada e dívida na mesa, nem sempre enxerga a saída. Muita gente só entende depois que cada passo diário contava. Faça o que está ao seu alcance hoje, sem esperar o quadro inteiro melhorar.

Leonardo Rezende
Especialista em dívidas empresariais

#perseveranca #nuncadesista #esforco #dividasempresariais #empreendedorismo",pronto,Um dia você vai olhar para trás e agradecer por não ter desistido. Que esse dia chegue mais cedo com o seu esforço de hoje.
tw_309,tw/tw_309.jpg,"Pense em dois funcionários: um que só cumpre horário e outro que se importa com o que sai da sua mão. A entrega é bem diferente. Vale se perguntar em qual dos três níveis você está hoje e o que mudaria para subir um degrau.

Leonardo Rezende
Especialista em dívidas empresariais

#oficio #responsabilidade #trabalhobemfeito #advocacia #mentalidade",pronto,Quem trata o trabalho como obrigação faz o mínimo. Quem trata como responsabilidade faz o necessário. Quem trata como ofício faz o melhor.
tw_310,tw/tw_310.jpg,"A régua mais justa é você mesmo, e a melhoria não precisa ser grande. Pode ser atender o cliente mais rápido, organizar a planilha de contas ou começar a reunião com pauta. No fim da semana, esses ajustes pequenos já aparecem.

Leonardo Rezende
Especialista em dívidas empresariais

#evolucao #melhoriacontinua #autoconhecimento #empreendedorismo #mentalidade",pronto,"Evolução é uma conversa constante com a versão anterior de você. Todo dia, pergunte: o que eu posso fazer melhor que ontem?"
tw_311,tw/tw_311.jpg,"Aquele sócio que segurou a barra, a equipe que virou a noite, o cliente que confiou no começo. Um agradecimento direto leva um minuto e fortalece a relação de um jeito que dinheiro não compra. Mande a mensagem hoje, sem esperar data especial.

Leonardo Rezende
Especialista em dívidas empresariais

#gratidao #relacionamentos #lideranca #empreendedorismo #mentalidade",pronto,Não adie gratidão. Agradeça enquanto a pessoa ainda está por perto. Palavra boa dita a tempo vale mais do que homenagem tardia.
tw_312,tw/tw_312.jpg,"Dá para ver isso em quem quer renegociar uma dívida, abrir um negócio ou organizar as contas e vai empurrando. O momento perfeito é uma desculpa elegante. Comece pelo que cabe hoje: juntar os papéis, listar os valores, abrir a primeira planilha.

Leonardo Rezende
Especialista em dívidas empresariais

#procrastinacao #comecar #acao #dividasempresariais #empreendedorismo",pronto,"Existe um tipo de pessoa que espera o momento perfeito para começar, espera ter mais tempo, espera se sentir pronta. Enquanto isso, o tempo passa e o momento nunca vem."
tw_313,tw/tw_313.jpg,"Isso não é trabalhar sem parar. É resolver primeiro o que pesa e deixar o descanso para quando a tarefa estiver feita, aí ele rende de verdade. Descansar com pendência na cabeça não repõe energia nenhuma.

Leonardo Rezende
Especialista em dívidas empresariais

#foco #descanso #prioridades #produtividade #empreendedorismo",pronto,"Foco hoje, descanso depois. Não o contrário. Quem inverte essa ordem descansa culpado e trabalha atrasado."
tw_314,tw/tw_314.jpg,"Mesmo com anos de experiência, sempre aparece uma regra que mudou, uma tese nova ou um colega que sabe algo que você não sabe. Admitir isso não tira autoridade de ninguém. Quem pergunta cedo evita errar caro depois.

Leonardo Rezende
Especialista em dívidas empresariais

#humildade #aprendizado #evolucao #advocacia #mentalidade",pronto,Humildade não é se achar menos. É se achar disposto a aprender mais.
tw_315,tw/tw_315.jpg,"Quando você muda de nível, uns se afastam e outros estranham. Isso incomoda, mas é comum. Escute quem soma, filtre o resto e siga no seu ritmo. O seu progresso não precisa da autorização de ninguém.

Leonardo Rezende
Especialista em dívidas empresariais

#crescimento #evolucao #foco #empreendedorismo #mentalidade",pronto,Nem todo mundo vai torcer pelo seu crescimento. Algumas pessoas só gostam de você enquanto você está onde elas esperam. Continue crescendo mesmo assim.
tw_316,tw/tw_316.jpg,"Quem espera o relatório ficar perfeito para enviar costuma estourar o prazo. Entregue uma versão boa, receba retorno e ajuste. A cada rodada o trabalho melhora, e você ganha tempo em vez de perder.

Leonardo Rezende
Especialista em dívidas empresariais

#evolucao #perfeccionismo #produtividade #empreendedorismo #advocacia",pronto,"Cobre-se por evolução, não por perfeição. Perfeição trava. Evolução liberta e dá movimento."
tw_317,tw/tw_317.jpg,"Fazer a tarefa difícil logo cedo incomoda por alguns minutos. Já o arrependimento por um prazo perdido ou por uma conta que virou bola de neve acompanha por muito mais tempo. Vale lembrar disso na hora em que a preguiça bate.

Leonardo Rezende
Especialista em dívidas empresariais

#disciplina #rotina #responsabilidade #gestaodepassivos #empreendedorismo",pronto,Toda manhã você escolhe entre duas dores: a dor da disciplina ou a dor do arrependimento. A primeira pesa gramas. A segunda pesa toneladas.
tw_318,tw/tw_318.jpg,"Uma melhoria pequena por ano parece nada quando você olha de perto. Duas décadas depois, é outra pessoa e outra empresa. Pense no longo prazo, mas aja no pequeno de cada semana.

Leonardo Rezende
Especialista em dívidas empresariais

#evolucao #longoprazo #constancia #empreendedorismo #mentalidade",pronto,"A vida não é sobre ser perfeito. É sobre ser um pouco melhor a cada ano. Em vinte anos, isso muda tudo."
tw_319,tw/tw_319.jpg,"O que você faz sozinho, sem cobrança, é o que de fato define o seu nível. Vale para conferir um contrato, fechar o caixa ou estudar o que ninguém pediu. Trabalhe como se o resultado fosse ser visto, mesmo quando não for.

Leonardo Rezende
Especialista em dívidas empresariais

#integridade #disciplina #autoresponsabilidade #empreendedorismo #advocacia",pronto,"Existe um tipo de pessoa que trabalha duro quando alguém está olhando, relaxa quando ninguém vê e depois não entende por que não evolui."
tw_320,tw/tw_320.jpg,"Você organiza a documentação, mantém as contas em dia e negocia com calma, e por um tempo parece que nada acontece. Só que é esse trabalho quieto que sustenta o resultado depois. Impaciência costuma levar a decisões piores.

Leonardo Rezende
Especialista em dívidas empresariais

#paciencia #maturidade #longoprazo #gestaodepassivos #empreendedorismo",pronto,A ansiedade quer a colheita no dia do plantio. A maturidade aprende a regar em silêncio.
tw_321,tw/tw_321.jpg,"Talento abre a porta, mas quem fica na sala é quem aparece todo dia. Duas pessoas igualmente capazes se separam pela frequência com que treinam, estudam ou entregam. Constância é uma escolha que qualquer um pode fazer.

Leonardo Rezende
Especialista em dívidas empresariais

#constancia #talento #disciplina #empreendedorismo #advocacia",pronto,Constância é o talento dos que não têm talento. E também o diferencial dos que têm.
tw_322,tw/tw_322.jpg,"Numa negociação com cliente, sócio ou fornecedor, quem reconhece o erro e escuta com atenção resolve em minutos o que viraria briga de meses. Mudar de opinião diante de um bom argumento é sinal de maturidade, não de fraqueza.

Leonardo Rezende
Especialista em dívidas empresariais

#inteligenciaemocional #comunicacao #escuta #negociacao #empreendedorismo",pronto,"Aprender a pedir desculpas, a ouvir e a mudar de opinião: três habilidades que quase ninguém ensina e que mudam a vida inteira."
tw_323,tw/tw_323.jpg,"Ninguém decide perder o dia. Ele vai sumindo em pedacinhos que parecem inofensivos. Experimente conferir quanto tempo o celular consome em uma semana. O número costuma surpreender e é um bom ponto de partida para recuperar horas.

Leonardo Rezende
Especialista em dívidas empresariais

#gestaodotempo #foco #distracao #produtividade #mentalidade",pronto,Cinco minutos a mais na cama. Mais um episódio. Só mais uma olhada no celular. É assim que um dia inteiro escorre pelos dedos.
tw_324,tw/tw_324.jpg,"Vale para qualquer profissão: o diploma na parede não garante a qualidade do serviço. O que conta é estudar as mudanças, acompanhar cada caso de perto e assumir a responsabilidade pelo que entrega. É esse o padrão que eu procuro seguir.

Leonardo Rezende
Especialista em dívidas empresariais

#advocacia #profissionalismo #responsabilidade #atualizacao #mentalidade",pronto,"Existe uma diferença entre ser advogado e estar advogado. O primeiro estuda, atualiza-se e responde pelo que faz. O segundo só carrega o título."
tw_325,tw/tw_325.jpg,"Um negócio que deu errado, uma ação perdida ou uma dívida que saiu do controle são eventos. Eles doem, ensinam e passam. Fracasso de verdade é parar de tentar de outro jeito. Analise o que aconteceu, ajuste e siga.

Leonardo Rezende
Especialista em dívidas empresariais

#aprendercomerros #resiliencia #falhar #dividasempresariais #empreendedorismo",pronto,Há uma diferença grande entre falhar e ser um fracasso. A primeira é um evento. A segunda é uma desistência.
tw_326,tw/tw_326.jpg,"Respeito costuma ser consequência de entrega consistente: cumprir o combinado, avisar quando vai atrasar, resolver o que prometeu. Em pouco tempo as pessoas passam a confiar em você sem que precise cobrar reconhecimento.

Leonardo Rezende
Especialista em dívidas empresariais

#respeito #dedicacao #reputacao #trabalhobemfeito #advocacia",pronto,Quem trabalha com dedicação não precisa pedir respeito. Ele chega por conta própria.
tw_327,tw/tw_327.jpg,"A empolgação do primeiro dia dura pouco. O que leva a obra até o fim é ter horário, lista e hábito. Com a rotina montada, você não precisa decidir toda manhã se vai fazer ou não, simplesmente faz.

Leonardo Rezende
Especialista em dívidas empresariais

#disciplina #motivacao #rotina #habitos #empreendedorismo",pronto,Disciplina não é sentir vontade. É fazer o que precisa ser feito justamente no dia em que a vontade não aparece. Motivação começa a obra. Rotina termina.
tw_328,tw/tw_328.jpg,"O que você faz entre a primeira hora da manhã e o fim do expediente, repetido por meses, define quem você será daqui a alguns anos. Olhe a sua agenda de ontem e pergunte: se eu repetir isso por cinco anos, onde eu chego?

Leonardo Rezende
Especialista em dívidas empresariais

#rotina #futuro #habitos #disciplina #mentalidade",pronto,"Sua rotina de hoje é o currículo do seu futuro. Ele é escrito em silêncio, um dia de cada vez."
tw_329,tw/tw_329.jpg,"Esperar um grande dia de virada costuma ser só adiamento. O que muda a rotina de um negócio é fechar o caixa todo dia, responder o fornecedor e terminar a tarefa que ficou aberta. Parece pouco, mas soma.

Leonardo Rezende
Especialista em dívidas empresariais

#habitos #pequenasdecisoes #constancia #gestaoempresarial #empreendedorismo",pronto,"Pequenas decisões diárias: acordar na hora, estudar antes de se distrair, terminar o que começou. É disso que uma vida melhor é feita. Nunca de um grande dia."
tw_330,tw/tw_330.jpg,"Numa negociação com banco, por exemplo, às vezes o melhor é aguardar uma resposta e outras vezes é voltar com nova proposta. Errar o momento custa caro. Observe o cenário antes de decidir se é hora de esperar ou de agir.

Leonardo Rezende
Especialista em dívidas empresariais

#sabedoria #paciencia #decisoes #negociacao #gestaodepassivos",pronto,Esperar é uma habilidade. Insistir é outra. Saber quando usar cada uma é o que chamamos de sabedoria.
tw_331,tw/tw_331.jpg,"Planejar o dia seguinte, deixar a pauta pronta e manter horário fixo tira a decisão das suas costas. Assim o trabalho acontece até no dia ruim. Estrutura vale mais do que empolgação passageira.

Leonardo Rezende
Especialista em dívidas empresariais

#habitos #motivacao #estrutura #rotina #empreendedorismo",pronto,"Não existe motivação eterna. Existe hábito, estrutura e a decisão de continuar. O resto é sorte de dia bom."
tw_332,tw/tw_332.jpg,"Apagar incêndio o dia inteiro dá sensação de produtividade, mas deixa de lado o que traria estabilidade, como organizar o fluxo de caixa ou revisar contratos. Reserve uma hora por dia só para o importante, antes de abrir as urgências.

Leonardo Rezende
Especialista em dívidas empresariais

#prioridades #gestaodotempo #foconotrabalho #gestaoempresarial #empreendedorismo",pronto,"Cada vez que você troca o essencial pelo urgente, perde um pedaço do que importa. Aprenda a diferença entre os dois."
tw_333,tw/tw_333.jpg,"Sem horário, sem lista e sem fechamento do dia, quem decide a sua agenda são as pressões dos outros. Montar uma rotina simples, mesmo imperfeita, devolve a você o controle sobre o próprio tempo.

Leonardo Rezende
Especialista em dívidas empresariais

#rotina #organizacao #gestaodotempo #empreendedorismo #mentalidade",pronto,"Se você não cuida da rotina, a rotina cuida de você. E raramente com carinho."
tw_334,tw/tw_334.jpg,"Empresário sem rotina vive correndo atrás do que estourou. Com horários fixos para financeiro, equipe e clientes, o imprevisto ainda aparece, mas encontra espaço para ser resolvido. Organização dá mais liberdade, não menos.

Leonardo Rezende
Especialista em dívidas empresariais

#rotina #organizacao #liberdade #gestaoempresarial #empreendedorismo",pronto,A rotina não tira a liberdade. A falta dela é que tira. Quem não organiza o dia vira refém do imprevisto.
tw_335,tw/tw_335.jpg,"Reerguer uma empresa, quitar passivo ou construir uma carreira são caminhos longos. Vai ter dia de avanço e dia de recuo. A regra é não abandonar o processo, porque os ajustes e os aprendizados vêm durante o caminho.

Leonardo Rezende
Especialista em dívidas empresariais

#persistencia #longoprazo #continuar #gestaodepassivos #dividasempresariais",pronto,Uma jornada longa só tem uma regra: continue. Todo o resto se resolve com o tempo.
tw_336,tw/tw_336.jpg,"Liderar começa pelo básico: cumprir horário, honrar o que combinou, manter a casa em ordem. A equipe observa o que você faz mais do que o que você diz. Quem lidera a si mesmo já deu o primeiro passo para conduzir os outros.

Leonardo Rezende
Especialista em dívidas empresariais

#lideranca #exemplo #autolideranca #empreendedorismo #mentalidade",pronto,"Vivemos em uma era em que todo mundo quer ser admirado, mas poucos querem ser exemplo. Todo mundo quer ser seguido, mas poucos sabem liderar a si mesmos."
tw_337,tw/tw_337.jpg,"Reduzir um pouco da dívida todo mês, melhorar um pouco o processo toda semana. Parece devagar, mas é movimento. Parado, a gente chama de estabilidade o que na verdade é só comodidade.

Leonardo Rezende
Especialista em dívidas empresariais

#progresso #constancia #evolucao #dividasempresariais #mentalidade",pronto,O progresso lento ainda é progresso. O progresso nenhum é só conforto.
tw_338,tw/tw_338.jpg,"A cobrança que diz “preciso melhorar isso” leva a agir. A que diz “eu sou ruim nisso” só trava. Repare qual das duas está falando mais alto e troque a frase por outra que indique o próximo passo prático.

Leonardo Rezende
Especialista em dívidas empresariais

#autocobranca #autoconhecimento #evolucao #empreendedorismo #mentalidade",pronto,A cobrança interna certa te move. A cobrança interna errada te paralisa. Saiba a diferença.
tw_339,tw/tw_339.jpg,"Conciliar as contas, conferir o que entrou e saiu, responder o que ficou pendente. Ninguém aplaude isso, mas é o que mantém uma empresa de pé. Antes de buscar solução sofisticada, confirme se o básico está em ordem.

Leonardo Rezende
Especialista em dívidas empresariais

#basico #trabalhobemfeito #disciplina #gestaoempresarial #empreendedorismo",pronto,"Toda grande mudança começa com uma coisa chata: fazer o básico bem feito, todos os dias, sem aplauso."
tw_340,tw/tw_340.jpg,"Ouvir o cliente com calma revela detalhes que mudam a estratégia inteira. Ler o processo até o fim evita surpresa. E falar na hora certa pesa mais do que falar muito. Isso vale para qualquer profissional.

Leonardo Rezende
Especialista em dívidas empresariais

#advocacia #escuta #comunicacao #profissionalismo #mentalidade",pronto,"O melhor advogado nem sempre é o que mais fala. Muitas vezes é o que mais ouve, mais lê e mais sabe o momento exato de falar."
tw_341,tw/tw_341.jpg,"É nos dias de pressão, com prazo apertado ou problema grande, que as pessoas enxergam quem você é. Cumprir o que falou, mesmo quando custa, vale mais do que qualquer discurso sobre valores.

Leonardo Rezende
Especialista em dívidas empresariais

#respeito #coerencia #reputacao #lideranca #advocacia",pronto,"Respeito não se exige. Constrói-se com coerência, palavra cumprida e postura nos dias difíceis."
tw_342,tw/tw_342.jpg,"Estar ocupado é responder tudo que chega. Ser produtivo é decidir antes quais três coisas precisam sair hoje. Anote essas três na noite anterior, e a manhã já começa com direção.

Leonardo Rezende
Especialista em dívidas empresariais

#produtividade #planejamento #prioridades #gestaodotempo #empreendedorismo",pronto,A pessoa mais ocupada nem sempre é a mais produtiva. Produtivo é quem sabe o que fazer antes de começar o dia.
tw_343,tw/tw_343.jpg,"Vinte minutos de rolagem aqui, dez ali, e no fim do ano são semanas inteiras. O tempo é uma moeda, e o scroll infinito é um gasto que passa sem a gente notar. Defina horários para olhar as redes e cumpra.

Leonardo Rezende
Especialista em dívidas empresariais

#foco #distracao #gestaodotempo #produtividade #mentalidade",pronto,"Evite a armadilha do “só mais um pouquinho” de rolagem. Esse pouquinho, somado, é um mês perdido por ano."
tw_344,tw/tw_344.jpg,"Conferir o número da folha, revisar a vírgula de um valor, checar o anexo antes de enviar. O cliente talvez nunca perceba, mas é essa atenção que evita o erro lá na frente.

Leonardo Rezende
Especialista em dívidas empresariais

#atencaoaosdetalhes #trabalhobemfeito #profissionalismo #advocacia #empreendedorismo",pronto,"Em toda profissão séria, a diferença está nos detalhes que ninguém vê. Faça bem feito, mesmo sem plateia."
tw_345,tw/tw_345.jpg,"Todo mundo tem ideia boa, poucos entregam até o fim. Antes de abrir um projeto novo, olhe o que está pendente. Fechar o que já foi iniciado libera a cabeça e cria fama de quem cumpre.

Leonardo Rezende
Especialista em dívidas empresariais

#execucao #conclusao #foco #empreendedorismo #mentalidade",pronto,"Seja a pessoa que termina o que começa. Num mundo cheio de projetos pela metade, isso já é um diferencial enorme."
tw_346,tw/tw_346.jpg,"Silenciar grupo, fechar abas e deixar o celular em outra mesa causa estranhamento nos primeiros dias. Depois, o trabalho que levava duas horas passa a levar uma. Teste por uma semana e compare.

Leonardo Rezende
Especialista em dívidas empresariais

#foco #distracao #concentracao #produtividade #empreendedorismo",pronto,Cortar distração dói no começo. Depois dá espaço. Depois dá resultado.
tw_347,tw/tw_347.jpg,"Em dívida e em gestão, atalho costuma ter pegadinha: promessa de limpar nome rápido, acordo assinado sem ler o contrato, solução mágica. Prefira o caminho com documento, conta feita e entendimento do que está sendo assinado.

Leonardo Rezende
Especialista em dívidas empresariais

#atalhos #caminhocerto #prudencia #dividasempresariais #gestaodepassivos",pronto,"Quem busca atalho aprende a lição do jeito mais caro. Quem escolhe o caminho certo cansa, mas chega."
tw_348,tw/tw_348.jpg,"Dar uma olhada no andamento, mesmo sem prazo correndo, permite perceber uma decisão ou uma intimação cedo. A rotina de acompanhar evita o susto de última hora. Serve também para quem acompanha as pendências da própria empresa.

Leonardo Rezende
Especialista em dívidas empresariais

#advocacia #disciplina #acompanhamento #prazos #dividasempresariais",pronto,Disciplina na advocacia é abrir o processo todos os dias. Mesmo quando ele não está na urgência. Quem acompanha não é pego de surpresa.
tw_349,tw/tw_349.jpg,"Um ano tem centenas de dias de chance para acertar um pouquinho. Conferir, pagar em dia e organizar a papelada com regularidade acumula um efeito maior do que muita iniciativa grandiosa que não se sustenta.

Leonardo Rezende
Especialista em dívidas empresariais

#constancia #habitos #trabalhobemfeito #empreendedorismo #mentalidade",pronto,Não subestime o poder de um ano inteiro de pequenas coisas feitas direito.
tw_350,tw/tw_350.jpg,"O primeiro balanço que você monta e a primeira negociação que conduz vão ficar abaixo do que você queria. É a fase em que quase todo mundo larga. Aceite o desconforto, peça retorno e continue.

Leonardo Rezende
Especialista em dívidas empresariais

#aprendizado #evolucao #persistencia #empreendedorismo #mentalidade",pronto,"Se você quer ser bom em algo, aceite ser ruim por um tempo. Quase todo mundo desiste nessa fase."
tw_351,tw/tw_351.jpg,"Vale mais uma hora honesta de trabalho todos os dias do que um surto de capricho uma vez por mês. A regularidade cria ritmo, e o ritmo é o que sustenta o resultado a longo prazo.

Leonardo Rezende
Especialista em dívidas empresariais

#presenca #constancia #rotina #trabalhobemfeito #empreendedorismo",pronto,Cobre-se menos perfeição e mais presença. Presença todo dia constrói. Perfeição de vez em quando só enfeita.
tw_352,tw/tw_352.jpg,"Depois que você entende como funcionam juros, prazos e garantias, não consegue mais assinar um contrato como antes. Estudar muda o olhar de forma permanente. Reserve um tempo por semana para aprender algo novo sobre o seu negócio.

Leonardo Rezende
Especialista em dívidas empresariais

#aprendizado #estudo #conhecimento #gestaodepassivos #empreendedorismo",pronto,A mente que cresce não volta ao tamanho antigo. Cada aprendizado amplia o que você enxerga. Continue ampliando.
tw_353,tw/tw_353.jpg,"Numa conversa com cliente, sócio ou funcionário, deixar a pessoa terminar a frase evita mal-entendido e mostra respeito. Muitas vezes a informação mais importante vem justamente no final da explicação.

Leonardo Rezende
Especialista em dívidas empresariais

#escuta #comunicacao #respeito #lideranca #advocacia",pronto,Aprenda a ouvir sem interromper. Dar atenção a quem fala é o maior elogio que existe.
tw_354,tw/tw_354.jpg,"Dizer não a reunião sem objetivo, a pedido de última hora e a distração tem um custo, mas protege o que realmente importa. Escolha poucas frentes e coloque energia de verdade nelas.

Leonardo Rezende
Especialista em dívidas empresariais

#foco #prioridades #energia #empreendedorismo #mentalidade",pronto,Ter foco não é ser rígido. É saber a quem dar sua energia e a quem negá-la.
tw_355,tw/tw_355.jpg,"Planilha de oitenta abas não paga dívida. Defina três ações para a semana, faça e ajuste na seguinte. Um plano simples colocado em prática ensina mais do que um perfeito esquecido na gaveta.

Leonardo Rezende
Especialista em dívidas empresariais

#execucao #planejamento #acao #gestaodepassivos #empreendedorismo",pronto,"Menos planejamento infinito, mais execução simples. O plano perfeito não existe, mas o plano executado, sim."
tw_356,tw/tw_356.jpg,"Notificação, ambiente barulhento e demanda dos outros atrapalham mesmo. Só que o ajuste está nas suas mãos: desligar alertas, combinar um horário sem interrupção, avisar a equipe. Comece por uma mudança só.

Leonardo Rezende
Especialista em dívidas empresariais

#foco #controle #concentracao #produtividade #mentalidade",pronto,A culpa pela falta de foco nem sempre é sua. Mas a decisão de tomar de volta o controle é.
tw_357,tw/tw_357.jpg,"Dez pendências na cabeça travam qualquer um. Coloque tudo no papel, escolha uma e resolva antes de passar para a próxima. Ver a lista diminuir alivia mais do que ficar remoendo o que falta.

Leonardo Rezende
Especialista em dívidas empresariais

#foco #organizacao #umacoisaporvez #gestaodepassivos #empreendedorismo",pronto,A ansiedade nasce quando a mente está em dez lugares. O foco nasce quando ela está em um só.
tw_358,tw/tw_358.jpg,"Trabalho que exige cabeça, como analisar um contrato ou fechar um balanço, pede silêncio. Reserve um bloco curto, feche tudo e fique só com a tarefa. Quarenta minutos de verdade rendem mais do que duas horas picotadas.

Leonardo Rezende
Especialista em dívidas empresariais

#foco #concentracao #trabalhoprofundo #produtividade #advocacia",pronto,"Aprenda a ficar sozinho com o que precisa ser feito. Sem música alta, sem notificação, sem desculpa. Tarefa e você."
tw_359,tw/tw_359.jpg,"Prazo perdido raramente tem conserto fácil, seja de processo, de pagamento ou de entrega. Anote com antecedência, coloque alerta dois dias antes e confira de novo no dia. Agenda organizada poupa muita dor de cabeça.

Leonardo Rezende
Especialista em dívidas empresariais

#prazos #organizacao #agenda #advocacia #gestaodepassivos",pronto,"Prazo não perdoa. Não importa o motivo, o cansaço ou a desculpa. Quem organiza a agenda antes protege o cliente e a si mesmo."
tw_360,tw/tw_360.jpg,"Um por cento é pouco para ser notado em um dia, mas acumulado muda o quadro. Escolha um ponto para melhorar hoje, como responder mais rápido ou conferir uma conta a mais. Amanhã, escolha outro.

Leonardo Rezende
Especialista em dívidas empresariais

#evolucao #melhoriacontinua #habitos #empreendedorismo #mentalidade",pronto,Todo dia você pode escolher: evoluir um pouco ou ficar igual com mais desculpas. Um por cento por dia já muda tudo.
tw_361,tw/tw_361.jpg,"Começo empolgado é fácil. Difícil é manter na terceira semana, quando a novidade passou. Combine metas que cabem na sua rotina real, porque pouco todo dia vale mais do que muito durante quinze dias.

Leonardo Rezende
Especialista em dívidas empresariais

#constancia #persistencia #habitos #empreendedorismo #mentalidade",pronto,"Existe um tipo de pessoa que quer crescer rápido, mas desiste devagar. Começa com tudo e some em duas semanas. Depois diz que não era para ela."
tw_362,tw/tw_362.jpg,"Quem olha de fora enxerga o momento de destaque, mas por trás dele há uma década de audiências, planilhas e conversas difíceis feitas direito. Valorize o dia comum, porque é nele que a carreira é construída.

Leonardo Rezende
Especialista em dívidas empresariais

#carreira #constancia #longoprazo #advocacia #empreendedorismo",pronto,Uma carreira não se faz em um ano de glória. Faz-se em dez anos de dias normais bem executados.
tw_363,tw/tw_363.jpg,"Cada tarefa aberta fica ocupando espaço na sua cabeça. Terminar uma pendência dá alívio imediato. Antes de abrir uma frente nova, feche duas das antigas e perceba a diferença na sua disposição.

Leonardo Rezende
Especialista em dívidas empresariais

#conclusao #foco #produtividade #organizacao #gestaoempresarial",pronto,"A mente cansa mais com o que não terminou do que com o que fez. Conclua mais, comece menos."
tw_364,tw/tw_364.jpg,"Perfeccionismo é travar por medo de errar. Atenção ao detalhe é conferir valor, data e nome antes de enviar. Um nasce da insegurança, o outro nasce do cuidado, e o cliente percebe a diferença.

Leonardo Rezende
Especialista em dívidas empresariais

#atencaoaosdetalhes #cuidado #trabalhobemfeito #advocacia #mentalidade",pronto,Atenção aos detalhes não é perfeccionismo. É respeito ao cliente e ao ofício.
tw_365,tw/tw_365.jpg,"Atraso recorrente em reunião com cliente, fornecedor ou equipe vai desgastando a confiança. Se precisar atrasar, avise antes. Pontualidade é um jeito simples e barato de mostrar consideração.

Leonardo Rezende
Especialista em dívidas empresariais

#pontualidade #respeito #profissionalismo #gestaodotempo #empreendedorismo",pronto,"Respeite o tempo dos outros. Chegar atrasado todo dia é dizer, sem palavras, que o seu tempo vale mais que o deles."
tw_366,tw/tw_366.jpg,"Conversa difícil com sócio, negociação dura com credor, reunião que você prefere adiar: é nesses pontos que o avanço costuma estar. Dá para dar o primeiro passo mesmo com frio na barriga. Quase sempre é menos ruim do que parecia.

Leonardo Rezende
Especialista em dívidas empresariais

#desconforto #crescimento #coragem #dividasempresariais #empreendedorismo",pronto,Vivemos em uma geração que evita o desconforto a qualquer custo. E depois se pergunta por que não cresce. O crescimento mora do outro lado do desconforto.
tw_367,tw/tw_367.jpg,"O velho hábito de deixar para depois, de ignorar a conta, de adiar a ligação, volta de mansinho. Reconheça que ele já te serviu em outra fase, agradeça e siga com o novo combinado.

Leonardo Rezende
Especialista em dívidas empresariais

#habitos #mudanca #evolucao #autoconhecimento #mentalidade",pronto,"Todos os dias tem uma versão antiga sua tentando voltar. Seja gentil, mas firme. Ela já cumpriu o papel dela."
tw_368,tw/tw_368.jpg,"Começar exige coragem, e continuar depois que a graça passou exige teimosia. É no meio do caminho, sem novidade e sem linha de chegada à vista, que muita gente larga. Dê valor a esses passos.

Leonardo Rezende
Especialista em dívidas empresariais

#metas #persistencia #constancia #empreendedorismo #mentalidade",pronto,A parte mais difícil de qualquer meta não é o último passo. É o primeiro e o milésimo. Os do meio também contam.
tw_369,tw/tw_369.jpg,"No dia fraco, escolha uma tarefa pequena e faça. Responder um fornecedor, atualizar um controle, organizar um documento. Isso mantém o ritmo e evita aquela sensação de dia perdido.

Leonardo Rezende
Especialista em dívidas empresariais

#produtividade #constancia #rotina #empreendedorismo #mentalidade",pronto,"Tem dias em que você vai render pouco. Tudo bem. Mas renda pouco fazendo, e não zero esperando."
tw_370,tw/tw_370.jpg,"Quando é algo que a pessoa realmente quer, ela dá um jeito. Se uma tarefa está empacada, talvez falte decidir de fato fazê-la e quando. Marque dia e hora, e comece mesmo sem estar no melhor humor.

Leonardo Rezende
Especialista em dívidas empresariais

#decisao #acao #energia #procrastinacao #empreendedorismo",pronto,"A verdade é que ninguém é preguiçoso no que realmente importa. O que falta, na maioria das vezes, não é energia. É decisão. Decida primeiro. A energia aparece no caminho."
tw_371,tw/tw_371.jpg,"Repetir a mesma rotina por meses não rende história bonita, só resultado. Quem quer de verdade aguenta a parte monótona. Se hoje está chato, talvez você esteja na fase que a maioria não atravessa.

Leonardo Rezende
Especialista em dívidas empresariais

#constancia #disciplina #rotina #empreendedorismo #mentalidade",pronto,Ser constante é difícil porque é chato. Mas a chatice é justamente o filtro que separa quem quer de quem fala.
tw_372,tw/tw_372.jpg,"Continuar quando tudo vai bem é fácil. O teste vem quando não há retorno visível, como numa negociação longa ou numa empresa que ainda não respira. É nessa fase que a persistência pesa.

Leonardo Rezende
Especialista em dívidas empresariais

#persistencia #resiliencia #perseveranca #dividasempresariais #empreendedorismo",pronto,Persistência é a virtude de continuar quando não há razão aparente para isso. E é justamente aí que ela faz diferença.
tw_373,tw/tw_373.jpg,"Promessa de solução imediata para dívida ou para o caixa merece desconfiança. Resultado sólido costuma pedir tempo, análise e execução. Antes de aceitar uma saída rápida, entenda o que vem depois dela.

Leonardo Rezende
Especialista em dívidas empresariais

#longoprazo #paciencia #gestaodepassivos #dividasempresariais #empreendedorismo",pronto,Resultado grande demora. Resultado rápido costuma ser pequeno. Escolha com cuidado qual dos dois você está perseguindo.
tw_374,tw/tw_374.jpg,"Encarar por inteiro não é olhar o problema todo de uma vez, é dar atenção plena a uma parte de cada vez. Com várias dívidas, por exemplo, liste uma por uma, ordene por urgência e custo, e comece pela primeira.

Leonardo Rezende
Especialista em dívidas empresariais

#foco #organizacao #prioridades #dividasempresariais #gestaodepassivos",pronto,Só se vence o que se encara por inteiro. Olhar para tudo ao mesmo tempo só gera cansaço.
tw_375,tw/tw_375.jpg,"O básico não tem glamour, mas faz diferença: conferir o prazo, ler cada página e retornar ao cliente no horário combinado. O que separa um bom trabalho do regular é a regularidade, não a genialidade.

Leonardo Rezende
Especialista em dívidas empresariais

#advocacia #basico #constancia #profissionalismo #dividasempresariais",pronto,"Fazer o básico bem feito na advocacia já coloca você acima da média. Conferir prazo, ler documento, responder cliente. Parece pouco, mas quase ninguém faz com constância."
tw_376,tw/tw_376.jpg,"Querer sair do aperto financeiro sem mexer em como se gasta e se registra o dinheiro dificilmente funciona. Escolha um hábito concreto para trocar, como fechar o caixa toda sexta, e sustente por algumas semanas.

Leonardo Rezende
Especialista em dívidas empresariais

#habitos #mudanca #financasempresariais #gestaoempresarial #mentalidade",pronto,"A verdade é que a maioria das pessoas quer um futuro melhor, mas protege os hábitos do passado. Mude o hábito, não só o desejo."
tw_377,tw/tw_377.jpg,"O trabalho de bastidor, como revisar, reescrever e conferir fontes, não aparece. Mas se nota na clareza do que é entregue. Se você faz esse trabalho, continue, ainda que ninguém comente.

Leonardo Rezende
Especialista em dívidas empresariais

#esforco #bastidores #trabalhobemfeito #advocacia #mentalidade",pronto,"Ninguém vê a madrugada que você passou revisando uma peça. Mas todos veem o resultado quando ela é bem escrita. O esforço é invisível. O efeito, não."
tw_378,tw/tw_378.jpg,"Responder mensagem em um minuto não é sinônimo de qualidade. Quem protege blocos de trabalho concentrado entrega melhor. Combine com clientes e equipe horários de retorno claros e cumpra.

Leonardo Rezende
Especialista em dívidas empresariais

#comprometimento #concentracao #foco #profissionalismo #empreendedorismo",pronto,"Muita gente confunde estar disponível o tempo todo com ser comprometida. Comprometimento verdadeiro exige hora de concentração, sem interrupção."
tw_379,tw/tw_379.jpg,"Uma petição, um orçamento, um plano de pagamento: o primeiro rascunho feio já mostra o que falta. Escrever o ruim é mais rápido do que esperar o bom aparecer. Depois é só editar.

Leonardo Rezende
Especialista em dívidas empresariais

#rascunho #comecar #execucao #produtividade #advocacia",pronto,O que mais atrasa é a espera do momento ideal. O que mais adianta é o primeiro rascunho imperfeito.
tw_380,tw/tw_380.jpg,"Muito do que sustenta um negócio acontece sem plateia: conferir nota, ligar para fornecedor, renegociar prazo. Nada disso depende de reconhecimento para valer. Continue fazendo bem.

Leonardo Rezende
Especialista em dívidas empresariais

#esforco #dedicacao #trabalhobemfeito #gestaoempresarial #empreendedorismo",pronto,O seu esforço não precisa ser aplaudido para ser válido. Ele só precisa ser feito.
tw_381,tw/tw_381.jpg,"Todo mundo para em algum momento, por cansaço, imprevisto ou desânimo. A diferença está em quem retoma na semana seguinte e quem deixa virar mês. Volte o quanto antes, mesmo em ritmo menor.

Leonardo Rezende
Especialista em dívidas empresariais

#retomada #persistencia #constancia #resiliencia #mentalidade",pronto,"O que separa as pessoas, em geral, não é talento. É quantas vezes cada uma voltou depois de ter parado."
tw_382,tw/tw_382.jpg,"Numa discussão com sócio ou numa negociação, querer ter razão a qualquer custo fecha portas. Ouvir e rever o que deu errado ensina mais do que uma vitória fácil. Troque “quem está certo?” por “o que dá para aprender?”.

Leonardo Rezende
Especialista em dívidas empresariais

#aprendizado #escuta #humildade #negociacao #empreendedorismo",pronto,Você aprende mais ouvindo do que falando. E aprende mais perdendo do que ganhando. Pense nisso antes de querer sempre ter razão.
tw_383,tw/tw_383.jpg,"É fácil acrescentar mais um relatório, mais um processo, mais um serviço. Difícil é cortar o que não agrega. Revise a sua rotina e a sua empresa e pergunte o que dá para eliminar sem perder qualidade.

Leonardo Rezende
Especialista em dívidas empresariais

#simplicidade #disciplina #foco #gestaoempresarial #empreendedorismo",pronto,A simplicidade é uma forma de disciplina. Cortar o supérfluo exige mais coragem do que acrescentar.
tw_384,tw/tw_384.jpg,"Empresa que fechou, contrato que acabou, plano que não deu certo. Recomeçar pesa, mas com o que foi aprendido a segunda tentativa costuma ser mais bem pensada. Faça o balanço, anote as lições e defina o primeiro passo.

Leonardo Rezende
Especialista em dívidas empresariais

#recomeco #resiliencia #novalargada #dividasempresariais #empreendedorismo",pronto,Todo mundo tem uma fase de recomeço. A pergunta é se você vai encará-la como fim ou como nova largada.
tw_385,tw/tw_385.jpg,"Quando você produz só para agradar, qualquer crítica abala. Quando produz porque acredita no padrão que definiu, o trabalho ganha identidade. Defina o que significa bem feito para você e use isso como régua.

Leonardo Rezende
Especialista em dívidas empresariais

#autonomia #trabalhobemfeito #identidade #mentalidade #empreendedorismo",pronto,O dia em que você deixar de depender do aplauso será o dia em que o seu trabalho começa a ser realmente seu.
tw_386,tw/tw_386.jpg,"Dizer “não sei, me explica” economiza meses de tentativa e erro. Aceitar correção de quem tem mais experiência acelera o caminho. O orgulho costuma sair mais caro do que a dúvida.

Leonardo Rezende
Especialista em dívidas empresariais

#humildade #aprendizado #crescimento #advocacia #mentalidade",pronto,"Vivemos em uma época em que todo mundo quer evoluir, mas ninguém quer ser corrigido. Todo mundo quer aprender, mas ninguém quer admitir que não sabe. Humildade é o atalho mais ignorado do crescimento."
tw_387,tw/tw_387.jpg,"No começo da carreira, ninguém dá peso ao título. O que constrói autoridade é a peça bem escrita, o prazo cumprido e o cliente bem atendido, repetidos. Credibilidade vem de histórico, e histórico leva tempo.

Leonardo Rezende
Especialista em dívidas empresariais

#advocacia #carreira #jovemadvogado #credibilidade #constancia",pronto,"Jovem advogado, uma verdade simples: você não será ouvido pelo que fala. Será ouvido pelo que prova, escreve e entrega, com consistência, todos os dias."
tw_388,tw/tw_388.jpg,"Atalho antiético pode até ganhar uma causa, mas cobra depois em reputação e tranquilidade. Trabalhar dentro das regras e com transparência dá segurança para dormir e para olhar nos olhos de quem confiou.

Leonardo Rezende
Especialista em dívidas empresariais

#etica #advocacia #integridade #reputacao #mentalidade",pronto,O advogado que age com ética nunca perde o sono. E isso vale mais do que qualquer vitória a qualquer custo.
tw_389,tw/tw_389.jpg,"Um pouco melhor pode ser acordar quinze minutos antes, conferir uma conta a mais ou responder com mais clareza. É pequeno demais para notar hoje, mas fica visível em doze meses.

Leonardo Rezende
Especialista em dívidas empresariais

#evolucao #melhoriacontinua #habitos #constancia #empreendedorismo",pronto,Hoje você pode ser um pouco melhor do que ontem. Nada de extraordinário. Só um pouco. Acumule isso por um ano inteiro.
tw_390,tw/tw_390.jpg,"No automático a gente assina sem ler, responde sem pensar e repete o erro. Estar presente é perceber o que está fazendo e por quê. Antes de começar uma tarefa, respire e pergunte qual é o objetivo dela.

Leonardo Rezende
Especialista em dívidas empresariais

#presenca #atencao #excelencia #trabalhobemfeito #advocacia",pronto,Ninguém entrega excelência vivendo no modo automático. Presença é o primeiro ingrediente de qualquer trabalho bem feito.
tw_391,tw/tw_391.jpg,"Lei, entendimento dos tribunais e prática mudam o tempo todo. Quem estuda com regularidade chega às reuniões e audiências mais seguro. Separe um tempo fixo por semana para leitura e atualização.

Leonardo Rezende
Especialista em dívidas empresariais

#advocacia #estudo #preparacao #atualizacao #mentalidade",pronto,"A advocacia não perdoa o despreparado. Mas premia o estudioso. Leia mais, revise mais e erre menos."
tw_392,tw/tw_392.jpg,"Tem gente com anos de estrada fazendo igual desde o primeiro dia, e gente mais nova que já revisou o jeito de trabalhar várias vezes. Mudar o método quando ele deixa de funcionar é sinal de maturidade.

Leonardo Rezende
Especialista em dívidas empresariais

#crescimento #mudanca #aprendizado #empreendedorismo #mentalidade",pronto,Não é a idade que define o quanto você cresceu. É o quanto você se permitiu mudar.
tw_393,tw/tw_393.jpg,"Quem começa o dia olhando mensagem fica reagindo ao que os outros pedem. Quem começa com as três prioridades definidas conduz. Experimente dedicar a primeira meia hora ao que você mesmo escolheu fazer.

Leonardo Rezende
Especialista em dívidas empresariais

#rotina #organizacao #prioridades #produtividade #empreendedorismo",pronto,"Sem rotina, o dia te leva. Com rotina, você leva o dia. Parece pouco, mas é toda a diferença entre reagir e conduzir."
tw_394,tw/tw_394.jpg,"Os primeiros dias têm novidade e os últimos têm resultado. O meio é só trabalho. É onde a maioria desiste, por isso vale traçar pequenas metas de curto prazo para atravessar esse trecho.

Leonardo Rezende
Especialista em dívidas empresariais

#constancia #persistencia #esforco #longoprazo #empreendedorismo",pronto,Um dia de esforço não muda nada. Mil dias de esforço mudam tudo. O difícil é suportar os dias que ficam no meio.
tw_395,tw/tw_395.jpg,"Pesquisar demais vira forma de adiar. Qualquer ferramenta simples, como uma planilha ou um caderno, já serve para começar. Depois de duas semanas de uso, você descobre o que realmente precisa trocar.

Leonardo Rezende
Especialista em dívidas empresariais

#comecar #procrastinacao #acao #produtividade #gestaoempresarial",pronto,"Existe um tipo de pessoa que pergunta qual a melhor ferramenta, qual o melhor método, qual o melhor horário. E nunca começa nenhum."
tw_396,tw/tw_396.jpg,"Uma resposta atravessada por e-mail ou mensagem pode estremecer uma relação de anos com cliente ou sócio. Releia antes de enviar. Se estiver irritado, espere uma hora e responda com calma.

Leonardo Rezende
Especialista em dívidas empresariais

#comunicacao #palavras #relacionamentos #profissionalismo #empreendedorismo",pronto,Cuide das suas palavras. Elas constroem ou destroem em segundos o que a convivência levou anos para erguer.
tw_397,tw/tw_397.jpg,"Um dia inteiro respondendo mensagem e apagando incêndio termina com a sensação de não ter feito nada seu. Reserve o início do expediente para o que você planejou, e só depois abra o que chegou.

Leonardo Rezende
Especialista em dívidas empresariais

#planejamento #proatividade #acao #gestaodotempo #empreendedorismo",pronto,"Menos reação, mais ação. Quem responde ao que acontece vive em função dos outros. Quem planeja o que fazer vive em função de si."
tw_398,tw/tw_398.jpg,"É confortável riscar itens fáceis da lista, mas a tarefa que realmente muda o mês continua parada. Faça primeiro a mais difícil, como aquela negociação ou aquele documento que você vem adiando.

Leonardo Rezende
Especialista em dívidas empresariais

#prioridades #foco #produtividade #gestaodepassivos #empreendedorismo",pronto,"Quem se perde em tarefas pequenas nunca chega às grandes. Comece pelo que mais pesa, não pelo que mais coça."
tw_399,tw/tw_399.jpg,"Confiança vem de fazer, não de esperar. Quem já abriu o negócio, já enfrentou a primeira negociação ou já foi à primeira audiência ganhou repertório. Dê o passo possível, mesmo com dúvidas, e ajuste no caminho.

Leonardo Rezende
Especialista em dívidas empresariais

#comecar #coragem #acao #empreendedorismo #mentalidade",pronto,"Ninguém fica pronto antes de começar. Quem espera segurança total para agir descobre, tarde demais, que ela só chega a quem já estava em movimento."
tw_400,tw/tw_400.jpg,"Vale também para o empresário: só olhar a dívida quando o banco liga é chegar tarde. Revisar contratos, prazos e fluxo de caixa antes do problema custa menos do que apagar o incêndio. Prevenção é rotina, não pânico.

Leonardo Rezende
Especialista em dívidas empresariais

#prevencao #prazos #advocacia #gestaodepassivos #dividasempresariais",pronto,Existe um tipo de advogado que só estuda quando perde. Só reage quando intimado. Só se preocupa quando o prazo vence. Prevenir é um ato de competência.
tw_401,tw/tw_401.jpg,"Quase todo negócio grande começou pequeno, com poucos clientes e muita dúvida. Se você está no primeiro degrau agora, não há vergonha nenhuma nisso. Dar o primeiro passo sem ter certeza é o que separa quem tenta de quem só planeja.

Leonardo Rezende
Especialista em dívidas empresariais

#comecar #coragem #empreendedorismo #mentalidade #gestaodepassivos",pronto,"Todo mundo quer chegar ao topo, mas ninguém quer lembrar do primeiro degrau. É ali que mora a coragem de quem realmente começou."
tw_402,tw/tw_402.jpg,"Atrasar um pagamento só dessa vez parece pouca coisa. Na segunda já vira rotina, e na terceira você nem percebe mais. Padrão é isso: aquilo que você deixa passar vira o seu jeito de trabalhar, então vale olhar o que anda aceitando.

Leonardo Rezende
Especialista em dívidas empresariais

#padroes #habitos #disciplina #empreendedorismo #dividasempresariais",pronto,"O que você tolera hoje, você normaliza amanhã. E o que você normaliza, você se torna. Cuide dos seus padrões."
tw_403,tw/tw_403.jpg,"Passar a manhã respondendo mensagem dá a sensação de dia cheio, mas nada ficou pronto. No fim do dia, pergunte: o que eu realmente entreguei? Se a resposta for pouca coisa, o problema talvez não seja falta de tempo, e sim para onde ele foi.

Leonardo Rezende
Especialista em dívidas empresariais

#produtividade #entrega #foconotrabalho #gestao #empreendedorismo",pronto,Cuidado com a ilusão da produtividade. Responder mensagens não é construir. Organizar planilha não é entregar. Entregar é entregar.
tw_404,tw/tw_404.jpg,"Quem você respeita hoje já teve uma fase em que ninguém ligava para o que fazia. O que muda é continuar nessa fase, sem plateia e sem prova de que vai dar certo. Se o seu negócio ainda não tem resultado para mostrar, isso não quer dizer que o caminho está errado.

Leonardo Rezende
Especialista em dívidas empresariais

#persistencia #constancia #resiliencia #empreendedorismo #mentalidade",pronto,A pessoa que você admira hoje já foi alguém sem resultado nenhum. A diferença é que ela continuou quando ninguém acreditava.
tw_405,tw/tw_405.jpg,"Quem entrega muito geralmente não trabalha com pressa. Trabalha todo dia e não some por qualquer contratempo. Um ritmo médio mantido por meses costuma render mais do que uma arrancada seguida de semanas paradas.

Leonardo Rezende
Especialista em dívidas empresariais

#constancia #produtividade #ritmo #disciplina #empreendedorismo",pronto,O segredo de quem produz muito não é velocidade. É não parar por qualquer motivo.
tw_406,tw/tw_406.jpg,"Aquele orçamento que você ia revisar, a conversa com o sócio, o contrato que ia ler com calma: tudo ficou para depois. E o depois raramente chega sozinho. Escolha um desses itens e resolva hoje, nem que seja só a parte mais chata.

Leonardo Rezende
Especialista em dívidas empresariais

#procrastinacao #acao #produtividade #empreendedorismo #gestaodepassivos",pronto,"Cuidado com o “depois eu faço”. É a frase que mais enterrou projetos bons. Quase sempre, o depois vira nunca."
tw_407,tw/tw_407.jpg,"Quem entra na advocacia pela pose logo descobre que o dia a dia é prazo, processo e cliente esperando resposta. Quem entra por senso de responsabilidade aguenta essa rotina. Vale para qualquer profissão: o título não sustenta ninguém, o compromisso sim.

Leonardo Rezende
Especialista em dívidas empresariais

#advocacia #responsabilidade #carreira #profissionalismo #mentalidade",pronto,Há quem queira advogar por status. E há quem advogue por responsabilidade. Os segundos costumam durar mais.
tw_408,tw/tw_408.jpg,"Sorte não escolhe CPF. Quem visita cliente, testa ideia e ajusta a rota simplesmente cruza com mais oportunidades. Quem espera o momento perfeito em casa vê as chances passarem sem nem perceber.

Leonardo Rezende
Especialista em dívidas empresariais

#sorte #acao #trabalhoduro #empreendedorismo #mentalidade",pronto,Uma coisa que o trabalho duro me ensinou: sorte aparece mais para quem está em movimento. Quem fica parado só ouve falar dela.
tw_409,tw/tw_409.jpg,"A reunião difícil, o cálculo que você evitava, a conta que precisava encarar. O incômodo costuma ser sinal de que você está fazendo algo novo. Quando tudo anda confortável demais por muito tempo, vale desconfiar de que está tudo parado.

Leonardo Rezende
Especialista em dívidas empresariais

#evolucao #crescimento #desafios #empreendedorismo #mentalidade",pronto,"Não existe evolução sem incômodo. Se você nunca se sentiu desafiado, nunca saiu do lugar."
tw_410,tw/tw_410.jpg,"Nem toda discussão merece a sua energia. Brigar com fornecedor, sócio ou parente só para provar que está certo cobra um preço em tempo e em relacionamento. Antes de responder, pergunte: o que eu ganho vencendo essa? Muitas vezes, nada.

Leonardo Rezende
Especialista em dívidas empresariais

#maturidade #relacionamentos #inteligenciaemocional #empreendedorismo #mentalidade",pronto,Aprenda a perder discussões que não valem a pena. Quem precisa ter razão a todo custo acaba tendo muita razão e pouca companhia.
tw_411,tw/tw_411.jpg,"Quando o prazo estoura, a gente costuma culpar a agenda cheia. Mas conte quantas vezes por dia você pega o celular sem necessidade. Pausas de poucos minutos somam horas, e é nelas que o trabalho importante fica esperando.

Leonardo Rezende
Especialista em dívidas empresariais

#foco #distracao #produtividade #gestaodotempo #empreendedorismo",pronto,"Todo atraso tem uma causa. E, quase sempre, ela cabe no seu bolso e tem uma tela de seis polegadas."
tw_412,tw/tw_412.jpg,"Tem quem viva atrás de novidade: um negócio novo por mês, uma estratégia nova por semana. Só que crescer costuma ser menos empolgante, feito de rotina, caixa organizado e processo repetido. Vale decidir qual dos dois caminhos combina mais com o que você quer.

Leonardo Rezende
Especialista em dívidas empresariais

#crescimento #estabilidade #planejamento #empreendedorismo #gestaodepassivos",pronto,Tem gente que procura emoção em tudo. Quem busca crescimento procura estabilidade e construção. Escolha o que quer ser na vida.
tw_413,tw/tw_413.jpg,"Doze horas na frente do computador com a cabeça em três lugares rendem menos do que três horas de foco total. Desligue as notificações, escolha uma tarefa e fique nela. O tempo fica mais valioso quando a atenção está inteira.

Leonardo Rezende
Especialista em dívidas empresariais

#foco #atencao #produtividade #gestaodotempo #empreendedorismo",pronto,Não é sobre trabalhar mais horas. É sobre ter horas melhores. Qualidade de atenção vale mais do que quantidade de tempo.
tw_414,tw/tw_414.jpg,"A frase é boa, mas tem um complemento: você precisa olhar para o que aconteceu. Uma dívida que saiu do controle, um contrato mal lido, uma venda perdida. Se o problema for só esquecido, ele costuma voltar com outra cara.

Leonardo Rezende
Especialista em dívidas empresariais

#aprendizado #erros #aprendercomerros #dividasempresariais #mentalidade",pronto,O que não te mata te ensina. Mas só se você estiver disposto a aprender.
tw_415,tw/tw_415.jpg,"Equipe, sócios e parceiros ajudam muito, mas ninguém faz o seu trabalho por você. Cada um tem uma parte que depende só de si: o relatório, o pagamento em dia, a decisão difícil. Quando cada um cumpre a sua, o resultado coletivo aparece.

Leonardo Rezende
Especialista em dívidas empresariais

#responsabilidade #trabalhoemequipe #compromisso #empreendedorismo #lideranca",pronto,Ninguém constrói nada grande sozinho. Mas todo mundo precisa estar disposto a fazer a sua parte sozinho.
tw_416,tw/tw_416.jpg,"Quem treina forte por duas semanas e para costuma ver tudo apagar. Quem faz um pouco por dia mantém o calor. No trabalho é igual: prospectar, organizar o financeiro, estudar. O ritmo que você consegue sustentar é o que dura.

Leonardo Rezende
Especialista em dívidas empresariais

#constancia #disciplina #persistencia #empreendedorismo #produtividade",pronto,"Esforço sem constância é fogueira de palha. Faz fogo, faz barulho e some. Constância é brasa: aquece por muito mais tempo."
tw_417,tw/tw_417.jpg,"Revisar o fluxo de caixa, renegociar uma dívida antes de vencer, treinar o time. Nada disso grita na sua agenda, e por isso fica para depois. O urgente apaga o incêndio; o importante evita que ele comece.

Leonardo Rezende
Especialista em dívidas empresariais

#prioridades #planejamento #gestao #dividasempresariais #empreendedorismo",pronto,O trabalho mais importante costuma ser o menos urgente. Por isso quase ninguém o faz.
tw_418,tw/tw_418.jpg,"O sucesso muda a agenda e o número de pessoas por perto. Quem esteve ao seu lado quando faltava dinheiro, cliente e certeza merece lugar fixo nela. É um jeito simples de manter os pés no chão, mesmo quando o negócio vai bem.

Leonardo Rezende
Especialista em dívidas empresariais

#gratidao #relacionamentos #valores #empreendedorismo #mentalidade",pronto,Cuide das pessoas que estão com você antes do sucesso. Elas não precisam do seu resultado para acreditar em você.
tw_419,tw/tw_419.jpg,"Tem dia em que nada rende como deveria e você não tem energia para explicar nada a ninguém. Nesses dias, cumprir o mínimo e seguir já é uma resposta. Não precisa ser brilhante, só não precisa parar.

Leonardo Rezende
Especialista em dívidas empresariais

#persistencia #constancia #resiliencia #mentalidade #empreendedorismo",pronto,"Há dias em que a melhor atitude é só seguir. Sem resposta, sem justificativa, sem plateia. Mover-se já é uma resposta."
tw_420,tw/tw_420.jpg,"Imagine dois profissionais: um faz um dia enorme e some por semanas, o outro aparece todo dia, mesmo com pouco. Com o tempo, o cliente lembra do segundo, porque é nele que dá para confiar. Presença constante constrói credibilidade.

Leonardo Rezende
Especialista em dívidas empresariais

#constancia #credibilidade #disciplina #empreendedorismo #advocacia",pronto,Existe um tipo de pessoa que se destaca pela intensidade de um dia. E existe a que se destaca pela presença de mil dias. A segunda quase sempre ganha.
tw_421,tw/tw_421.jpg,"No começo, quando faltava estrutura e as portas estavam fechadas, alguém emprestou um conselho, indicou um cliente ou simplesmente ouviu você. Lembre dessas pessoas quando as coisas melhorarem. Gratidão também é uma forma de cuidar do que você construiu.

Leonardo Rezende
Especialista em dívidas empresariais

#gratidao #lealdade #relacionamentos #empreendedorismo #mentalidade",pronto,Valorize quem te ajudou quando você ainda não tinha nada. Essas pessoas conhecem a sua verdade e acreditaram nela.
tw_422,tw/tw_422.jpg,"O colega que já passou pelo mesmo problema que você pode resumir em dez minutos o que levou anos para aprender. Pergunte como ele resolveu, o que faria diferente e o que evitaria. Ouvir quem já andou por ali poupa tempo e dinheiro.

Leonardo Rezende
Especialista em dívidas empresariais

#aprendizado #mentoria #experiencia #carreira #advocacia",pronto,"Aprender com colegas mais experientes é um luxo. Ouça mais, pergunte mais, observe mais. A experiência alheia é um atalho legítimo."
tw_423,tw/tw_423.jpg,"Fazer uma coisa de cada vez, sem celular na mão e sem dez abas abertas, parece simples, mas quase ninguém faz. E dá para notar a diferença na qualidade do que sai pronto. Atenção inteira virou diferencial de quem trabalha.

Leonardo Rezende
Especialista em dívidas empresariais

#atencao #foco #produtividade #foconotrabalho #empreendedorismo",pronto,Dar atenção total a uma tarefa é raro. E o que é raro vale muito mais do que o que é comum.
tw_424,tw/tw_424.jpg,"Dizer que quer crescer não ajuda a decidir o que fazer na segunda de manhã. Já algo como quitar uma dívida específica em dez meses ajuda. Com o objetivo claro, fica mais fácil saber o que fazer e o que ignorar ao longo do dia.

Leonardo Rezende
Especialista em dívidas empresariais

#objetivos #metas #planejamento #empreendedorismo #gestaodepassivos",pronto,Um objetivo claro vale mais do que cem boas intenções. Defina o seu e coloque o resto do dia a serviço dele.
tw_425,tw/tw_425.jpg,"Disciplina não é viver em regime militar. É escolher o que importa e cumprir o combinado consigo mesmo, até na tarde em que dá preguiça. Pagar o imposto em dia, fechar o caixa toda sexta, revisar o contrato: são escolhas repetidas.

Leonardo Rezende
Especialista em dívidas empresariais

#disciplina #autocontrole #habitos #empreendedorismo #mentalidade",pronto,"Disciplina não é rigidez. É saber exatamente o que você quer e agir de acordo com isso, mesmo quando é difícil."
tw_426,tw/tw_426.jpg,"Quem aceita todo pedido, vai a toda reunião e responde todo mundo na hora fica sem tempo para fazer bem o que realmente importa. Escolher é abrir mão de algumas pessoas e de alguns projetos. Melhor decidir isso você do que deixar a agenda decidir.

Leonardo Rezende
Especialista em dívidas empresariais

#prioridades #foco #energia #empreendedorismo #produtividade",pronto,Quem tenta agradar todo mundo não tem tempo para ficar bom em nada. Escolha com quem e com o que vale a pena gastar energia.
tw_427,tw/tw_427.jpg,"Dois empresários perdem um cliente importante. Um analisa o que falhou na proposta e ajusta; o outro diz que o mercado está ruim. Daqui a um ano, só um deles terá mudado. Errar acontece com todo mundo, o que conta é o que se faz depois.

Leonardo Rezende
Especialista em dívidas empresariais

#aprendizado #erros #responsabilidade #empreendedorismo #mentalidade",pronto,Existe um tipo de pessoa que aprende com o erro e melhora. Existe outro que culpa o erro e permanece igual. A diferença entre as duas é o rumo da vida.
tw_428,tw/tw_428.jpg,"Muita gente adia pedir ajuda por vergonha, e enquanto isso a dívida, o problema ou a dúvida só crescem. Perguntar a quem sabe, seja contador, colega ou outro profissional, costuma encurtar o caminho. Aprender com quem já passou por isso não diminui ninguém.

Leonardo Rezende
Especialista em dívidas empresariais

#humildade #aprendizado #pedirajuda #empreendedorismo #dividasempresariais",pronto,O orgulho custa caro. Quem não pede ajuda demora mais para chegar. Quem aceita aprender corta caminho.
tw_429,tw/tw_429.jpg,"Contratar mais gente, abrir outra frente ou investir em anúncio sem meta definida só aumenta o gasto. Antes de acelerar, confirme para onde está indo. Velocidade ajuda quando a direção já está certa.

Leonardo Rezende
Especialista em dívidas empresariais

#clareza #planejamento #estrategia #empreendedorismo #gestaodepassivos",pronto,Clareza antes de velocidade. Quem corre sem saber para onde vai só chega mais rápido ao lugar errado.
tw_430,tw/tw_430.jpg,"Conferir o caixa todo dia, responder o cliente no mesmo dia, arquivar o documento no lugar certo. Parece pouco, e é pouco, mas feito sempre vira vantagem. A empresa que acerta o básico com regularidade costuma ter menos surpresa desagradável.

Leonardo Rezende
Especialista em dívidas empresariais

#constancia #rotina #organizacao #empreendedorismo #gestaodepassivos",pronto,"Quem faz o simples bem feito todos os dias ultrapassa quem faz o complicado de vez em quando. Sem pressa, sem barulho, sem plateia."
tw_431,tw/tw_431.jpg,"Opinião de vizinho, notícia ruim, comparação com concorrente, mil grupos de mensagem. Se você escuta tudo, acaba não escutando nem a si mesmo. Reduzir as fontes de ruído abre espaço para pensar no que você de fato precisa decidir.

Leonardo Rezende
Especialista em dívidas empresariais

#foco #clareza #concentracao #mentalidade #empreendedorismo",pronto,Silenciar o ruído externo é o primeiro passo para ouvir o que realmente importa.
tw_432,tw/tw_432.jpg,"Quando o dia parece grande demais, use essas três perguntas antes de abrir o e-mail. Elas obrigam você a separar o que paga as contas do que só ocupa espaço. Vale fazer no começo da manhã, com um café e uma folha de papel.

Leonardo Rezende
Especialista em dívidas empresariais

#organizacao #produtividade #gestaodotempo #prioridades #empreendedorismo",pronto,Perguntas que organizam o dia: O que realmente precisa ser feito hoje? O que posso adiar sem prejuízo? O que posso simplesmente eliminar?
tw_433,tw/tw_433.jpg,"Trinta minutos por dia estudando, guardando um valor ou revisando um processo. Em doze meses são mais de cento e oitenta horas de trabalho. De fora, parece milagre; de perto, é só a soma de dias comuns.

Leonardo Rezende
Especialista em dívidas empresariais

#constancia #habitos #disciplina #empreendedorismo #produtividade",pronto,"Quem faz um pouco todos os dias, no fim do ano, parece que fez um milagre. Foi só aritmética."
tw_434,tw/tw_434.jpg,"Falhar uma vez é comum; voltar e tentar de novo, nem tanto. Muita gente guarda a ideia na gaveta depois da primeira negativa do banco ou do primeiro cliente perdido. Se você retomou, já está um passo à frente de quem desistiu.

Leonardo Rezende
Especialista em dívidas empresariais

#resiliencia #persistencia #recomeco #empreendedorismo #mentalidade",pronto,"Cada vez que você volta a tentar, mesmo depois de falhar, está fazendo algo que a maioria nunca fez."
tw_435,tw/tw_435.jpg,"Antes de escrever uma petição, é preciso ler o processo inteiro, sem pular fase. É nos detalhes que aparece a falha do contrato, o prazo perdido, a prova que faltou. Quem corta esse trabalho costuma pagar depois, e no momento mais caro.

Leonardo Rezende
Especialista em dívidas empresariais

#advocacia #estudo #dedicacao #profissionalismo #dividasempresariais",pronto,O melhor argumento é aquele que nasce da leitura cuidadosa dos autos. Atalho em advocacia custa caro e é cobrado depois.
tw_436,tw/tw_436.jpg,"Dá para dizer um não firme sem levantar a voz. Dá para cobrar uma entrega sem humilhar ninguém. Em qualquer negociação, seja com banco, fornecedor ou funcionário, quem junta educação e firmeza tende a ser mais respeitado.

Leonardo Rezende
Especialista em dívidas empresariais

#maturidade #lideranca #negociacao #empreendedorismo #inteligenciaemocional",pronto,Ser gentil não é ser fraco. Ser firme não é ser grosseiro. A maturidade está na combinação dos dois.
tw_437,tw/tw_437.jpg,"O dia não vai te motivar, nem o chefe, nem o resultado do mês. Esperar vontade para pagar uma conta, fazer a ligação ou começar o trabalho é só adiar. Comece pequeno: a vontade costuma aparecer depois que você já está fazendo.

Leonardo Rezende
Especialista em dívidas empresariais

#motivacao #acao #disciplina #empreendedorismo #mentalidade",pronto,"Ninguém te deve motivação. Nem o dia, nem as pessoas, nem as circunstâncias. Se você espera ser motivado para agir, vai passar a vida esperando."
tw_438,tw/tw_438.jpg,"Quando se planta, nada aparece por semanas, mas debaixo da terra a raiz está se firmando. Em um negócio é parecido: organização financeira, reputação e carteira de clientes têm uma fase invisível. Só depois o crescimento fica à mostra.

Leonardo Rezende
Especialista em dívidas empresariais

#paciencia #crescimento #processo #empreendedorismo #constancia",pronto,"A semente não grita quando está crescendo. Mas, um dia, tudo muda de altura."
tw_439,tw/tw_439.jpg,"Um contrato assinado sem ler, uma garantia dada sem pensar, um prazo perdido. Erros assim ensinam mais do que muito curso, justamente porque custam caro. O valor está em anotar o que aconteceu, para não pagar duas vezes pela mesma lição.

Leonardo Rezende
Especialista em dívidas empresariais

#aprendizado #erros #experiencia #empreendedorismo #dividasempresariais",pronto,Os melhores professores que tive foram os meus próprios erros. Eles só cobraram um preço alto. Mas o aprendizado ficou.
tw_440,tw/tw_440.jpg,"Ninguém aplaude o profissional que entrega no prazo, escreve com clareza e faz o que prometeu. Só que é isso que faz o cliente voltar e indicar. Reputação nasce de coisas pequenas e repetidas, sem alarde.

Leonardo Rezende
Especialista em dívidas empresariais

#advocacia #reputacao #profissionalismo #credibilidade #carreira",pronto,"A reputação de um advogado é construída em silêncio. Prazo cumprido, peça bem escrita, palavra mantida. O resto é consequência."
tw_441,tw/tw_441.jpg,"Por trás de cada pasta existe uma família, uma empresa, uma dívida que tira o sono. Quando o profissional enxerga isso, escuta com mais cuidado e acerta mais nos detalhes. Vale para advogado, contador, gerente de banco, qualquer um que lida com gente.

Leonardo Rezende
Especialista em dívidas empresariais

#advocacia #atendimento #empatia #profissionalismo #dividasempresariais",pronto,Cada processo é uma história que exige atenção inteira. Quem trata como número perde a sensibilidade. Quem trata como história entrega o melhor.
tw_442,tw/tw_442.jpg,"Um ano sem aprender nada passa em branco. Um ano estudando um pouco todo dia deixa marca: dá para comparar quem você era em janeiro com quem é em dezembro. Aprender faz o tempo ter mais conteúdo.

Leonardo Rezende
Especialista em dívidas empresariais

#aprendizado #tempo #evolucao #estudo #mentalidade",pronto,A vida passa rápido para quem não aprende. E devagar para quem aprende todo dia.
tw_443,tw/tw_443.jpg,"Um dia bem usado inclui resolver o que importa, cuidar de quem está perto e dormir sem culpa. Sozinho, ele parece pequeno. Repetido, muda onde você trabalha, o que você sabe e com quem anda.

Leonardo Rezende
Especialista em dívidas empresariais

#habitos #rotina #tempo #constancia #mentalidade",pronto,"Quanto vale um dia bem vivido? Quando se somam trezentos e sessenta e cinco, vale uma vida diferente."
tw_444,tw/tw_444.jpg,"Perfil de rede social mostra viagem, faturamento e sorriso; não mostra a parcela atrasada nem a noite mal dormida. Comparar o seu dia a dia com a vitrine dos outros é uma conta desigual. Olhe mais para o que você já construiu.

Leonardo Rezende
Especialista em dívidas empresariais

#comparacao #autoconhecimento #redessociais #empreendedorismo #mentalidade",pronto,"Antes de comparar sua jornada, lembre: você só vê a parte pública da vida dos outros. E conhece todos os bastidores da sua."
tw_445,tw/tw_445.jpg,"Responder um e-mail com cuidado, organizar um documento, conferir uma conta que ninguém vai checar. O jeito como você faz o pequeno diz muito sobre como cuidaria de algo grande. Quem acerta nos detalhes ganha confiança aos poucos.

Leonardo Rezende
Especialista em dívidas empresariais

#excelencia #detalhes #profissionalismo #credibilidade #empreendedorismo",pronto,"Dê o melhor de você, mesmo em tarefas que parecem pequenas. A forma como você faz o pouco mostra como você faria o muito."
tw_446,tw/tw_446.jpg,"Existe uma fase em que o negócio ainda não deu retorno, ninguém elogia e a rotina é só fazer. É a fase que quase todo mundo pula, e por isso poucos chegam depois dela. Aguentar o período chato faz parte do preço.

Leonardo Rezende
Especialista em dívidas empresariais

#persistencia #paciencia #trabalho #empreendedorismo #constancia",pronto,"A vida recompensa quem tem estômago para a fase chata. Aquela em que não há aplauso, nem resultado, nem clima. Só trabalho."
tw_447,tw/tw_447.jpg,"Aquele contato que liga toda hora para falar do nada, o grupo que enche o celular de assunto sem utilidade. Companhia boa soma; a que só ocupa o seu tempo, não. Escolha com quem gastar atenção, porque ela é limitada.

Leonardo Rezende
Especialista em dívidas empresariais

#foco #energia #relacionamentos #produtividade #mentalidade",pronto,Evite as pessoas que dividem sua atenção sem acrescentar nada. Nem toda companhia é produtiva.
tw_448,tw/tw_448.jpg,"A dívida que você pagou, o cliente que perdeu, a crise que atravessou: tudo isso formou o seu jeito de decidir hoje. Em vez de esconder esses capítulos, use-os como referência. Quem já passou por uma fase ruim sabe que tem recursos para a próxima.

Leonardo Rezende
Especialista em dívidas empresariais

#resiliencia #historia #superacao #empreendedorismo #mentalidade",pronto,A pessoa que você é hoje foi construída por dias difíceis que você superou. Respeite sua história. Ela te trouxe até aqui.
tw_449,tw/tw_449.jpg,"Quem deixa tudo para resolver na hora acaba pagando juros, multa e correria. Quem tem rotina de conferir vencimentos, caixa e documentos reduz os sustos. Organização é um jeito de evitar custo antes que ele apareça.

Leonardo Rezende
Especialista em dívidas empresariais

#rotina #organizacao #planejamento #gestaodepassivos #dividasempresariais",pronto,A vida cobra caro de quem vive no improviso. E paga bem a quem vive com rotina.
tw_450,tw/tw_450.jpg,"Um negócio leva anos para amadurecer. Esperar retorno com um mês de trabalho é como plantar e cobrar a fruta na semana seguinte. Defina quanto tempo você vai dar a cada decisão antes de avaliar o resultado.

Leonardo Rezende
Especialista em dívidas empresariais

#paciencia #longoprazo #planejamento #empreendedorismo #mentalidade",pronto,A vida é feita de ciclos longos. Quem quer colher no primeiro mês confunde um ciclo curto com uma vida inteira.
tw_451,tw/tw_451.jpg,"Depois de protocolar um pedido, a espera pelo juiz pode durar meses. Nesse tempo dá para organizar documentos, estudar o caso e manter o cliente informado. Esperar trabalhando é bem diferente de esperar parado, e vale para qualquer resposta que demora.

Leonardo Rezende
Especialista em dívidas empresariais

#advocacia #paciencia #processo #dividasempresariais #profissionalismo",pronto,"A advocacia ensina a esperar. Esperar a decisão, o despacho, o julgamento. Mas ensina também que, enquanto se espera, se trabalha."
tw_452,tw/tw_452.jpg,"Abrir uma empresa, quitar dívidas ou crescer só deixa de ser desejo quando vira tarefa diária: ligar, cobrar, organizar, estudar. É na rotina que o plano sai do papel. Sem ela, a ideia fica bonita e parada.

Leonardo Rezende
Especialista em dívidas empresariais

#rotina #metas #habitos #empreendedorismo #disciplina",pronto,"A rotina é o lugar onde o sonho vira resultado. Sem ela, sonho é só pensamento bonito."
tw_453,tw/tw_453.jpg,"Todo mundo cai em algum momento: um mês no vermelho, uma contratação errada, um negócio que não vingou. O que diferencia as pessoas é o dia seguinte. Levantar, revisar o que aconteceu e ajustar a rota diz mais sobre você do que o tombo.

Leonardo Rezende
Especialista em dívidas empresariais

#resiliencia #superacao #recomeco #empreendedorismo #mentalidade",pronto,A queda mostra quem você é. A reação mostra quem você pode ser.
tw_454,tw/tw_454.jpg,"Cada hora em que você fez o trabalho em vez de arrumar justificativa fica acumulada. Lá na frente, você olha para trás e enxerga um negócio mais organizado, uma carreira mais sólida, nascidos dessas escolhas pequenas que ninguém viu.

Leonardo Rezende
Especialista em dívidas empresariais

#disciplina #trabalho #responsabilidade #empreendedorismo #constancia",pronto,Um dia você vai agradecer a si mesmo por cada hora em que escolheu o trabalho em vez da desculpa.
tw_455,tw/tw_455.jpg,"Em audiência, em negociação e em reunião com banco, quem estudou o caso entra mais seguro. Improviso até funciona uma vez, mas depende de sorte. Documentos, números e argumentos preparados dão consistência ao longo do tempo.

Leonardo Rezende
Especialista em dívidas empresariais

#preparo #advocacia #negociacao #profissionalismo #dividasempresariais",pronto,"O jurídico é um campo onde preparo vence improviso. Sempre. Pode demorar, mas vence."
tw_456,tw/tw_456.jpg,"Recusar uma boa oportunidade dói. Mas aceitar todas faz você entregar tudo pela metade. Escolha uma prioridade por vez e diga agora não para o resto. O que for bom pode voltar depois, se ainda fizer sentido.

Leonardo Rezende
Especialista em dívidas empresariais

#foco #prioridades #produtividade #empreendedorismo #estrategia",pronto,Foco é dizer não para coisas boas. Em favor de uma coisa importante. Quem diz sim para tudo entrega pouco para todo mundo.
tw_457,tw/tw_457.jpg,"Estudar o caso com antecedência, fechar a petição antes da data, revisar os números antes da reunião. Quem faz isso evita a correria da véspera do prazo. Trabalho adiantado dá espaço para descansar sem culpa.

Leonardo Rezende
Especialista em dívidas empresariais

#prazos #preparo #estudo #advocacia #disciplina",pronto,A madrugada dedicada ao estudo hoje vira a tranquilidade do prazo de amanhã. Quem trabalha antes descansa depois.
tw_458,tw/tw_458.jpg,"Querer resultado em duas semanas deixa qualquer um tenso. Fazer a coisa certa todo dia, com os olhos no trimestre, deixa a cabeça mais leve. Planeje o médio prazo e concentre-se apenas no que cabe hoje.

Leonardo Rezende
Especialista em dívidas empresariais

#disciplina #planejamento #longoprazo #empreendedorismo #produtividade",pronto,"Foco de curto prazo gera ansiedade. Disciplina de longo prazo gera paz. Pense no trimestre, mas aja no dia de hoje."
tw_459,tw/tw_459.jpg,"Motivação oscila com o humor, o clima e o saldo da conta. Sistema é combinar horário, lista de tarefas e conferência semanal, e seguir mesmo sem vontade. Montar um que funcione para você é um investimento que se repete a cada dia.

Leonardo Rezende
Especialista em dívidas empresariais

#habitos #sistema #disciplina #produtividade #empreendedorismo",pronto,"Enquanto uns procuram motivação, outros constroem sistema. No fim, o sistema ganha da motivação todas as vezes."
tw_460,tw/tw_460.jpg,"Quem trabalha em silêncio não está escondendo nada, está concentrado. Mostrar demais antes de entregar pode virar cobrança e distração. Faça, termine e, se for para mostrar, mostre o que já está pronto.

Leonardo Rezende
Especialista em dívidas empresariais

#discricao #processo #foco #empreendedorismo #mentalidade",pronto,"Trabalhar em silêncio não é falta de ambição. É respeito pelo processo. O barulho vem depois, se vier."
tw_461,tw/tw_461.jpg,"Com meta clara, fica fácil recusar reunião à toa, desconto que corrói a margem, projeto que não leva a lugar nenhum. Sem meta, tudo parece boa ideia e a agenda vira lista de favores. O não protege o que você decidiu construir.

Leonardo Rezende
Especialista em dívidas empresariais

#objetivos #foco #prioridades #empreendedorismo #mentalidade",pronto,Dizer não é uma habilidade de quem tem objetivo. Quem não tem objetivo diz sim a qualquer coisa.
tw_462,tw/tw_462.jpg,"Isso vale para estudar, organizar as finanças ou montar uma carteira de clientes. Os primeiros meses são de trabalho sem prova de que está funcionando. Quem continua costuma se surpreender com o efeito acumulado.

Leonardo Rezende
Especialista em dívidas empresariais

#paciencia #constancia #longoprazo #empreendedorismo #evolucao",pronto,"Em trinta dias, ninguém nota. Em seis meses, alguns notam. Em dois anos, todos perguntam como você conseguiu."
tw_463,tw/tw_463.jpg,"A preguiça não perde de vez, ela volta amanhã. Por isso a conta é de um dia por vez: hoje eu faço o combinado, e amanhã eu decido de novo. Parece pouco, mas é assim que o hábito se sustenta.

Leonardo Rezende
Especialista em dívidas empresariais

#constancia #disciplina #rotina #mentalidade #habitos",pronto,Constância é uma decisão renovada todas as manhãs. Não existe vitória definitiva sobre a preguiça. Existe vitória de hoje.
tw_464,tw/tw_464.jpg,"O progresso aparece em coisas discretas: lidar com um cliente difícil sem perder a cabeça, negociar uma dívida sem entrar em pânico, resolver em dez minutos o que antes tomava o dia inteiro. Preste atenção nesses sinais, eles contam mais do que elogio.

Leonardo Rezende
Especialista em dívidas empresariais

#evolucao #crescimento #autoconhecimento #empreendedorismo #mentalidade",pronto,Ninguém precisa te dizer o quanto você cresceu. Você sente quando consegue lidar com algo que antes te derrubaria.
tw_465,tw/tw_465.jpg,"Ocupado é quem tem a agenda cheia; importante é o que ela contém. Se todo dia você corre atrás de urgência, como boleto vencido, cliente bravo e erro repetido, vale investigar a causa. Apagar incêndio sem achar a origem é trabalho sem fim.

Leonardo Rezende
Especialista em dívidas empresariais

#produtividade #prioridades #gestao #empreendedorismo #gestaodepassivos",pronto,Não confunda ser ocupado com ser importante. Quem está o tempo todo apagando incêndio dificilmente está construindo algo.
tw_466,tw/tw_466.jpg,"Quem leu o processo inteiro, ensaiou as perguntas e organizou os documentos entra na audiência com mais tranquilidade. Em negociação com banco funciona igual: números na mão e argumentos revisados. Preparar é metade do trabalho.

Leonardo Rezende
Especialista em dívidas empresariais

#advocacia #preparo #audiencia #negociacao #dividasempresariais",pronto,Uma coisa que a advocacia me ensinou: quem se prepara antes da audiência já começou a vencer. Improviso é para quem não leu o processo.
tw_467,tw/tw_467.jpg,"Reclamar alivia na hora, mas não resolve o problema e gasta a energia que seria usada para agir. Troque o que absurdo por o que eu posso fazer agora. Às vezes a resposta é pequena, mas já é movimento.

Leonardo Rezende
Especialista em dívidas empresariais

#acao #mentalidade #foco #responsabilidade #empreendedorismo",pronto,Parar de reclamar é o primeiro passo para mudar qualquer coisa. Reclamação gasta a energia que a ação precisaria.
tw_468,tw/tw_468.jpg,"Atrás de cada serviço bem feito há pressão, noites curtas e uma responsabilidade que o cliente nem imagina. Mesmo assim, ele percebe quando o profissional trabalha com seriedade. Vale para qualquer área, e quase sempre é notado.

Leonardo Rezende
Especialista em dívidas empresariais

#profissionalismo #seriedade #advocacia #carreira #responsabilidade",pronto,Pouca gente enxerga o desgaste emocional por trás da profissão. Mas todos sentem a diferença quando o profissional entrega com seriedade.
tw_469,tw/tw_469.jpg,"Cansaço é sinal para ajustar o ritmo, e dormir, comer bem e fazer pausa fazem parte do trabalho. Desistir é uma decisão diferente. Antes de abandonar o que começou, descanse e olhe de novo com a cabeça mais fresca.

Leonardo Rezende
Especialista em dívidas empresariais

#descanso #persistencia #equilibrio #empreendedorismo #mentalidade",pronto,"Lembrete para quem está cansado: cansado, pode descansar. Desistir é outra conversa. Uma coisa é parar para respirar. Outra é abandonar o que você começou."
tw_470,tw/tw_470.jpg,"Ninguém mantém a atenção o tempo todo sem se distrair. O treino é perceber que a mente saiu do lugar e trazer de volta. Cada retorno é uma repetição, como na academia, e com o tempo a volta fica mais rápida.

Leonardo Rezende
Especialista em dívidas empresariais

#foco #atencao #concentracao #produtividade #habitos",pronto,Foco não é nascer com ele. É treinar a volta toda vez que a atenção foge.
tw_471,tw/tw_471.jpg,"Empresário, empregado e estudante têm a mesma quantidade de horas. A diferença está em quem as trata como recurso limitado: anota onde gasta, corta o que não rende e protege as horas mais produtivas. Que tal anotar o seu dia por uma semana?

Leonardo Rezende
Especialista em dívidas empresariais

#tempo #gestaodotempo #produtividade #empreendedorismo #organizacao",pronto,Todo mundo tem as mesmas 24 horas. Mas nem todo mundo as trata como se fossem escassas.
tw_472,tw/tw_472.jpg,"Retornar a ligação no mesmo dia, mandar a nota quando prometeu, entregar na data combinada. Esses detalhes parecem pequenos, mas são o que o cliente lembra. Palavra cumprida é um ativo barato de manter e caro de repor.

Leonardo Rezende
Especialista em dívidas empresariais

#reputacao #credibilidade #profissionalismo #empreendedorismo #atendimento",pronto,"Atender o telefone, responder a mensagem, cumprir o combinado: coisas pequenas que constroem uma reputação grande."
tw_473,tw/tw_473.jpg,"Qualquer coisa nova, seja planilha, falar em público ou negociar, começa desajeitada. Isso é normal e não quer dizer que você não leva jeito. Com repetição o desajeito diminui, e com mais repetição vira habilidade.

Leonardo Rezende
Especialista em dívidas empresariais

#aprendizado #pratica #evolucao #habilidades #mentalidade",pronto,Uma habilidade nova começa feia. Treino depois de treino ela fica menos feia. Mais treino e ela vira talento.
tw_474,tw/tw_474.jpg,"Fazer só o que dá vontade rende pouco, e fazer o que é preciso garante o básico. Agora, cumprir o que precisa quando a vontade não aparece, como ligar para cobrar ou revisar um contrato, é o que diferencia o profissional.

Leonardo Rezende
Especialista em dívidas empresariais

#disciplina #compromisso #responsabilidade #empreendedorismo #mentalidade",pronto,"Se você faz só o que tem vontade, faz pouco. Se faz o que precisa, faz o suficiente. Se faz o que precisa mesmo sem vontade, faz a diferença."
tw_475,tw/tw_475.jpg,"Quem você vai ser daqui a um ano está sendo desenhado pelo que você repete hoje: hora de acordar, estudo, controle do caixa. E também pelo que você empurra com a barriga. Vale dar uma olhada honesta nas duas listas.

Leonardo Rezende
Especialista em dívidas empresariais

#habitos #evolucao #rotina #disciplina #mentalidade",pronto,A pessoa que você quer ser está sendo construída agora. Nos hábitos que você insiste em manter e nos que você insiste em adiar.
tw_476,tw/tw_476.jpg,"Estudar cansa, mas o cansaço passa quando a aula termina. Não saber um assunto central do seu negócio custa mais: você decide errado, assina o que não entendeu, paga caro por falta de informação. Aprender antes costuma sair mais barato.

Leonardo Rezende
Especialista em dívidas empresariais

#estudo #aprendizado #conhecimento #empreendedorismo #dividasempresariais",pronto,A dor de estudar é passageira. A dor de não saber é permanente.
tw_477,tw/tw_477.jpg,"Todo mundo tem dia ruim: venda que caiu, cliente que reclamou, cansaço acumulado. Ele só estraga a trajetória se virar abandono. Quem aparece mesmo rendendo pouco mantém o ritmo e tende a levar vantagem a longo prazo.

Leonardo Rezende
Especialista em dívidas empresariais

#constancia #rotina #persistencia #empreendedorismo #disciplina",pronto,Uma coisa que a rotina me ensinou: dia ruim não estraga a trajetória. Desistir estraga. Quem aparece até no dia ruim chega mais longe do que quem só aparece no dia bom.
tw_478,tw/tw_478.jpg,"Muita gente para no terceiro mês, quando o entusiasmo do início já passou e o resultado ainda não veio. Só dá para saber o que você consegue se passar dessa fase. Antes de desistir, estipule um prazo justo e avalie com dados.

Leonardo Rezende
Especialista em dívidas empresariais

#persistencia #constancia #potencial #empreendedorismo #mentalidade",pronto,A pessoa que desiste no mês três nunca conhece a que seria no mês doze. Você só descobre o seu potencial depois de continuar.
tw_479,tw/tw_479.jpg,"O que você consome influencia o que você produz: notícia ruim o dia inteiro, conversa negativa, informação de má qualidade. Escolha com cuidado o que lê, ouve e acompanha, porque isso aparece nas suas decisões e no seu trabalho.

Leonardo Rezende
Especialista em dívidas empresariais

#foco #mentalidade #informacao #aprendizado #empreendedorismo",pronto,O que você deixa entrar na sua cabeça hoje define o que sai das suas mãos amanhã.
tw_480,tw/tw_480.jpg,"Na academia, o músculo se fortalece depois de pequenas microlesões e do descanso. Com o caráter acontece algo parecido: situações desconfortáveis, como uma cobrança difícil ou uma perda, é que moldam a firmeza. Desconforto não significa que algo deu errado.

Leonardo Rezende
Especialista em dívidas empresariais

#crescimento #resiliencia #carater #evolucao #mentalidade",pronto,"Quando a dor do crescimento incomodar, lembre: músculo só cresce depois de rompido. Caráter também."
tw_481,tw/tw_481.jpg,"Uma petição bem escrita pede leitura, pesquisa, revisão e paciência. Pouca gente quer gastar esse tempo, por isso quem gasta se destaca sem precisar correr. Vale para texto, projeto ou proposta: o capricho aparece no resultado.

Leonardo Rezende
Especialista em dívidas empresariais

#advocacia #excelencia #dedicacao #profissionalismo #carreira",pronto,Escrever uma peça excelente exige tempo. Muita gente não está disposta a investir esse tempo. Quem está se destaca sem nenhuma pressa.
tw_482,tw/tw_482.jpg,"Tese bem construída às vezes perde, e isso frustra. Mesmo assim, o hábito de trabalhar direito é o que se leva para o próximo caso. Com o tempo, sempre aparece alguém, cliente ou colega, que enxerga a qualidade do que foi feito.

Leonardo Rezende
Especialista em dívidas empresariais

#advocacia #resiliencia #frustracao #profissionalismo #mentalidade",pronto,"Quem trabalha com o direito aprende a lidar com a frustração. Nem toda boa tese é acolhida, e nem toda decisão é justa. Mas o trabalho bem feito sempre é reconhecido por alguém."
tw_483,tw/tw_483.jpg,"Deixe o celular em outra mesa, a bancada limpa e o horário de cada tarefa definido. Quando o ambiente ajuda, você gasta menos esforço para se manter focado. É mais fácil mudar o lugar do que lutar contra a tentação o dia inteiro.

Leonardo Rezende
Especialista em dívidas empresariais

#disciplina #ambiente #foco #produtividade #organizacao",pronto,"Cuide do seu ambiente. Mesa limpa, celular longe, rotina clara. Ambiente certo faz metade da disciplina."
tw_484,tw/tw_484.jpg,"Processo, contrato, prazo, negociação: o que fica sem acompanhamento perde o fio. O prazo vence, o documento some, quem atendia você muda de cargo. Defina o que não pode se perder e reserve um horário fixo na semana para checar.

Leonardo Rezende
Especialista em dívidas empresariais

#acompanhamento #organizacao #prazos #dividasempresariais #advocacia",pronto,"O processo parado ensina: se você não acompanha, ele envelhece sozinho. Acompanhe de perto aquilo que não pode se perder."
tw_485,tw/tw_485.jpg,"Entregar com pressa gera retrabalho: erro de digitação, documento esquecido, argumento incompleto. Gastar um pouco mais de tempo na primeira vez evita ter que refazer tudo depois. Na prática, a calma economiza.

Leonardo Rezende
Especialista em dívidas empresariais

#advocacia #calma #qualidade #profissionalismo #produtividade",pronto,"A pressa em advogar custa caro. Quem faz com calma, faz uma vez. Quem faz com pressa, faz duas."
tw_486,tw/tw_486.jpg,"Antes da audiência, vale imaginar cada pergunta difícil que podem fazer e treinar a resposta. Quando ela chega, você já passou por aquilo na cabeça. Para quem vê de fora parece sorte, mas foi preparação.

Leonardo Rezende
Especialista em dívidas empresariais

#advocacia #preparo #audiencia #profissionalismo #estudo",pronto,Quem prepara bem uma audiência não precisa de sorte. Já passou por todas as perguntas possíveis na própria cabeça.
tw_487,tw/tw_487.jpg,"Tratar bem o garçom, o funcionário e o cliente que atrasou o pagamento não é fraqueza. Quem humilha para mostrar poder normalmente está inseguro. Firmeza e educação convivem no mesmo profissional.

Leonardo Rezende
Especialista em dívidas empresariais

#gentileza #lideranca #maturidade #respeito #empreendedorismo",pronto,Gentileza é uma forma de força. Quem precisa humilhar alguém para se sentir forte ainda não descobriu o que é ser.
tw_488,tw/tw_488.jpg,"Todo negócio que deu certo tem história de erro, de projeto que não vingou, de mês ruim. Falhar faz parte de tentar. Se você nunca errou, talvez ainda não tenha arriscado o bastante para aprender algo novo.

Leonardo Rezende
Especialista em dívidas empresariais

#fracasso #aprendizado #persistencia #empreendedorismo #mentalidade",pronto,Fracasso não é o contrário do sucesso. É parte do caminho. Quem nunca falhou provavelmente nunca tentou o suficiente.
tw_489,tw/tw_489.jpg,"O medo de errar faz muita gente adiar por anos: abrir a empresa, renegociar a dívida, mudar de área. O medo é normal, mas vira problema quando decide por você. Dá para testar em escala pequena antes de apostar tudo.

Leonardo Rezende
Especialista em dívidas empresariais

#coragem #medo #decisoes #empreendedorismo #dividasempresariais",pronto,Quem teme o fracasso nunca descobre do que é capaz. O medo de errar mantém muita gente no mesmo lugar por anos.
tw_490,tw/tw_490.jpg,"No direito, quem alega precisa provar. Na vida profissional é parecido: reputação, competência e confiança se provam com atitudes repetidas ao longo do tempo. Cada entrega no prazo e cada promessa cumprida entra nessa conta.

Leonardo Rezende
Especialista em dívidas empresariais

#advocacia #reputacao #credibilidade #constancia #profissionalismo",pronto,O que o direito me ensinou sobre a vida: tudo depende de prova. E as provas mais fortes são as que se constroem no dia a dia.
tw_491,tw/tw_491.jpg,"Opinião demais, notícia demais, concorrente, rede social: o mundo está sempre gritando. Para não se perder no meio disso, tenha claro o que você quer e para onde está indo. A direção firme é o que permite filtrar o resto.

Leonardo Rezende
Especialista em dívidas empresariais

#foco #direcao #clareza #mentalidade #empreendedorismo",pronto,O barulho do mundo é alto. A sua direção precisa ser mais alta ainda.
tw_492,tw/tw_492.jpg,"Quem acha que já sabe tudo para de ler, de perguntar e de revisar o que faz. Só que lei muda, mercado muda, cliente muda. Manter a curiosidade é um jeito simples de continuar atualizado.

Leonardo Rezende
Especialista em dívidas empresariais

#aprendizado #humildade #curiosidade #carreira #empreendedorismo",pronto,"Seja um eterno aprendiz. No dia em que você acha que sabe tudo, começa a ficar para trás."
tw_493,tw/tw_493.jpg,"Perdeu uma venda, uma causa, um contrato? Antes de virar a página, pergunte o que deu errado e o que dá para ajustar. Esquecer rápido é confortável, mas joga fora a única parte útil da derrota.

Leonardo Rezende
Especialista em dívidas empresariais

#aprendizado #derrota #erros #evolucao #empreendedorismo",pronto,Cada derrota guarda uma lição. Quem tem pressa de esquecer perde o aprendizado. Quem encara o erro ganha uma nova perspectiva.
tw_494,tw/tw_494.jpg,"Livro, artigo e relato de quem já passou pelo problema trazem anos de experiência em poucas horas. Quem lê evita parte dos tombos. Quem não lê acaba descobrindo tudo na prática, com o custo saindo do próprio bolso.

Leonardo Rezende
Especialista em dívidas empresariais

#leitura #aprendizado #conhecimento #empreendedorismo #mentalidade",pronto,Ler é uma forma barata de viver mil vidas e aprender com os erros dos outros. Quem não lê repete os erros todos sozinho.
tw_495,tw/tw_495.jpg,"Ouvir não do banco, do cliente ou do sócio incomoda. Reagir com calma, perguntar o motivo e ajustar a proposta mostra maturidade. Muitas vezes o não vem com uma pista do que ainda precisa melhorar.

Leonardo Rezende
Especialista em dívidas empresariais

#maturidade #negociacao #inteligenciaemocional #empreendedorismo #dividasempresariais",pronto,Saber ouvir um “não” com serenidade é uma das maiores provas de maturidade. Cresce quem aprende com a negativa.
tw_496,tw/tw_496.jpg,"Ninguém bate palma para quem acorda cedo todo dia, confere o caixa toda semana e estuda quando não tem plateia. É trabalho repetitivo e, às vezes, solitário. Ainda assim, é o que segura o resultado quando a empolgação vai embora.

Leonardo Rezende
Especialista em dívidas empresariais

#constancia #rotina #disciplina #persistencia #empreendedorismo",pronto,"O que ninguém conta sobre a constância: ela é solitária, repetitiva e sem aplauso. E mesmo assim é a que mais compensa."
tw_497,tw/tw_497.jpg,"Anunciar o plano antes da hora traz aplauso antecipado e diminui a vontade de executar. Faça primeiro e mostre depois. Uma entrega bem feita, sem alarde, convence mais do que dez promessas.

Leonardo Rezende
Especialista em dívidas empresariais

#discricao #execucao #resultado #empreendedorismo #mentalidade",pronto,"Não conte tudo que vai fazer. Faça, e deixe que o resultado fale. Pouca coisa é mais forte do que uma entrega silenciosa."
tw_498,tw/tw_498.jpg,"Ter uma meta é saber para onde ir. A rotina é o que leva você até lá, passo a passo. Quem define o destino, mas não organiza o dia a dia, fica olhando o mapa e não sai do lugar.

Leonardo Rezende
Especialista em dívidas empresariais

#metas #rotina #planejamento #disciplina #empreendedorismo",pronto,"A meta é o destino. A rotina é o transporte. Sem transporte, o destino fica só no mapa."
tw_499,tw/tw_499.jpg,"O passado ficou como está: a dívida contraída, a decisão errada, o tempo perdido. O que dá para mudar é a próxima ação. Começar hoje, mesmo com atraso, já altera o rumo do que vem a seguir.

Leonardo Rezende
Especialista em dívidas empresariais

#recomeco #decisoes #acao #dividasempresariais #mentalidade",pronto,Não tem como voltar atrás e mudar o começo. Mas dá para começar agora e mudar o final.
tw_500,tw/tw_500.jpg,"Vaidade busca elogio rápido: curtida, título, aparência. Mérito é entregar o trabalho bem feito. A primeira some quando a atenção muda, enquanto o segundo continua valendo para clientes e parceiros.

Leonardo Rezende
Especialista em dívidas empresariais

#merito #humildade #profissionalismo #empreendedorismo #mentalidade",pronto,A vaidade quer ser vista. O mérito quer ser entregue. A primeira passa. O segundo fica.
tw_501,tw/tw_501.jpg,"Ninguém confia em você porque você pediu. Confia porque viu acontecer, uma vez, depois outra, depois mais dez. É um processo lento, mas é o único que se sustenta quando a pressão aparece.

Leonardo Rezende
Especialista em dívidas empresariais

#confianca #reputacao #profissionalismo #advocacia #constancia",novo3,"Confiança não se declara. Se constrói em pequenas entregas, repetidas por tempo suficiente para ninguém mais precisar perguntar."
tw_502,tw/tw_502.jpg,"Responder no horário, avisar do atraso, entregar o que disse que entregava. Parece pouco, mas é assim que as pessoas decidem se vale a pena confiar um assunto grande a você.

Leonardo Rezende
Especialista em dívidas empresariais

#cumprirocombinado #confianca #palavra #profissionalismo #advocacia",novo3,Quem cumpre o combinado em coisa pequena ganha o direito de ser ouvido nas grandes. Confiança é construída no detalhe.
tw_503,tw/tw_503.jpg,"Em momento de crise, quem corre sem direção só aumenta a bagunça. Respirar, organizar os fatos e definir o próximo passo não é lentidão, é jeito de agir com segurança.

Leonardo Rezende
Especialista em dívidas empresariais

#calma #crise #inteligenciaemocional #mentalidade #advocacia",novo3,Não confunda calma com falta de urgência. Calma é a decisão de pensar antes de agir quando todo mundo ao redor está correndo.
tw_504,tw/tw_504.jpg,"É no detalhe que ninguém vai checar que o seu nome é de fato feito. Um prazo cumprido sem cobrança, uma informação dita com honestidade, uma revisão a mais antes de enviar.

Leonardo Rezende
Especialista em dívidas empresariais

#reputacao #integridade #profissionalismo #carreira #advocacia",novo3,Reputação leva anos para ser construída e minutos para ser perdida. Cuide dela nas coisas que ninguém confere.
tw_505,tw/tw_505.jpg,"Ninguém acorda íntegro de uma hora para outra. A gente vai se tornando quem é nas decisões pequenas, principalmente nas que custam um pouco mais e ninguém aplaude.

Leonardo Rezende
Especialista em dívidas empresariais

#carater #integridade #valores #reflexao #advocacia",novo3,Qual foi a última vez que você fez algo difícil só porque era o certo a fazer? Caráter se treina em escolhas assim.
tw_506,tw/tw_506.jpg,"Quase sempre o dia não rende porque tudo parece importante ao mesmo tempo. Quando você separa o essencial do resto logo cedo, a cabeça fica mais leve e o trabalho anda.

Leonardo Rezende
Especialista em dívidas empresariais

#foco #produtividade #organizacao #rotina #disciplina",novo3,"Três perguntas antes de começar o dia: o que é essencial, o que pode esperar e a que posso dizer não. Foco nasce de escolha."
tw_507,tw/tw_507.jpg,"Todo mundo erra, e a diferença está no que vem depois. Dá para gastar energia justificando ou dá para usar a mesma energia para entender o que falhou e ajustar.

Leonardo Rezende
Especialista em dívidas empresariais

#aprendizado #erros #evolucao #humildade #mentalidade",novo3,Quem aprende rápido com o erro não é quem erra menos. É quem tem coragem de olhar para ele sem desculpa.
tw_508,tw/tw_508.jpg,"A semente também parece não fazer nada por um tempo, e é nesse período que a raiz cresce. Muita gente desiste justo quando a base estava quase pronta.

Leonardo Rezende
Especialista em dívidas empresariais

#paciencia #constancia #persistencia #trabalho #mentalidade",novo3,Paciência não é ficar de braços cruzados. É seguir fazendo a sua parte com atenção enquanto o tempo faz a dele.
tw_509,tw/tw_509.jpg,"A gente costuma olhar só para a conquista e esquecer da rotina que a sustentou. O que parece sorte de fora geralmente é uma pilha de dias iguais, feitos com cuidado.

Leonardo Rezende
Especialista em dívidas empresariais

#constancia #rotina #esforco #trabalho #disciplina",novo3,Ninguém vê quantos dias comuns existem por trás de um resultado bonito. Mas foi o dia comum que o fez acontecer.
tw_510,tw/tw_510.jpg,"Esperar vontade para começar é um bom jeito de nunca começar. Quando existe horário, método e compromisso, o trabalho acontece até nos dias em que a empolgação não veio.

Leonardo Rezende
Especialista em dívidas empresariais

#disciplina #motivacao #rotina #habitos #constancia",novo3,"Não terceirize sua disciplina para a motivação. Motivação vai e volta, depende do dia. Rotina fica, e é ela que sustenta o trabalho."
tw_511,tw/tw_511.jpg,"Dizer ""vou tentar"" é confortável, porque deixa uma porta aberta para a desculpa. Assumir um compromisso claro assusta mais, mas é o que faz as pessoas acreditarem em você.

Leonardo Rezende
Especialista em dívidas empresariais

#compromisso #palavra #responsabilidade #confianca #advocacia",novo3,"Quem diz ""vou ver o que dá"" quase sempre já decidiu não se esforçar. Comprometer-se é dizer o que vai fazer e fazer."
tw_512,tw/tw_512.jpg,"Organização financeira não é para ficar rico de um dia para o outro. É para você poder decidir com a cabeça fria, sem que o mês aperte e te empurre para a primeira saída.

Leonardo Rezende
Especialista em dívidas empresariais

#dinheiro #educacaofinanceira #organizacao #financas #mentalidade",novo3,Dinheiro bem cuidado dá sossego. Dinheiro mal cuidado dá pressa. E decisão tomada com pressa costuma sair cara.
tw_513,tw/tw_513.jpg,"Adiar o assunto desconfortável quase nunca resolve, só deixa tudo maior. Falar com clareza e respeito logo no começo poupa tempo, desgaste e muita dor de cabeça.

Leonardo Rezende
Especialista em dívidas empresariais

#comunicacao #clareza #relacionamentos #profissionalismo #advocacia",novo3,"Uma conversa difícil, feita no momento certo, evita dez conversas piores depois. Quem adia só aumenta o tamanho do assunto."
tw_514,tw/tw_514.jpg,"Dizer o que o cliente quer ouvir resolve o dia, mas cria um problema para a semana seguinte. Quem fala a verdade com cuidado pode até incomodar agora, mas ganha confiança por muito tempo.

Leonardo Rezende
Especialista em dívidas empresariais

#honestidade #atendimento #clientes #confianca #advocacia",novo3,"Responda o cliente com clareza, mesmo quando a resposta não for a que ele queria ouvir. Honestidade fideliza mais que otimismo."
tw_515,tw/tw_515.jpg,"Raramente é um grande gesto que separa o trabalho bom do trabalho excelente. São dezenas de atenções miúdas, repetidas todos os dias, que ninguém percebe até faltarem.

Leonardo Rezende
Especialista em dívidas empresariais

#excelencia #detalhes #qualidade #profissionalismo #advocacia",novo3,"Excelência é uma soma de pequenos cuidados: revisar uma vez a mais, confirmar o horário, explicar de novo sem pressa."
tw_516,tw/tw_516.jpg,"Profissional sério não vende certeza onde ela não existe. Ele mostra o caminho, os riscos e a sua parte da responsabilidade, e isso vale muito mais que uma promessa bonita.

Leonardo Rezende
Especialista em dívidas empresariais

#transparencia #honestidade #etica #confianca #advocacia",novo3,"Desconfie de quem promete tudo. Confie em quem explica o que é possível, o que não é e o que depende de você."
tw_517,tw/tw_517.jpg,"Muita gente tem facilidade e para por aí. Quem estuda, treina e se prepara além do necessário continua sendo chamado mesmo depois que a novidade passa.

Leonardo Rezende
Especialista em dívidas empresariais

#preparacao #talento #estudo #carreira #disciplina",novo3,"O talento abre a porta. Quem segura a porta aberta é a preparação, feita com antecedência e longe dos holofotes."
tw_518,tw/tw_518.jpg,"Nem toda vontade de parar significa que você está no caminho errado. Às vezes você só precisa dormir melhor, às vezes precisa ajustar o plano. O importante é descobrir qual dos dois é.

Leonardo Rezende
Especialista em dívidas empresariais

#equilibrio #persistencia #descanso #mentalidade #autoconhecimento",novo3,Cansaço pede descanso. Desânimo pede revisão de rota. Saber distinguir os dois evita muita desistência desnecessária.
tw_519,tw/tw_519.jpg,"A semana começa igual para todo mundo, e o que muda é o que a gente faz com as primeiras horas. Começar com uma tarefa importante já define o ritmo do resto.

Leonardo Rezende
Especialista em dívidas empresariais

#segundafeira #foco #habitos #produtividade #disciplina",novo3,"Existem três tipos de segunda-feira: a que você teme, a que você adia e a que você usa. Só a terceira muda alguma coisa."
tw_520,tw/tw_520.jpg,"Quem domina o assunto costuma falar com calma, porque não está tentando convencer a si mesmo. A segurança que impressiona é a que nasce de estudo e de experiência.

Leonardo Rezende
Especialista em dívidas empresariais

#autoridade #seguranca #preparacao #advocacia #confianca",novo3,Autoridade não vem do tom de voz alto. Vem de quem sabe do que está falando e não precisa provar isso a ninguém.
tw_521,tw/tw_521.jpg,"Boa parte dos mal-entendidos vem de respostas dadas antes de a pergunta terminar. Ouvir com atenção mostra respeito e ainda traz os detalhes que fazem toda a diferença.

Leonardo Rezende
Especialista em dívidas empresariais

#escuta #comunicacao #atencao #relacionamentos #advocacia",novo3,Quem escuta até o fim antes de responder já resolveu metade do problema. A pressa de falar custa informação.
tw_522,tw/tw_522.jpg,"Ninguém começa bom. O que muda a trajetória é continuar mesmo quando o primeiro resultado desanima. Cada tentativa mal feita ensina algo que uma boa não ensinaria.

Leonardo Rezende
Especialista em dívidas empresariais

#evolucao #progresso #melhoriacontinua #mentalidade #constancia",novo3,"Quem vê só o resultado final não imagina quantas versões ruins vieram antes. Evoluir é aceitar ser mediano por um tempo, sem parar de tentar."
tw_523,tw/tw_523.jpg,"Quem atrasa sem avisar passa a mensagem de que o tempo do outro vale menos que o seu. Quem entrega no dia combinado, ou avisa antes quando não dá, constrói uma imagem que o dinheiro não compra.

Leonardo Rezende
Especialista em dívidas empresariais

#prazo #respeito #responsabilidade #profissionalismo #advocacia",novo3,"Prazo é uma forma de respeito: com o cliente, com o colega, com você mesmo. Cumpri-lo é dizer que a confiança do outro importa."
tw_524,tw/tw_524.jpg,"Ninguém nasce seguro para fazer uma sustentação, fechar uma reunião ou conduzir uma negociação. A firmeza que as pessoas veem é o resultado de muitas horas que ninguém viu.

Leonardo Rezende
Especialista em dívidas empresariais

#estudo #confianca #preparacao #bastidores #advocacia",novo3,Quem estuda em silêncio hoje fala com segurança amanhã. A confiança que parece natural quase sempre foi treinada fora de cena.
tw_525,tw/tw_525.jpg,"Quantas vezes você ganhou tempo correndo e perdeu o dobro consertando? Parar um minuto para revisar costuma ser o atalho mais honesto que existe.

Leonardo Rezende
Especialista em dívidas empresariais

#qualidade #retrabalho #foco #organizacao #produtividade",novo3,"A pressa tem um preço escondido: o retrabalho. Fazer certo na primeira vez parece lento, mas é o caminho mais curto."
tw_526,tw/tw_526.jpg,"Quando a gente muda o olhar, o fardo vira reconhecimento. Se te deram um assunto importante, é porque acreditam que você dá conta, e esse voto de confiança merece cuidado.

Leonardo Rezende
Especialista em dívidas empresariais

#responsabilidade #confianca #maturidade #carreira #advocacia",novo3,Responsabilidade não é peso. É a prova de que alguém confia em você para algo que importa.
tw_527,tw/tw_527.jpg,"A sensação de estar totalmente pronto não chega, e esperar por ela só atrasa tudo. O aprendizado de verdade acontece quando você já está em movimento e ajustando.

Leonardo Rezende
Especialista em dívidas empresariais

#coragem #comecar #evolucao #acao #mentalidade",novo3,"Não espere se sentir pronto. Ninguém se sente. Prepare-se o que der, comece e termine de se preparar no caminho."
tw_528,tw/tw_528.jpg,"Se hoje você sente que trabalha muito e quase ninguém percebe, talvez esteja exatamente nessa fase. É nela que se aprende o ofício e se ganha o fôlego para o que vem depois.

Leonardo Rezende
Especialista em dívidas empresariais

#carreira #bastidores #persistencia #trabalho #constancia",novo3,Toda carreira sólida tem um período em que ninguém aplaudia. Foi nesse período que a base ficou pronta.
tw_529,tw/tw_529.jpg,"Sem critério, a agenda vira lista de pedidos dos outros. Escolher com cuidado onde colocar suas horas é uma das formas mais práticas de cuidar do que realmente importa.

Leonardo Rezende
Especialista em dívidas empresariais

#agenda #tempo #foco #organizacao #produtividade",novo3,Quem controla a própria agenda controla boa parte da própria vida. O mundo vai pedir seu tempo. Decida o que merece.
tw_530,tw/tw_530.jpg,"A integridade só é testada quando existe um preço a pagar. É ali, no momento desconfortável, que as pessoas descobrem quem você é de verdade.

Leonardo Rezende
Especialista em dívidas empresariais

#integridade #etica #reputacao #valores #advocacia",novo3,"Fazer o certo quando custa caro é o que define o seu nome. Fazer o certo quando é fácil, qualquer um faz."
tw_531,tw/tw_531.jpg,"Ninguém espera que você nunca erre. O que as pessoas esperam é que você diga, explique e corrija. Assumir logo é desconfortável, mas protege a sua credibilidade.

Leonardo Rezende
Especialista em dívidas empresariais

#erros #honestidade #responsabilidade #confianca #advocacia",novo3,"Um erro admitido cedo custa pouco. Um erro escondido cresce, vira problema e custa a confiança de quem acreditou em você."
tw_532,tw/tw_532.jpg,"Olhar para o problema inteiro de uma vez paralisa. Dividir em partes pequenas devolve a sensação de controle e deixa a cabeça no lugar para tomar uma boa decisão.

Leonardo Rezende
Especialista em dívidas empresariais

#crise #calma #pressao #foco #mentalidade",novo3,"Quando a pressão aumenta, volte ao básico: respire, organize os fatos, defina o próximo passo. Crise se atravessa um passo por vez."
tw_533,tw/tw_533.jpg,"Dá vontade de acelerar, e é natural. Mas cada etapa pulada reaparece mais tarde como um erro que poderia ter sido evitado. O caminho completo, no fim, costuma ser o mais rápido.

Leonardo Rezende
Especialista em dívidas empresariais

#evolucao #metodo #aprendizado #feedback #disciplina",novo3,"Evolução não tem atalho, mas tem método: estudar, praticar, receber feedback e repetir. Quem pula etapa volta para buscá-la."
tw_534,tw/tw_534.jpg,"Indicação não se compra, se conquista. Quem entrega com cuidado e trata o outro com respeito vira assunto bom nas conversas em que você nem está presente.

Leonardo Rezende
Especialista em dívidas empresariais

#reputacao #indicacao #qualidade #trabalho #advocacia",novo3,"Trabalho bem feito é o melhor marketing. Ele não grita, mas é lembrado, comentado e indicado por quem já viu de perto."
tw_535,tw/tw_535.jpg,"Resultado conquistado de qualquer jeito pesa depois. Prefiro o caminho que me deixa dormir tranquilo, mesmo que seja um pouco mais longo e trabalhoso.

Leonardo Rezende
Especialista em dívidas empresariais

#sucesso #integridade #etica #valores #reflexao",novo3,"Sucesso, para mim, é poder olhar para trás e não ter vergonha de nenhum atalho que tomei no caminho até aqui."
tw_536,tw/tw_536.jpg,"Quanto mais tempo de estrada, maior a tentação de achar que já sabe tudo. Quem mantém a curiosidade e aceita ouvir continua crescendo quando muitos já pararam.

Leonardo Rezende
Especialista em dívidas empresariais

#humildade #aprendizado #experiencia #evolucao #advocacia",novo3,Humildade é o que faz um profissional continuar aprendendo depois de ser chamado de experiente.
tw_537,tw/tw_537.jpg,"Vai ter dia em que a vontade não aparece, e tudo bem. O hábito foi feito justamente para esses dias, quando você faz o que precisa ser feito porque assumiu esse compromisso.

Leonardo Rezende
Especialista em dívidas empresariais

#constancia #habitos #disciplina #rotina #persistencia",novo3,"Constância é fazer mesmo sem vontade, sem aplauso e sem ver resultado ainda. A vontade é visita. O hábito é morador."
tw_538,tw/tw_538.jpg,"Meia hora por dia parece pouco, mas, ao fim de um ano, são mais de cento e oitenta horas de aprendizado. Quase ninguém sente essa diferença no começo, e todo mundo percebe depois.

Leonardo Rezende
Especialista em dívidas empresariais

#estudo #aprendizado #rotina #desenvolvimento #disciplina",novo3,"Se a sua rotina não comporta nem 30 minutos de estudo por dia, ela precisa de revisão. Investir em si mesmo nunca é perda de tempo."
tw_539,tw/tw_539.jpg,"Sem registro, a gente repete o mesmo erro com roupa nova. Um caderno com as lições de cada situação difícil vira, com o tempo, o seu melhor material de estudo.

Leonardo Rezende
Especialista em dívidas empresariais

#aprendercomerros #aprendizado #erros #evolucao #reflexao",novo3,"Conselho de quem já errou bastante: anote o que aprendeu em cada tropeço. A memória esquece, o papel não."
tw_540,tw/tw_540.jpg,"Quem vive apagando incêndio não sobra tempo para construir nada. Reservar espaço para o que importa, mesmo quando ninguém está cobrando, é o que muda a direção da carreira.

Leonardo Rezende
Especialista em dívidas empresariais

#prioridades #foco #produtividade #tempo #organizacao",novo3,Nem toda urgência é importante. Nem toda coisa importante é urgente. Aprender a diferença poupa anos de correria.
tw_541,tw/tw_541.jpg,"A confiança está justamente nessa coerência entre palavra e ação. Quando o que você fala e o que você faz andam juntos, ninguém precisa ficar vigiando.

Leonardo Rezende
Especialista em dívidas empresariais

#coerencia #palavra #confianca #carater #advocacia",novo3,"Gente confiável tem um traço em comum: faz o que diz, mesmo quando mudar de ideia seria mais confortável."
tw_542,tw/tw_542.jpg,"Paciência sozinha não basta, é preciso fazer a parte que cabe a você todos os dias. O tempo cuida do resto, no ritmo dele e não no nosso.

Leonardo Rezende
Especialista em dívidas empresariais

#paciencia #disciplina #constancia #trabalho #mentalidade",novo3,A paciência de hoje é a colheita de amanhã. Mas só colhe quem plantou e regou com disciplina.
tw_543,tw/tw_543.jpg,"Os erros são o que dá corpo ao conhecimento. Quem passou por situações difíceis explica melhor, porque sabe onde as pessoas costumam tropeçar.

Leonardo Rezende
Especialista em dívidas empresariais

#aprendizado #erros #experiencia #evolucao #mentalidade",novo3,"Primeiro você aprende. Depois pratica. Depois erra. Depois ensina. Quem pula o ""errar"" ensina sem profundidade."
tw_544,tw/tw_544.jpg,"Reclamação desconfortável é, muitas vezes, a melhor consultoria que você vai receber. Ouvir sem se defender já ajuda a transformar o problema em aprendizado e em relação mais forte.

Leonardo Rezende
Especialista em dívidas empresariais

#clientes #feedback #atendimento #melhoria #advocacia",novo3,"Escute mais o cliente que reclama. Ele está dizendo, de graça, onde você pode melhorar. Quem ouve sem se defender evolui mais rápido."
tw_545,tw/tw_545.jpg,"Todo profissional que você admira já passou pela fase de insegurança e de dúvida. Olhar para o quanto você já avançou ajuda a manter o ritmo sem se desanimar.

Leonardo Rezende
Especialista em dívidas empresariais

#comparacao #evolucao #carreira #progresso #mentalidade",novo3,Não se compare com quem está no décimo ano. Compare-se com você no primeiro. Essa é a régua justa.
tw_546,tw/tw_546.jpg,"Cada compromisso novo tira tempo de outro. Saber recusar com educação o que não faz sentido agora é o que abre espaço para entregar bem o que realmente importa.

Leonardo Rezende
Especialista em dívidas empresariais

#foco #prioridades #escolhas #produtividade #disciplina",novo3,"Foco não é fazer mais coisas. É escolher poucas, entregar bem cada uma e aceitar que o resto vai esperar a sua vez."
tw_547,tw/tw_547.jpg,"A gente costuma cumprir o que combina com os outros e abrir mão do que combina consigo. Quando você passa a se levar a sério, a rotina deixa de depender de humor.

Leonardo Rezende
Especialista em dívidas empresariais

#disciplina #compromisso #respeito #habitos #mentalidade",novo3,Disciplina é tratar a promessa feita a si mesmo com o mesmo respeito que você tem pela promessa feita a um cliente.
tw_548,tw/tw_548.jpg,"Nem todo dia vai ser de alta performance, e tudo bem. O importante é não zerar. Quem mantém o mínimo nos dias difíceis chega mais longe do que quem só rende nos dias bons.

Leonardo Rezende
Especialista em dívidas empresariais

#constancia #rotina #persistencia #habitos #disciplina",novo3,"Há dias em que o melhor que dá para fazer é o básico. Faça o básico. Dia básico, repetido, vira ano consistente."
tw_549,tw/tw_549.jpg,"Falar de um jeito que o cliente compreenda é uma das maiores provas de preparo. Quem entende de verdade consegue traduzir o assunto sem precisar de palavras difíceis.

Leonardo Rezende
Especialista em dívidas empresariais

#comunicacao #clareza #didatica #advocacia #profissionalismo",novo3,"Quando você explica de forma simples, mostra que domina. Quando complica, quase sempre ainda está tentando entender."
tw_550,tw/tw_550.jpg,"Muitas vezes a primeira impressão já foi formada por quem falou de você antes de você chegar. Por isso, cada atitude conta, mesmo quando parece não ter plateia.

Leonardo Rezende
Especialista em dívidas empresariais

#reputacao #nome #credibilidade #carreira #advocacia",novo3,Cuide do seu nome como cuida do seu bem mais caro. Ele entra nas salas antes de você e fala por você quando você não está.
tw_551,tw/tw_551.jpg,"Fingir que compreendeu costuma custar bem mais caro lá na frente. Quem tem coragem de perguntar mostra segurança, e quase sempre desbloqueia a dúvida de mais gente na sala.

Leonardo Rezende
Especialista em dívidas empresariais

#duvidas #aprendizado #humildade #profissionalismo #comunicacao",novo3,"Perguntar ""não entendi"" é mais profissional do que fingir que entendeu. A dúvida resolvida hoje evita o erro de amanhã."
tw_552,tw/tw_552.jpg,"Ninguém fica sereno por acaso na hora difícil. Quem já pensou nos cenários, organizou os documentos e treinou a conversa consegue manter a cabeça fria quando o assunto aperta.

Leonardo Rezende
Especialista em dívidas empresariais

#calma #preparacao #crise #seguranca #advocacia",novo3,A calma de quem atravessa uma crise com tranquilidade tem uma origem só: preparação feita antes dela.
tw_553,tw/tw_553.jpg,"Quase todo mundo já adiou abrir o extrato por receio do que ia ver. Mas enxergar o tamanho real do problema é o que permite começar a pensar em saída, com calma e com método.

Leonardo Rezende
Especialista em dívidas empresariais

#dividas #financas #coragem #organizacaofinanceira #empreendedorismo",novo3,"Problema financeiro ignorado não desaparece. Cresce em silêncio. Olhar os números cedo, mesmo com medo, é um ato de coragem."
tw_554,tw/tw_554.jpg,"Chegar à mesa sem saber o que o caixa suporta é o jeito mais rápido de aceitar uma condição que depois não dá para cumprir. Preparo financeiro dá firmeza para conversar de igual para igual.

Leonardo Rezende
Especialista em dívidas empresariais

#negociacao #bancos #fluxodecaixa #organizacaofinanceira #dividasempresariais",novo3,"Antes de negociar com o banco, conheça os seus números: quanto entra, quanto sai e quanto cabe de parcela. Negociação começa em casa."
tw_555,tw/tw_555.jpg,"Em um mês difícil, cumprir a parcela combinada exige esforço. Mas é exatamente esse histórico de palavra mantida que abre portas e facilita conversas no futuro.

Leonardo Rezende
Especialista em dívidas empresariais

#honrarcompromissos #credito #confianca #financas #dividasempresariais",novo3,"Quem honra o acordo, mesmo apertado, constrói algo que dinheiro nenhum compra: crédito de confiança."
tw_556,tw/tw_556.jpg,"Anotar entradas e saídas com disciplina dá uma visão clara do que está acontecendo. Com informação em mãos, qualquer empresário, grande ou pequeno, decide melhor e se assusta menos.

Leonardo Rezende
Especialista em dívidas empresariais

#fluxodecaixa #gestaofinanceira #empreendedorismo #organizacao #dividasempresariais",novo3,Caixa organizado não é luxo de empresa grande. É o que permite decidir com calma quando o mês aperta.
tw_557,tw/tw_557.jpg,"Muita gente se sente envergonhada, e essa vergonha atrasa a busca por solução. Passar por uma fase difícil é parte da vida de quem empreende. O que conta é encarar e agir.

Leonardo Rezende
Especialista em dívidas empresariais

#dividas #empreendedorismo #resiliencia #financas #dividasempresariais",novo3,Dívida não define o caráter de ninguém. O que define é o que você faz depois de enxergá-la.
tw_558,tw/tw_558.jpg,"No aperto, a primeira proposta parece uma salvação, mas pode virar um problema maior adiante. Alguns dias para entender a situação e avaliar as alternativas costumam valer muito.

Leonardo Rezende
Especialista em dívidas empresariais

#fluxodecaixa #crise #decisao #calma #dividasempresariais",novo3,"Quando o fluxo de caixa aperta, a pior decisão é a feita no desespero. Pare, organize os números, converse e só então decida."
tw_559,tw/tw_559.jpg,"Quando tudo se mistura na mesma conta, fica difícil saber se o negócio está indo bem ou se só está sendo sustentado. A separação traz clareza, e clareza ajuda a decidir.

Leonardo Rezende
Especialista em dívidas empresariais

#gestaofinanceira #empreendedorismo #organizacao #fluxodecaixa #dividasempresariais",novo3,"Separe o dinheiro da empresa do dinheiro pessoal. Parece detalhe, mas é a base de qualquer organização financeira séria."
tw_560,tw/tw_560.jpg,"Quem chega com documentos organizados e proposta realista costuma ser levado mais a sério. Postura firme e educada tende a abrir mais espaço do que confronto.

Leonardo Rezende
Especialista em dívidas empresariais

#negociacao #preparacao #bancos #comunicacao #dividasempresariais",novo3,"Uma boa negociação não exige gritar nem ceder tudo. Exige preparo, números na mesa e disposição de ouvir o outro lado."
tw_561,tw/tw_561.jpg,"Tem gente que espera tudo piorar para procurar apoio, por orgulho ou por medo. Conversar logo no começo dá mais opções, mais tempo e menos desgaste para todo mundo.

Leonardo Rezende
Especialista em dívidas empresariais

#pedirajuda #prevencao #financas #empreendedorismo #dividasempresariais",novo3,"Pedir ajuda cedo custa menos do que pedir tarde. Vale para a saúde, para o trabalho e para o caixa da empresa."
tw_562,tw/tw_562.jpg,"Nenhum desses hábitos exige conhecimento técnico, só disciplina. Mas, repetidos com constância, eles evitam a maioria das surpresas desagradáveis que aparecem no fim do mês.

Leonardo Rezende
Especialista em dívidas empresariais

#fluxodecaixa #habitos #gestaofinanceira #disciplina #dividasempresariais",novo3,"Três hábitos que protegem o caixa: registrar toda saída, revisar o mês toda semana e nunca assumir parcela sem fazer a conta antes."
tw_563,tw/tw_563.jpg,"Uma proposta realista, mesmo menor, vale mais do que uma promessa bonita que quebra no segundo mês. Quando você cumpre o que propôs, a conversa seguinte tende a ser bem melhor.

Leonardo Rezende
Especialista em dívidas empresariais

#negociacao #bancos #honrarcompromissos #credito #dividasempresariais",novo3,"Prometer ao banco o que você não consegue pagar é adiar o problema, não resolver. Proponha o que cabe e cumpra."
tw_564,tw/tw_564.jpg,"O desconhecido assusta mais do que a realidade. Ver tudo no papel, mesmo que doa um pouco, transforma uma angústia vaga em uma lista de coisas que podem ser resolvidas uma de cada vez.

Leonardo Rezende
Especialista em dívidas empresariais

#financas #coragem #planejamento #organizacaofinanceira #dividasempresariais",novo3,"O medo de abrir a planilha costuma ser maior que o problema que está nela. Abra. Com os números na mão, dá para planejar."
tw_565,tw/tw_565.jpg,"Tomar crédito não é erro, o problema é fazer isso sem calcular o que o caixa aguenta lá na frente. Cinco minutos de planilha antes de assinar podem evitar anos de aperto.

Leonardo Rezende
Especialista em dívidas empresariais

#credito #planejamento #gestaofinanceira #empreendedorismo #dividasempresariais",novo3,"Crédito é ferramenta. Bem usado, constrói. Mal planejado, aprisiona. A diferença está na conta feita antes de assinar."
tw_566,tw/tw_566.jpg,"Não é preciso ser especialista em finanças. Basta saber quanto entra, quanto sai e o que vence nos próximos dias. Só isso já muda a qualidade das decisões.

Leonardo Rezende
Especialista em dívidas empresariais

#empreendedorismo #fluxodecaixa #gestaofinanceira #informacao #dividasempresariais",novo3,"Empresário que conhece o próprio caixa dorme melhor, negocia melhor e erra menos. Informação financeira também é paz de espírito."
tw_567,tw/tw_567.jpg,"Quem tem uma folga financeira negocia com mais tranquilidade, porque não precisa aceitar qualquer proposta. Montar essa reserva aos poucos já é uma forma de proteção.

Leonardo Rezende
Especialista em dívidas empresariais

#reservadecaixa #planejamentofinanceiro #empreendedorismo #seguranca #dividasempresariais",novo3,Reserva de caixa não é pessimismo. É o que permite dizer não a um mau negócio sem depender da sorte.
tw_568,tw/tw_568.jpg,"Quando a pressa é grande, a tentação é fechar qualquer coisa. Mas um acordo que não cabe no orçamento volta como dor de cabeça maior. Vale mais conversar até chegar a algo realista.

Leonardo Rezende
Especialista em dívidas empresariais

#acordo #negociacao #realismo #financas #dividasempresariais",novo3,Um bom acordo é aquele que as duas partes conseguem cumprir. Aceitar condição impossível só empurra o problema para a frente.
tw_569,tw/tw_569.jpg,"Todo negócio tem períodos de aperto, e vários deles são previsíveis. Quem olha o calendário financeiro com antecedência ganha tempo para se organizar e conversar sem estar no limite.

Leonardo Rezende
Especialista em dívidas empresariais

#planejamento #fluxodecaixa #antecipacao #gestaofinanceira #dividasempresariais",novo3,Planejar o mês difícil antes que ele chegue é a diferença entre reagir e conduzir. O caixa agradece a antecedência.
tw_570,tw/tw_570.jpg,"Olhar os números com regularidade, mesmo quando está tudo bem, cria o hábito de perceber cedo o que está fora do lugar. E quanto mais cedo se percebe, mais opções existem.

Leonardo Rezende
Especialista em dívidas empresariais

#fluxodecaixa #prevencao #gestaofinanceira #habitos #dividasempresariais",novo3,Fluxo de caixa é como pressão arterial: ninguém liga até dar problema. Acompanhe toda semana e as surpresas diminuem.
